:020000040000fa
:080000000001040000000000f3
:020000040000fa
:10020000cf6c2100007f2100000188000000000069
:100210000c000700a0852500010020001100070048
:10022000000020000000e000020032000000020098
:1002300000000000cc560200000000000040da0080
:100240000000fe004440a900000020000000e00083
:100250000300320000002000a00188004440a800f4
:100260000000060091018800800078000000eb008b
:1002700015003700e280400032a0b4009101ba00be
:10028000e280400032a0b4009102ba00e280400057
:1002900032a0b4000002eb00472bde00f507b200ed
:1002a000602ce10004003a000059eb008301e900f2
:1002b000fdff3e00040037006128e100010032002c
:1002c0000082eb00040007001101ba000200e00008
:1002d000e8ff3a00000006003159ba008301e90046
:1002e0000c0032002159ba008301e90008003200f5
:1002f0000400e00003003a00e280400032a0b400b5
:10030000f5ff370011d9ba008301e900faff3a007e
:100310008100e800e180400032a0b4000000060047
:10032000839f68000100e00002003d0060001000b3
:10033000e08018000300e00002003d0060011100b1
:10034000e0811900fc0007004f00e00002003b00c4
:1003500060001000e080180000000600889fbe00ca
:100360008a9fbe00010578000100e000040035000e
:1003700008003c000000e0002000320005003700cb
:1003800060001000e080180002003b0001f02c002b
:100390001a0037000004be006011b8006b0920008d
:1003a0000982cf00020039000882cf000441b0006a
:1003b000694252000e00320008003b008281710049
:1003c000610164008904d1000884d3008b05e80032
:1003d0000442e800f9ff3a00050037000804440031
:1003e00089844c008b05e9000442e900fbff3a00d8
:1003f0005a0107000af0a70001f0a0004f05be0057
:100400004f04be0000000600889fbe008a9fbe0009
:100410008c1f78000004be00760107000478a3005a
:1004200026003a006120e1002500320009f8a3000f
:1004300025003a006420e10021003200f507b100f8
:100440000508a3000200320000004000818048003f
:100450006044b800031020000200200000004000ab
:10046000818048000805440089854c000a05410048
:100470008b8549000a0550008b8558000300330026
:100480000a00be0002047400838474008301d1005a
:100490000281d300830f7100f0ff3a008904d1007c
:1004a0000884d3006001490082017800c1adde00fc
:1004b000fb07b000290107006c0137000960a000ac
:1004c0000800be00690137001202200052b6880001
:1004d000f0ff2f00f1ff2700640137000001be008c
:1004e000440107000470a70003f0a1006509b100f2
:1004f000160032000d0035006828e10006003500c6
:10050000f0ff2f00f1ff27000300e00013003b0085
:100510000100280000000500000040008180480024
:100520008502e900fcff3a0008003700f88f42001e
:1005300002003c008000eb00000005008100d100bb
:100540000080d3008502e800fcff3a000300e000d1
:1005500002003b0060001000e08018000000060070
:10056000889fbe008a9fbe008c1f7800460107004e
:100570003501330003866c006450e1002e00320028
:100580006420e100330032006150e1002f003200ae
:100590006120e1003100320085855500eb07b00095
:1005a000090020000804200005003700080444006a
:1005b00089844c000a0031000603430087834b0006
:1005c0000001530081815b00f8ff33000203be008d
:1005d0000800a0000804440089844c00f6ff39009c
:1005e000c639dd00830173000100320013002000d2
:1005f0008904d1000884d3000998a30005003200c3
:100600000800a7000300a0008904d1000884d300db
:100610008b05e8008904d1000884d3000001eb00b9
:100620000281d200cd00070001f0a1000cf0a7006c
:1006300001f0a0000d0137006420e1000f0132003d
:100640000801be000200be00f7ff37006120e10094
:100650000a0132006000b800f3ff370000002000fc
:1006600001f82700f0ff3700889fbe008a9fbe0078
:100670008c1f780004010700f300330003866c0030
:100680006450e100240032006420e10027003200c1
:100690006150e100220032006120e10021003200bf
:1006a0008b854200eb07b1000134b800003ab80076
:1006b0000804420089844a00013ab8000030b800ba
:1006c0008880400009014a00040033000000400017
:1006d00081804800020149008b05e900c909dd005d
:1006e000830170000100320013002000c814de00f6
:1006f0004814dd004709de001200b200c808de0021
:10070000088470009500070001f0a1000cf0a7001c
:1007100001f0a000d50037006120e100d7003200d1
:100720000801be000200be00f7ff37006150e10083
:10073000fcff3a00d10037006022b800060220001a
:100740000000d0008180d2000482d2008582d200d5
:100750000000a0000202520083825a000300310010
:100760000202420083824a000000a1000603e90061
:10077000f3ff3a000000060003f0a200889fbe00cd
:100780008a9fbe008c1f7800bf000700ae003300b8
:100790006450e1004f0032006420e100520032005a
:1007a00003826c0007003b000905d0000306d0005f
:1007b000820f54000c065d00020039000200320076
:1007c00089017800030678008582550004003d0009
:1007d0000003fd008103fd008502ea008b854200d5
:1007e000840f720002003b0060001000e0801800df
:1007f0006011b8000005eb007a28e1000a0039001a
:1008000006007800c75ddd00f707b200878075003d
:100810002d003700828171000a01780061056000b7
:100820008180d1000080d3008502e900f9ff3b0000
:10083000060440008784480002003b006004140066
:10084000e0841c000988a300070032008a8171003f
:1008500082817100610164008904d1000884d300a1
:100860008b05e800170037000978a30013003a0051
:100870000b00e000130034008b05e900080444007d
:1008800089844c000a4474000978a3000d003a00e2
:100890000b00e000070034008b05e9000804440069
:1008a00089844c0001003a000b0020000978a30065
:1008b000f7ff32000001eb00020037008281710077
:1008c0000a017800250007000cf0a70001f0a00045
:1008d000660037006420e10002003a00838f6c005c
:1008e000660033000801be000200be005f00370052
:1008f0000001be003f0007000470a70003f0a10044
:1009000003f8a30013003a006509b100100032009b
:10091000090035006928e1000200350001002800c7
:100920000000050000004000818048008502e900c9
:10093000fcff3a0000000600f88f42000500350079
:100940008100d1000080d3008502e800fcff3a005e
:10095000000006008000eb00000005008100200080
:10096000618055000b003d000b00200061fe2f0050
:100970000100e1001d00340082817100610164000a
:100980008904d1000884d3000000e800faff3a008f
:10099000710020006100640003007000020060002c
:1009a0000900320061044400e0844c000988a5007d
:1009b000050032008b05e8006808e10002003a00fb
:1009c0008904d1000884d300f20f20000258e1000e
:1009d00005003d00c75ddd00f907b20089807500a4
:1009e00008007800000006000bf827008b00780054
:1009f00000000500c70ade00f107b200f50fb200e3
:100a000008003200e1cf4200020032000170a00075
:100a100024000500810f7000010032000408050069
:100a200044000500810f700002003a001400050028
:100a30008502e9000000400081c04800fcff3b0047
:100a40000170a000240005000200be006450e10017
:100a5000050036006420e100020036000968a300aa
:100a600001003a000800be000160a0004f067800b7
:100a70004f05be004f04be0000000600f0ff2f002f
:100a8000f1ff2700f9ff37000004be00d9ff07007f
:100a90000003be000405be000200be00d5ff070033
:080aa000844f75000000060000
:020000040000fa
:0200000401f009
:04000000f6ff000007
:020000040000fa
:0200000401f009
:04000400ff7f00007a
:020000040000fa
:0200000401f009
:04000c00ffff0000f2
:020000040000fa
:0200000401f009
:04001000ffff0000ee
:020000040000fa
:0200000401f009
:04001400ffff0000ea
:020000040000fa
:100008005859000058590000585900005859000024
:100018005859000058590000585900005859000014
:100028005859000058590000585900005c40000019
:100038005859000058590000cc26000058590000b3
:10004800585900000a2e0000202f0000105200000e
:10005800585900005859000058590000aa290000b2
:1000680058590000585900005859000058590000c4
:1000780058590000582900007825000058590000f8
:10008800de1500001e1700005859000058590000de
:1000980058590000cc240000585900005859000055
:1000a8005859000058590000585900005859000084
:1000b8005859000058590000585900005859000074
:1000c8005859000058590000585900005859000064
:1000d8005859000058590000585900005859000054
:1000e8005859000058590000585900005859000044
:0800f80058590000585900009e
:020000040000fa
:100108005859000058590000585900005859000023
:100118005859000058590000585900005859000013
:100128005859000058590000585900005c40000018
:100138005859000058590000cc26000058590000b2
:10014800585900000a2e0000202f0000105200000d
:10015800585900005859000058590000aa290000b1
:1001680058590000585900005859000058590000c3
:1001780058590000582900007825000058590000f7
:10018800de1500001e1700005859000058590000dd
:1001980058590000cc240000585900005859000054
:1001a8005859000058590000585900005859000083
:1001b8005859000058590000585900005859000073
:1001c8005859000058590000585900005859000063
:1001d8005859000058590000585900005859000053
:1001e8005859000058590000585900005859000043
:0801f80058590000585900009d
:020000040000fa
:100aa8000000fa00a0968000610060000000e000ed
:100ab80008003200f09e80000000e800f09e8800e8
:100ac800f09e8000ea0f5000020036000000eb00a4
:100ad800b096880018c2bf00684060000004e000bb
:100ae80008003a0018c2bf00624060000004e0003d
:100af80004003a0018c2bf00644060000004e0002f
:100b080001003200030807000080fa000000060018
:100b18000000fa0090a380000000e80090a388007d
:100b280091a38000401f2000808f500005003600f0
:100b3800f80707000000eb00b0968800d412a9005f
:100b4800d5b2a800a0968000620060000000e00016
:100b58000400320002090700d432a9000000eb00ab
:100b680090a38800a0968000680060000000e00064
:100b780004003200a600070061000700a30907006f
:100b8800d472a900a0968000012020000100600016
:100b98000000e00004003200d800070069000700e8
:100ba8009a090700d532a900d0a38000610060002f
:100bb8000000e000040032000b010700720007008b
:100bc800920907007a14a900d0a380007000600081
:100bd8000000e00004003200440107007b00070029
:100be8008a0907007a94a900a09680007000600026
:100bf8000000e000040032007d010700d492a90043
:100c08000000eb0090a38800a0968000014020001f
:100c1800010060000000e00004003200c901070084
:100c2800d552a9000000eb0090a38800d0a3800053
:100c3800620060000000e0000400320017020700b4
:100c48007a34a9000000eb0090a38800d0a38000ac
:100c580001022000010060000000e00004003200f2
:100c6800650207007ab4a9000000eb0090a3880091
:100c7800a096800001022000010060000000e00052
:100c880004003200b3020700d4b2a9000000eb0050
:100c980090a38800a09680000180200001006000d9
:100ca8000000e0000400320037030700d572a900f5
:100cb8000000eb0090a38800a096800001002200ad
:100cc800010060000000e000040032003505070064
:100cd800d5b2a9000000eb0090a38800a096800080
:100ce80001042000010060000000e0000200320062
:100cf80047070700d4d2a9000080fa0000000600c8
:100d08000000fa00a00a2000209f880000022000ae
:100d1800309f880030082000409f88000000eb00ca
:100d2800609f8800b00b200060a388000000eb00e3
:100d3800109f8800e00f2000d01088000080fa0083
:100d4800000006000000fa00a00a2000209f88008a
:100d580000022000309f880030072000409f880054
:100d68000000eb00609f8800b00b200060a38800a3
:100d78000000eb00109f8800e00f2000d0108800d2
:100d88000080fa00000006000000fa00a00a200017
:100d9800209f880000022000309f88003006200035
:100da800409f88000000eb00609f8800b00b200087
:100db80060a388000000eb00109f8800e00f20006f
:100dc800d01088000080fa00000006000000fa0039
:100dd800a00a2000209f880000022000309f880081
:100de80030052000409f88000000eb00609f8800cd
:100df800b00b200060a388000000eb00109f880063
:100e0800e00f2000d01088000080fa0000000600e3
:100e18000600fa000000eb0020079800900280000e
:100e280010079800ff3ffc00210420009140780043
:100e380000ceb30000c0700042e0b7001e00900072
:100e4800900288008d60a9000000eb002007980040
:100e58001a0037002e009000000040008000780043
:100e680000c02f0000804000f0798800f0798000f1
:100e780080007800f00720001200200041280700b9
:100e8800f079800000017800f00720000002780067
:100e98002e0090000000400080007800603621009d
:100ea80000804000130020008400780059280700c3
:100eb8002e0090000000e800200798002e00900007
:100ec800ed0f5000e3ff360090028000000f78001d
:100ed800ff3ffc0042c0bf007f40600001c6b30076
:100ee8000140700042e0b7001e00780090028800c0
:100ef8008d60a8000080fa00000006000600fa00d5
:100f08000000eb002007980090028000100798006e
:100f1800ff3ffc00210420009140780000ceb30080
:100f280000c0700042e0b7001e00900090028800e8
:100f38008d60a9000000eb00200798001a00370018
:100f48002e009000000040008000780000c02f00b4
:100f580000804000f0798800f079800080007800f7
:100f6800f00720001200200006280700f079800012
:100f780000017800f0072000000278002e009000a1
:100f880000004000800078006036210000804000aa
:100f980013002000840078001e2807002e0090000f
:100fa8000000e800200798002e009000fd0f500078
:100fb800e3ff360090028000000f7800ff3ffc003e
:100fc80042c0bf007f40600001c6b300014070000e
:100fd80042e0b7001e007800900288008d60a800eb
:100fe8000080fa00000006000800fa000000eb008c
:100ff800300798000000eb0020079800900280005e
:1010080010079800ff3ffc00210420009140780061
:1010180000ceb30000c0700042e0b7001e00900090
:10102800900288008d60a900000220003007980017
:101038001d0037003e00900000004000800078004e
:1010480000c02f0000804000f0798800f07980000f
:1010580080007800f007200012002000c927070050
:10106800f079800000017800f00720000002780085
:101078002e009000000040008000780060362100bb
:10108800008040001300200084007800e12707005a
:101098002e0090000000e800200798003e00900015
:1010a8000000e80030079800be009000d003200040
:1010b800808f5000dfff360090028000000f78001c
:1010c800ff3ffc0042c0bf007f40600001c6b30084
:1010d8000140700042e0b7001e00780090028800ce
:1010e8008d60a8000080fa00000006000800fa00e1
:1010f8000000eb00300798000000eb002007980084
:101108009002800010079800ff3ffc002104200097
:101118009140780000ceb30000c0700042e0b700f4
:101128001e009000900288008d60a900e003200056
:10113800300798001d0037003e0090000000400076
:101148008000780000c02f0000804000f0798800ff
:10115800f079800080007800f0072000120020005d
:1011680088270700f079800000017800f007200048
:10117800000278002e0090000000400080007800f7
:1011880060362100008040001300200084007800b1
:10119800a02707002e0090000000e8002007980014
:1011a8003e0090000000e80030079800be00900064
:1011b800b0052000808f5000dfff360090028000cd
:1011c800000f7800ff3ffc0042c0bf007f40600076
:1011d80001c6b3000140700042e0b7001e0078006d
:1011e800900288008d60a8000080fa0000000600c8
:1011f8000400fa000000eb00100798000000eb0064
:10120800000f7800a00a2000209f8800000120001d
:10121800309f880020082000409f8800c0012000df
:10122800609f88000000eb0010079800140037004a
:101238001e009000000040008000780000c02f00d1
:1012480000804000f07988001e00900000004000f7
:1012580080007800a0f420000080400000017800a1
:10126800f079800080007800f0072000130020004b
:10127800372707001e0090000000e80010079800bc
:101288001e009000ef0f5000e9ff36000000eb0051
:1012980010079800200037001e0190001e007800fb
:1012a80080004000a0f4200000804000100078007a
:1012b800c801de0002004100e111200080804000ea
:1012c800602d210000804000030878001e00900077
:1012d8000000e800100798001e0190001e0078002a
:1012e80080004000a0f420000080400090017800b9
:1012f80002004100e111200080804000602d2100a3
:1013080000804000030878001e0090000000e800fc
:10131800100798001e0fe8001e009000ff0f5000f5
:10132800ddff3600b00b200060a388000000eb0052
:10133800109f8800e00f2000d01088000080fa007d
:10134800000006000400fa000000eb0010079800f7
:101358000000eb00000f7800a00a2000209f880002
:1013680000012000309f880020072000409f88004f
:10137800c0032000609f88000000eb001007980061
:10138800140037001e009000000040008000780024
:1013980000c02f0000804000f07988001e009000f7
:1013a8000000400080007800a0f420000080400089
:1013b80000017800f079800080007800f0072000b4
:1013c80013002000e22607001e0090000000e8003d
:1013d800100798001e009000ff0f5000e9ff36002c
:1013e8000000eb0010079800200037001e01900055
:1013f8001e00780080004000a0f42000008040001b
:1014080010007800c801de0002004100e111200050
:1014180080804000602d2100008040000308780093
:101428001e0090000000e800100798001e019000c0
:101438001e00780080004000a0f4200000804000da
:101448009001780002004100e111200080804000f6
:10145800602d210000804000030878001e009000e5
:101468000000e800100798001e0fe8009e0090009a
:10147800f0032000808f5000dcff3600b00b200006
:1014880060a388000000eb00109f8800e00f200098
:10149800d01088000080fa00000006000400fa005e
:1014a8000000eb001007980000022000000f7800f1
:1014b800a00a2000209f880000012000309f88009b
:1014c80020062000409f8800c0032000609f8800fd
:1014d8000002200010079800140037001e0090003a
:1014e800000040008000780000c02f00008040000d
:1014f800f07988001e00900000004000800078000d
:10150800a0f420000080400000017800f0798000fd
:1015180080007800f0072000130020008c260700c8
:101528001e0090000000e800100798009e00900040
:10153800d0032000808f5000e8ff36000000eb0049
:1015480010079800200037001e0190001e00780048
:1015580080004000a0f420000080400010007800c7
:10156800c801de0002004100e11120008080400037
:10157800602d210000804000030878001e009000c4
:101588000000e800100798001e0190001e00780077
:1015980080004000a0f42000008040009001780006
:1015a80002004100e111200080804000602d2100f0
:1015b80000804000030878001e0090000000e8004a
:1015c800100798001e0fe8009e009000b00320004e
:1015d800808f5000dcff3600b00b200060a388002d
:1015e8000000eb00109f8800e00f2000d01088005a
:1015f8000080fa00000006000400fa000000eb007a
:101608001007980000022000000f7800a00a2000b0
:10161800209f880000012000309f880020052000be
:10162800409f8800c0032000609f8800e0032000de
:1016380010079800140037001e00900000004000ba
:101648008000780000c02f0000804000f0798800fa
:101658001e0090000000400080007800a0f42000e8
:101668000080400000017800f07980008000780058
:10167800f007200013002000352607001e00900008
:101688000000e800100798009e009000b0052000b8
:10169800808f5000e8ff36000000eb00100798002c
:1016a800200037001e0190001e00780080004000d6
:1016b800a0f420000080400010007800c801de007f
:1016c80002004100e111200080804000602d2100cf
:1016d80000804000030878001e0090000000e80029
:1016e800100798001e0190001e007800800040003e
:1016f800a0f4200000804000900178000200410022
:10170800e111200080804000602d21000080400011
:10171800030878001e0090000000e80010079800f9
:101728001e0fe8009e009000b0032000808f50003c
:10173800dcff3600b00b200060a388000000eb003f
:10174800109f8800e00f2000d01088000080fa0069
:10175800000006000000fa00a00a2000209f880070
:1017680000012000309f880010082000409f88005a
:1017780060012000609f880010b38000e30f5000d4
:101788000300320010b38000e40f500010003a004c
:10179800e04080004800de00a09f8800e040800014
:1017a800b09f8800f04080004800de00c09f88009d
:1017b800f0408000d09f8800508c80004800de00f8
:1017c800e09f8800508c8000f09f88000c00370054
:1017d8000000eb00a09f88000000eb00b09f88008d
:1017e8000000eb00c09f88000000eb00d09f88003d
:1017f8000000eb00e09f88000000eb00f09f8800ed
:10180800707e80004800de0000a08800707e8000a6
:1018180010a08800807e80004800de0020a088009c
:10182800807e800030a08800907e80004800de0026
:1018380040a08800907e800050a08800d07f800063
:101848004800de0060a08800d07f800070a088007b
:1018580010b380004800de0080a0880010b380002c
:1018680090a0880090a080000000e00009003a00e5
:101878000000eb0090a08800017a8000a0aa2a004e
:10188800808f500029003a004000200090a0880076
:101898002600370090a08000e10f500009003a00b0
:1018a8001000200090a08800017a8000a0aa2a00d9
:1018b800808f50001d003a004000200090a0880052
:1018c8001a00370090a08000e20f500003003a0091
:1018d8002000200090a088001400370090a080000d
:1018e800e30f500003003a002000200090a0880079
:1018f8000e00370090a08000e40f500003003a006b
:101908003000200090a088000800370090a08000d8
:10191800e50f500003003a005000200090a0880016
:10192800020037000000eb0090a08800e07e8000f5
:101938004800de00a0a08800e07e8000b0a08800fb
:10194800107a80004800de00c0a08800107a80006d
:10195800d0a08800d07f80004800de00e0a088008a
:10196800d07f8000f0a08800b00b200060a3880022
:101978000000eb00109f8800e00f2000d0108800c6
:101988000080fa00000006000000fa00a00a20000b
:10199800209f880000012000309f88001007200049
:1019a800409f8800a0022000609f880010b380003c
:1019b800e30f50000300320010b38000e40f500022
:1019c80010003a00e04080004800de00a09f880038
:1019d800e0408000b09f8800f04080004800de00b2
:1019e800c09f8800f0408000d09f880000418000a0
:1019f8004800de00e09f880000418000f09f8800da
:101a08000c0037000000eb00a09f88000000eb00ee
:101a1800b09f88000000eb00c09f88000000eb002a
:101a2800d09f88000000eb00e09f88000000eb00da
:101a3800f09f8800707e80004800de0000a08800cb
:101a4800707e800010a08800412d20009140780011
:101a580000c8b30000c060000004e00004003a00c1
:101a6800b0a380000000a000b0a3880004003700e5
:101a7800b0a38000e1ff2f0001006000b0a3880040
:101a8800e0c2bf00614060000004e00004003a00ca
:101a9800b0a380000010a000b0a3880004003700a5
:101aa800b0a38000d1ff2f0001006000b0a3880020
:101ab800e0c2bf00624060000004e00004003a0099
:101ac800b0a380000020a000b0a388000400370065
:101ad800b0a38000b1ff2f0001006000b0a3880010
:101ae800e6c2bf00624060000004e00004003a0063
:101af800b0a380000030a000b0a388000400370025
:101b0800b0a3800071ff2f0001006000b0a388001f
:101b1800e6c2bf00614060000004e00004003a0033
:101b2800b0a380000040a000b0a3880004003700e4
:101b3800b0a38000f1fe2f0001006000b0a3880070
:101b4800cfc2bf000042b2000004e00005003a0026
:101b5800b0a380000102200001007000b0a388003b
:101b680004003700b0a38000f1fd2f0001006000e1
:101b7800b0a38800cfc2bf000044b2000004e00058
:101b880005003a00b0a380000104200001007000a5
:101b9800b0a3880004003700b0a38000f1fb2f0039
:101ba80001006000b0a38800c8c2bf0064406000a4
:101bb8000004e00005003a00b0a3800001082000fe
:101bc80001007000b0a3880004003700b0a38000b3
:101bd800f1f72f0001006000b0a38800c8c2bf0061
:101be800684060000004e00005003a00b0a38000ef
:101bf8000110200001007000b0a388000400370025
:101c0800b0a38000f1ef2f0001006000b0a38800ae
:101c1800c8c2bf00704060000004e00005003a0040
:101c2800b0a380000120200001007000b0a388004c
:101c380004003700b0a38000f1df2f00010060002e
:101c4800b0a38800207a8000011020000100600005
:101c58000000e00005003200b0a380000100280069
:101c680001007000b0a3880004003700b0a3800012
:101c7800f1ff270001006000b0a38800e9c2bf009f
:101c88000044b2000004e00004003200c0a3800059
:101c98000000a000c0a3880004003700c0a3800093
:101ca800e1ff2f0001006000c0a38800e9c2bf0067
:101cb800704060000004e00004003200c0a380000f
:101cc8000010a000c0a3880004003700c0a3800053
:101cd800d1ff2f0001006000c0a38800e9c2bf0047
:101ce8000042b2000004e00004003200c0a38000fb
:101cf8000020a000c0a3880004003700c0a3800013
:101d0800b1ff2f0001006000c0a38800e9c2bf0036
:101d180001c8b300014060000004e0000400320084
:101d2800c0a380000030a000c0a3880004003700d2
:101d3800c0a3800071ff2f0001006000c0a38800cd
:101d4800d0c2bf00624060000004e000040032001e
:101d5800c0a380000040a000c0a388000400370092
:101d6800c0a38000f1fe2f0001006000c0a388001e
:101d7800d0c2bf00644060000004e00005003200eb
:101d8800c0a380000102200001007000c0a38800e9
:101d980004003700c0a38000f1fd2f00010060009f
:101da800c0a38800e8c2bf0001c8b30001406000ba
:101db8000004e00005003200c0a3800001042000f8
:101dc80001007000c0a3880004003700c0a3800091
:101dd800f1fb2f0001006000c0a38800e9c2bf002a
:101de800614060000004e00005003200c0a38000ec
:101df8000108200001007000c0a38800040037001b
:101e0800c0a38000f1f72f0001006000c0a3880084
:101e1800e9c2bf00624060000004e0000500320033
:101e2800c0a380000110200001007000c0a388003a
:101e380004003700c0a38000f1ef2f00010060000c
:101e4800c0a38800e8c2bf000044b2000004e0005c
:101e580005003200c0a380000120200001007000ae
:101e6800c0a3880004003700c0a38000f1df2f0062
:101e780001006000c0a38800b0a380004800de0015
:101e880020a08800b0a3800030a08800c0a38000f4
:101e98004800de0040a08800c0a3800050a0880051
:101ea800908680004800de0060a088009086800050
:101eb80070a0880010b380004800de0080a0880071
:101ec80010b3800090a0880090a080000000e0007f
:101ed80009003a000000eb0090a08800017a800019
:101ee800a0aa2a00808f500029003a004000200054
:101ef80090a088002600370090a08000e10f5000d5
:101f080009003a001000200090a08800017a8000a3
:101f1800a0aa2a00808f50001d003a00400020002f
:101f280090a088001a00370090a08000e20f5000af
:101f380003003a002000200090a088001400370019
:101f480090a08000e30f500003003a00200020001a
:101f580090a088000e00370090a08000e40f500089
:101f680003003a003000200090a0880008003700e5
:101f780090a08000e50f500003003a0050002000b8
:101f880090a08800020037000000eb0090a08800b5
:101f9800e07e80004800de00a0a08800e07e80008f
:101fa800b0a08800107a80004800de00c0a0880039
:101fb800107a8000d0a08800d07f80004800de0022
:101fc800e0a08800d07f8000f0a08800307f8000eb
:101fd8004800de0000a18800307f800010a1880042
:101fe8007000200020a18800c07d200030a188005a
:101ff80070af80004800de0040a1880070af80000c
:1020080050a1880060af8000e10f500004003a0042
:10201800a0a380000000a000a0a38800040037004f
:10202800a0a38000e1ff2f0001006000a0a38800aa
:1020380070ac8000640060000000e0000400320022
:10204800a0a380000010a000a0a38800040037000f
:10205800a0a38000d1ff2f0001006000a0a388008a
:1020680000b18000e10f500004003a00a0a38000f6
:102078000020a000a0a3880004003700a0a38000cf
:10208800b1ff2f0001006000a0a38800e17e80005e
:1020980070868000808f500004003900207a80000c
:1020a800700060000000e00004003a00a0a3800077
:1020b8000030a000a0a3880004003700a0a380007f
:1020c80071ff2f0001006000a0a38800a0a380007a
:1020d8004800de0060a18800a0a3800070a18800ed
:1020e800217a800000002200008060000000e000eb
:1020f80006003a00f0b580004800de0080a18800a4
:10210800f0b5800090a1880005003700d07e8000df
:102118004800de0080a18800d07e800090a1880061
:10212800e08080004800de00a0a18800e0808000f8
:10213800b0a18800b0b480004800de00c0a18800cb
:10214800b0b48000d0a18800908b80004880de0069
:10215800e0a18800908b8000f0a18800807e80003c
:102168004800de0000a28800807e800010a288005f
:10217800907e80004800de0020a28800907e8000cb
:1021880030a28800b00b200060a388000000eb009c
:10219800109f8800e00f2000d01088000080fa000f
:1021a800000006000000fa00a00a2000209f880016
:1021b80000012000309f880050072000409f8800c1
:1021c800c0032000609f880010b38000e30f500018
:1021d8000300320010b38000e40f500010003a00f2
:1021e800e04080004800de00a09f8800e0408000ba
:1021f800b09f8800f04080004800de00c09f880043
:10220800f0408000d09f8800004180004800de0038
:10221800e09f880000418000f09f88000c00370094
:102228000000eb00a09f88000000eb00b09f880032
:102238000000eb00c09f88000000eb00d09f8800e2
:102248000000eb00e09f88000000eb00f09f880092
:10225800707e80004800de0000a08800707e80004c
:1022680010a08800412d20009140780000c8b300dc
:1022780000c060000004e00004003a00b0a3800041
:102288000000a000b0a3880004003700b0a38000bd
:10229800e1ff2f0001006000b0a38800e0c2bf008a
:1022a800614060000004e00004003a00b0a3800030
:1022b8000010a000b0a3880004003700b0a380007d
:1022c800d1ff2f0001006000b0a38800e0c2bf006a
:1022d800624060000004e00004003a00b0a38000ff
:1022e8000020a000b0a3880004003700b0a380003d
:1022f800b1ff2f0001006000b0a38800e6c2bf0054
:10230800624060000004e00004003a00b0a38000ce
:102318000030a000b0a3880004003700b0a38000fc
:1023280071ff2f0001006000b0a38800e6c2bf0063
:10233800614060000004e00004003a00b0a380009f
:102348000040a000b0a3880004003700b0a38000bc
:10235800f1fe2f0001006000b0a38800cfc2bf00cb
:102368000042b2000004e00005003a00b0a380007b
:102378000102200001007000b0a3880004003700ab
:10238800b0a38000f1fd2f0001006000b0a3880019
:10239800cfc2bf000044b2000004e00005003a00cc
:1023a800b0a380000104200001007000b0a38800e1
:1023b80004003700b0a38000f1fb2f00010060008b
:1023c800b0a38800c8c2bf00644060000004e000f9
:1023d80005003a00b0a38000010820000100700049
:1023e800b0a3880004003700b0a38000f1f72f00e5
:1023f80001006000b0a38800c8c2bf006840600048
:102408000004e00005003a00b0a38000011020009d
:1024180001007000b0a3880004003700b0a380005a
:10242800f1ef2f0001006000b0a38800c8c2bf0010
:10243800704060000004e00005003a00b0a380008e
:102448000120200001007000b0a3880004003700bc
:10245800b0a38000f1df2f0001006000b0a3880066
:10246800207a800001102000010060000000e000d8
:1024780005003200b0a380000100280001007000b0
:10248800b0a3880004003700b0a38000f1ff270044
:1024980001006000b0a38800e9c2bf000044b20098
:1024a8000004e00004003200c0a380000000a00087
:1024b800c0a3880004003700c0a38000e1ff2f00fc
:1024c80001006000c0a38800e9c2bf00704060003e
:1024d8000004e00004003200c0a380000010a00047
:1024e800c0a3880004003700c0a38000d1ff2f00dc
:1024f80001006000c0a38800e9c2bf000042b2002a
:102508000004e00004003200c0a380000020a00006
:10251800c0a3880004003700c0a38000b1ff2f00cb
:1025280001006000c0a38800e9c2bf0001c8b30071
:10253800014060000004e00004003200c0a38000f5
:102548000030a000c0a3880004003700c0a38000aa
:1025580071ff2f0001006000c0a38800d0c2bf0037
:10256800624060000004e00004003200c0a3800064
:102578000040a000c0a3880004003700c0a380006a
:10258800f1fe2f0001006000c0a38800d0c2bf0088
:10259800644060000004e00005003200c0a3800031
:1025a8000102200001007000c0a388000400370069
:1025b800c0a38000f1fd2f0001006000c0a38800c7
:1025c800e8c2bf0001c8b300014060000004e00099
:1025d80005003200c0a38000010420000100700043
:1025e800c0a3880004003700c0a38000f1fb2f00bf
:1025f80001006000c0a38800e9c2bf00614060001c
:102608000004e00005003200c0a38000010820009b
:1026180001007000c0a3880004003700c0a3800038
:10262800f1f72f0001006000c0a38800e9c2bf00d5
:10263800624060000004e00005003200c0a3800092
:102648000110200001007000c0a3880004003700ba
:10265800c0a38000f1ef2f0001006000c0a3880034
:10266800e8c2bf000044b2000004e00005003200e8
:10267800c0a380000120200001007000c0a38800d2
:1026880004003700c0a38000f1df2f0001006000c4
:10269800c0a38800b0a380004800de0020a0880006
:1026a800b0a3800030a08800c0a380004800de00ee
:1026b80040a08800c0a3800050a0880090868000b9
:1026c8004800de0060a088009086800070a0880026
:1026d80010b380004800de0080a0880010b380009e
:1026e80090a0880090a080000000e00009003a0057
:1026f8000000eb0090a08800017a8000a0aa2a00c0
:10270800808f500029003a004000200090a08800e7
:102718002600370090a08000e10f500009003a0021
:102728001000200090a08800017a8000a0aa2a004a
:10273800808f50001d003a004000200090a08800c3
:102748001a00370090a08000e20f500003003a0002
:102758002000200090a088001400370090a080007e
:10276800e30f500003003a002000200090a08800ea
:102778000e00370090a08000e40f500003003a00dc
:102788003000200090a088000800370090a080004a
:10279800e50f500003003a005000200090a0880088
:1027a800020037000000eb0090a08800e07e800067
:1027b8004800de00a0a08800e07e8000b0a088006d
:1027c800107a80004800de00c0a08800107a8000df
:1027d800d0a08800d07f80004800de00e0a08800fc
:1027e800d07f8000f0a08800307f80004800de00a5
:1027f80000a18800307f800010a1880070002000b0
:1028080020a18800c07d200030a1880070af800022
:102818004800de0040a1880070af800050a1880009
:1028280060af8000e10f500004003a00a0a38000d0
:102838000000a000a0a3880004003700a0a3800027
:10284800e1ff2f0001006000a0a3880070ac8000a9
:10285800640060000000e00004003200a0a38000d3
:102868000010a000a0a3880004003700a0a38000e7
:10287800d1ff2f0001006000a0a3880000b18000f4
:10288800e10f500004003a00a0a380000020a0003f
:10289800a0a3880004003700a0a38000b1ff2f0088
:1028a80001006000a0a38800e17e8000708680009f
:1028b800808f500004003900207a8000700060008a
:1028c8000000e00004003a00a0a380000030a0004f
:1028d800a0a3880004003700a0a3800071ff2f0088
:1028e80001006000a0a38800a0a380004800de00cb
:1028f80060a18800a0a3800070a18800217a8000d0
:1029080000002200008060000000e00006003a009d
:10291800f0b580004800de0080a18800f0b5800096
:1029280090a1880005003700d07e80004800de00b6
:1029380080a18800d07e800090a18800e08080007f
:102948004800de00a0a18800e0808000b0a18800d7
:10295800b0b480004800de00c0a18800b0b4800098
:10296800d0a18800808b80004880de00e0a188002c
:10297800808b8000f0a18800807e80004800de0007
:1029880000a28800807e800010a28800907e8000cf
:102998004800de0020a28800907e800030a28800d7
:1029a800608b80004880de0040a28800608b800039
:1029b80050a28800f08b80004800de0060a28800ea
:1029c800f08b800070a28800e08b80004800de0059
:1029d80080a28800e08b800090a28800208c800074
:1029e8004800de00a0a28800208c8000b0a28800e9
:1029f800b00b200060a388000000eb00109f880047
:102a0800e00f2000d01088000080fa0000000600c7
:102a18000200fa00a00a2000209f88000001200080
:102a2800309f880040082000409f88004000200018
:102a3800609f8800e0012000000f78001e007800e9
:102a4800000040008000780000c02f000080400097
:102a5800f07988001e0078000000400080007800af
:102a6800a0f420000080400000017800f079800088
:102a780080007800f00720001300200034210700b0
:102a8800f0012000000f78001e00780000004000d0
:102a98008000780000c02f0000804000f079880096
:102aa8001e0078000000400080007800a0f420009c
:102ab8000080400000017800f079800080007800f4
:102ac800f00720001300200021210700307c80003f
:102ad8004800de00a09f8800307c8000b09f8800fe
:102ae800407c80004800de00c09f8800407c800059
:102af800d09f8800b00b200060a388000000eb0086
:102b0800109f8800e00f2000d01088000080fa0095
:102b1800000006000000fa0030032000f0108800d2
:102b28000000eb00b010880017e2a80017a2a80068
:102b380016a2a900612120009140780090cfb3002f
:102b480000c0600016e2b7001602a9000000eb0002
:102b5800c01088001942a80019e2a90018c2bf00d5
:102b6800f043b20018e2b7008720a9008700a90047
:102b7800010a200091407800f0c8b30000c060004e
:102b880001c4b30001407000a0e0b700010a2000b2
:102b98009140780080cfb30000c060000024a000fe
:102ba800a0e0b7008f20a8008f00a8000080fa00de
:102bb80000000600809fbe00821f78003400f800e5
:102bc80000002000a00188000000fa0018c2bf0021
:102bd800624060000004e000010032001822a900f1
:102be800d412a8000000eb00f09e8800a096800098
:102bf800620060000000e00086003a0018c2bf00d2
:102c0800644060000004e00084003a00b096800050
:102c18000000e0000b003a00e0108000c096880039
:102c2800c1968000a00a2000808f50007b003a00e7
:102c380010002000b09688000000eb001097880074
:102c480076003700b0968000e10f500005003a008a
:102c580020002000b0968800e0108000d096880000
:102c68006e003700b0968000e20f500005003a0071
:102c780030002000b0968800e0108000e0968800c0
:102c880066003700b0968000e30f500022003a003b
:102c980040002000b0968800e0108000009788006f
:102ca80000978000f096880000978000fc0f500085
:102cb80003003a0070032000b096880057003700e0
:102cc80001978000c0032000808f500003003a0065
:102cd80080032000b09688005000370000978000dd
:102ce800e10f500003003a0040002000b096880031
:102cf8004a003700009780000000e00003003a0017
:102d080040002000b0968800440037000000eb0027
:102d1800b096880041003700b0968000e40f50005c
:102d28000b003a00e0108000009b8800019b8000a7
:102d3800b00b2000808f500002003a00d432a80067
:102d4800d412a9000000eb00b096880033003700c9
:102d5800b196800070032000808f500013003a0065
:102d6800009780000000e900009788001097800015
:102d7800e210800000004000f2004000602d2100b9
:102d88000080400002087800109780000000e800ea
:102d980010978800009780000000e0001f003a00ac
:102da80040002000b09688001c003700b1968000d3
:102db80080032000808f500013003a0000978000a5
:102dc8000000e9000097880010978000e21080005a
:102dd80000004000f2004000602d2100008040000b
:102de80002087800109780000000e800109788001b
:102df800009780000000e00008003a004000200032
:102e0800b0968800050037000000eb00b0968800f7
:102e180002003700e0108000c09688008700a900f3
:102e28000080fa003400f9004f0178004f00be001e
:102e380000400600809fbe003400f800000020001b
:102e4800a00188000000fa00109f80000000e00048
:102e580005003a00209f8000d01088001000200054
:102e6800109f880039003700109f8000e10f500044
:102e780005003a0020002000109f8800309f800045
:102e8800d010880031003700109f8000e20f5000fa
:102e980005003a0030002000109f8800409f800005
:102ea800d010880029003700109f8000e30f5000e1
:102eb80007003a0040002000109f8800609f8000b3
:102ec800d01088000000eb00709f88001f003700ba
:102ed800109f8000e40f50001a003a00609f8000a5
:102ee8000000e00006003a0020042000109f88003f
:102ef800b00b2000d0108800d452a800130037006f
:102f080040002000109f8800709f80000000400053
:102f1800e111200080804000602d210000804000e9
:102f280010007800d0108800709f80000000e80032
:102f3800709f8800609f80000000e900609f880003
:102f48000200370020042000109f88008720a90075
:102f58000080fa003400f9004f00be00004006006f
:102f68000000fa008700a9008f00a9000000eb000c
:102f7800209788000000eb00309788000000eb00e5
:102f88003097880027003700f09680000000e9009d
:102f9800f0968800f09680000000e900f09688001e
:102fa800219780000180400072014000602d2100bf
:102fb8000000410010007800109b88000100e80024
:102fc800209788002197800001804000720140000e
:102fd800602d21000000410010007800209b88002f
:102fe8000100e80020978800109b80004800dd0061
:102ff800109b880032978000119b8000209b8000e6
:1030080080814000020041000109200080804000ca
:10301800602d210000804000030878000200e800cd
:1030280030978800f0968000e10f5000d6ff3e00f0
:10303800d0968000f00f500057003a00e1968000cb
:1030480010082000808f500002003a00d4b2a80077
:103058006b003700e196800010072000808f500039
:1030680002003a00d572a80065003700e19680009a
:1030780050072000808f500002003a00d5b2a80007
:103088005f003700e196800020082000808f500004
:1030980002003a00d492a80059003700e196800057
:1030a80020072000808f500002003a00d552a80067
:1030b80053003700e196800020062000808f5000e2
:1030c80002003a007a34a8004d003700e1968000eb
:1030d80020052000808f500002003a007ab4a80032
:1030e80047003700e196800040082000808f50009c
:1030f80002003a00d4d2a80041003700e1968000cf
:1031080050082000808f500006003a000097800089
:10311800e10f50003a003a00d4f2a800d512a900f5
:1031280037003700e196800060082000808f50004b
:1031380005003a0000978000e10f500030003a0087
:10314800d512a8002e003700e196800070082000f4
:10315800808f500005003a0000978000e10f500072
:1031680027003a008e15a80025003700e196800058
:1031780080082000808f500005003a0000978000ea
:10318800e10f50001e003a008e35a8001c003700e1
:10319800000000001a003700d196800000022000cd
:1031a800808f500015003a00e1968000300820001a
:1031b800808f500001003a00d472a800e196800088
:1031c80030072000808f500001003a00d532a80057
:1031d800e196800030062000808f500001003a0000
:1031e8007a14a800e196800030052000808f5000f6
:1031f80003003a007a94a80001003700000000009c
:103208008f00a8000080fa00000006004400fa00c1
:10321800889fbe000000eb00102798000000eb001c
:1032280010279800140037001e209000000040006e
:103238008000780000c02f0000804000f0798800ee
:103248001e2090000000400080007800a0f42000bc
:103258000080400000017800f0798000800078004c
:10326800f007200013002000391f07001e209000df
:103278000000e800102798009e209000d00320004e
:10328800808f5000e8ff3600507d800070858800f0
:10329800708580000000e00002003a0050d0200055
:1032a8007085880070858000010020004a09dd00d3
:1032b800c600de00810071004a00dd0080858800bc
:1032c80091858800207c8000800078000000210023
:1032d80000806000002798008e20900000002100e8
:1032e800808f500002003a00458fa8000100370087
:1032f800458fa900517a800060042000808f50001b
:103308000300360050012000507a8800070037007b
:10331800507a8000e90f500003003e005001200061
:10332800507a88000100370000000000517a8000c0
:10333800400620000088b900507a8800217a800071
:1033480000002100008060000000e0000f003a004b
:10335800517a800000f42100010050000100200093
:10336800a07f8800b17f8800a07f8000b17f8000a7
:103378004a09dd00c600de00810071004a00dd0058
:10338800a07f8800b17f88000e003700517a800046
:10339800a0a021000100500001002000a07f8800ab
:1033a800b17f8800a07f8000b17f80004a09dd00de
:1033b800c600de00810071004a00dd00a07f8800a1
:1033c800b17f8800617a800080072000808f5000dc
:1033d8000200360080022000607a8800617a80004e
:1033e800400620000088b900c07f8800a27f8000c6
:1033f800b37f8000808580009185800000005100a7
:103408008180590002fa200003002000c8f4070058
:10341800f0808800a27f8000b37f800080858000d4
:10342800918580000000510081805900027d2000b4
:1034380003002000bef4070000818800817a800024
:10344800007d2000808f500003003600800c200093
:10345800807a88000100370000000000807a800030
:1034680000868800717a8000401f2000808f5000fd
:1034780003003600e0152000707a88000800370045
:10348800717a800030062000808f500003003e00d3
:10349800e0152000707a8800010037000000000065
:1034a800707a8000a2002000110009000280d80074
:1034b800707a8800008680006104b800707a800005
:1034c8006102b8008800780004007800000bb8009a
:1034d80005c0b900070178000001410009a0b90042
:1034e8000001410082037800a200200003002000b0
:1034f8000600be0088f30700f07f8800907a8000fd
:10350800e30f5000030036000000eb00907a8800bb
:103518000100370000000000907a8000e07f8800fa
:10352800a07a800050898800b07a8000520020007c
:10353800110009000280d80040898800c07a800004
:1035480010808800d17a8000c0032000808f50004e
:103558000200360040012000d07a8800d17a80002d
:10356800400620000088b90020808800e07a8000aa
:1035780040868800f17a8000c0122000808f5000b9
:103588000300360020032000f07a88000700370087
:10359800f07a8000e90f500003003e00200320006d
:1035a800f07a88000100370000000000f07a8000ff
:1035b80060868800017b800060042000808f5000b6
:1035c8000200360030022000007b8800007b80006b
:1035d80070868800117b800060042000808f500076
:1035e8000300360080022000107b880007003700a7
:1035f800107b8000fd0f500003003e008002200079
:10360800107b88000100370000000000117b80005b
:10361800400620000088b9000100200030808800a2
:1036280041808800217b800060042000808f50004a
:1036380003003600c0032000207b88000700370005
:10364800207b8000fd0f500003003e00c0032000d7
:10365800207b88000100370000000000217b8000eb
:10366800400620000088b900010020005080880032
:1036780061808800528080006380800030808000f4
:1036880041808000800f5100818f59000900360069
:1036980050808000618080003280800043808000fc
:1036a8000200500083805800808088009180880044
:1036b80008003700508080006180800032808000e0
:1036c800438080000200500083805800808088007a
:1036d8009180880080808000918080004a09dd0008
:1036e800c600de00810071004a00dd00808088008d
:1036f80091808800848080009580800020808000f0
:103708006101b8000400be0009f407007080880059
:1037180030808000418080004a09dd00c600de005c
:10372800810071004a00dd003080880041808800f7
:1037380050808000618080004a09dd00c600de00fc
:10374800810071004a00dd00508088006180880097
:10375800307b8000e0818800407b8000f081880019
:10376800507b800000828800607b80001082880087
:10377800707b80002082880000b180000000e0009b
:1037880004003a00707b8000908688000000eb00ff
:1037980080868800807b800030828800907b800053
:1037a800c0828800a07b8000d0828800b07b800027
:1037b80060828800c07b800070828800d07b800097
:1037c80080828800e07b800090828800f07b800007
:1037d800a0828800007c8000b0828800107c800075
:1037e800e0828800207c800061006000701f9800e3
:1037f8007e189000e10f500002003a00440fa80024
:1038080001003700440fa900207c8000620060009e
:10381800601f98006e189000e20f500002003a00f6
:10382800442fa80001003700442fa900207c800005
:1038380064006000501f98005e189000e40f50006c
:1038480002003a00444fa80001003700444fa90085
:10385800207c800068006000401f98004e1890008f
:10386800e80f500002003a00446fa800010037003a
:10387800446fa900207c800070006000301f980011
:103888003e189000f00f500002003a00448fa80044
:1038980001003700448fa900207c80008000780058
:1038a8000002200000806000201f9800ae189000e1
:1038b80000022000808f500002003a0044afa800a8
:1038c8000100370044afa900207c80008000780008
:1038d8000004200000806000101f98009e189000cf
:1038e80000042000808f500002003a0044cfa80056
:1038f8000100370044cfa900207c800080007800b8
:103908000008200000806000001f98008e189000ba
:1039180000082000808f500002003a0044efa80001
:103928000100370044efa900207c80008000780067
:10393800002020000080600070179800fe109000a2
:1039480000202000808f500002003a00452fa80078
:1039580001003700452fa900207a800001202000af
:10396800010060000000e0000a003a00207c8000ae
:103978008000780000102000008f600000102000f8
:103988009e0f100002003a00450fa8000100370002
:10399800450fa900207c80008000780000402000ae
:1039a8000080600060179800ee1090000040200032
:1039b800808f500002003a00454fa80001003700f0
:1039c800454fa900207c80008000780000802000fe
:1039d8000080600050179800de10900000802000e2
:1039e800808f500002003a00456fa80001003700a0
:1039f800456fa900207a80000100210001006000c5
:103a08000000e00005003a0040062000608c8800b5
:103a180020032000708c8800040037004005200037
:103a2800608c8800a0022000708c8800207c8000b8
:103a38008000780000002200008060004017980095
:103a4800ce10900000002200808f500002003a0043
:103a580045afa8000100370045afa900207c8000d1
:103a68008000780000002400008060003017980073
:103a7800be10900000002400808f500002003a0021
:103a880045cfa8000100370045cfa900207c800061
:103a9800800078000000280000806000201798004f
:103aa800ae10900000002800808f500002003a00fd
:103ab80045efa8000100370045efa900307c8000e1
:103ac800507e8800407c8000607e8800507c8000aa
:103ad8006103b80086007800000029000009b800da
:103ae8006130b9000302780000024200000029009a
:103af80000b8b90000024200840178000200be004c
:103b0800f082880001838800607c80006103b8002f
:103b180086007800000029000009b8006130b9006b
:103b280003027800000242000000290000b8b90032
:103b380000024200840178000200be001083880061
:103b480021838800707c80006103b80086007800bb
:103b5800000029000009b8006130b90003027800ac
:103b6800000242000000290000b8b900000242002b
:103b7800840178000200be003083880041838800f9
:103b8800807c80006103b80086007800000029006e
:103b98000009b8006130b900030278000002420051
:103ba8000000290000b8b900000242008401780032
:103bb8000200be005083880061838800907c8000ea
:103bc8006103b80086007800000029000009b800e9
:103bd8006130b900030278000002420000002900a9
:103be80000b8b90000024200840178000200be005b
:103bf8007083880081838800a07c800001002000f9
:103c080090838800a1838800b17c80004006200052
:103c18000088b900b0838800c07c80005085880087
:103c2800d07c800060858800e07c8000108588005a
:103c3800f17c8000400620000088b900f0838800ed
:103c4800517c8000400620000088b9008000780080
:103c580000f42100010050000100200000848800c9
:103c68001184880000848000118480004a09dd00e6
:103c7800c600de00810071004a00dd000084880073
:103c8800118488001283800023838000f0828000e2
:103c980001838000800f5100818f59000f00390087
:103ca800b08380000000e0000c0032001283800026
:103cb80023838000f082800001838000000251008d
:103cc80081825900b08380006101b8000400be0001
:103cd80097f2070020848800020037000000eb00fc
:103ce8002084880032838000438380001083800012
:103cf80021838000800f5100818f59000f00390007
:103d0800c08380000000e0000c0032003283800095
:103d180043838000108380002183800000025100cb
:103d280081825900c08380006101b8000400be0090
:103d38007ff2070030848800020037000000eb00a3
:103d48003084880052838000638380003083800041
:103d580041838000800f5100818f59000f00390086
:103d6800d08380000000e0000c0032005283800005
:103d7800638380003083800041838000000251000b
:103d880081825900d08380006101b8000400be0020
:103d980067f2070040848800020037000000eb004b
:103da8004084880072838000838380005083800071
:103db80061838000800f5100818f59000f00390006
:103dc800e08380000000e0000c0032007283800075
:103dd800838380005083800061838000000251004b
:103de80081825900e08380006101b8000400be00b0
:103df8004ff2070050848800020037000000eb00f3
:103e080050848800007d8000b0848800b0848000e1
:103e18000000e00002003a00a0002000b084880002
:103e2800107d8000c0848800c08480000000e0000d
:103e380002003a00c0122000c0848800207d800063
:103e480070898800708980000000e00002003a0054
:103e58002003200070898800307d8000d08488008d
:103e6800d08480000000e00002003a00401f2000db
:103e7800d0848800407d8000e0848800e084800051
:103e88000000e00002003a00a0002000e084880062
:103e9800607d800061006000101798001e1090007f
:103ea800e10f500002003a0047efa8000100370078
:103eb80047efa900607d800062006000001798004d
:103ec8000e109000e20f500002003a00480fa800c0
:103ed80001003700480fa900607d80006400600081
:103ee800700f98007e089000e40f500002003a001e
:103ef800482fa80001003700482fa900607d8000e6
:103f080068006000700f98007e089000e80f50006d
:103f180002003a00484fa80001003700484fa900a6
:103f2800707d800061006000700f98007e0890002e
:103f3800e10f500002003a00460fa80001003700c8
:103f4800460fa900707d800062006000600f980035
:103f58006e089000e20f500002003a00462fa800b9
:103f680001003700462fa900707d800064006000c2
:103f7800500f98005e089000e40f500002003a00cd
:103f8800464fa80001003700464fa900707d800009
:103f980068006000400f98004e089000e80f50003d
:103fa80002003a00466fa80001003700466fa900da
:103fb800707d800070006000300f98003e0890000f
:103fc800f00f500002003a00468fa80001003700a9
:103fd800468fa900707d80008000780000022000d4
:103fe80000806000200f9800ae08900000022000ba
:103ff800808f500002003a0046cfa8000100370029
:1040080046cfa900707d8000800078000004200061
:1040180000806000100f98009e08900000042000a7
:10402800808f500002003a0046afa8000100370018
:1040380046afa900707d800080007800000820004d
:1040480000806000000f98008e0890000008200093
:10405800808f500002003a0046efa80001003700a8
:1040680046efa900707d80008000780000102000d5
:104078000080600070079800fe009000001020008b
:10408800808f500002003a00470fa8000100370057
:10409800470fa900707d8000800078000020200074
:1040a8000080600060079800ee009000002020006b
:1040b800808f500002003a00472fa8000100370007
:1040c800472fa900707d8000800078000040200004
:1040d8000080600050079800de009000004020003b
:1040e800808f500002003a00474fa80001003700b7
:1040f800474fa900707d8000800078000080200074
:104108000080600040079800ce00900000802000ea
:10411800808f500002003a00476fa8000100370066
:10412800476fa900707d80008000780000002100a2
:104138000080600030079800be0090000000210059
:10414800808f500002003a00478fa8000100370016
:10415800478fa900707d8000800078000000220051
:104168000080600020079800ae0090000000220048
:10417800808f500002003a0047afa80001003700c6
:1041880047afa900707d80008000780000002400ff
:1041980000806000100798009e0090000000240036
:1041a800808f500002003a0047cfa8000100370076
:1041b80047cfa900807d80006a00b900f08488009c
:1041c800f08480000000e00002003a00600920004e
:1041d800f0848800907d800000858800008580003c
:1041e8000000e00002003a00a000200000858800de
:1041f800a07d800020858800208580000000e000e8
:1042080002003a004006200020858800b07d80002a
:1042180030858800308580000000e00002003a0008
:104228004006200030858800c07d800040858800d9
:10423800408580000000e00002003a0040062000af
:1042480040858800d07d8000a0858800e07d8000c2
:10425800b0858800f07d8000c0858800007e8000e1
:10426800d0858800107e8000e0858800207e800050
:10427800f08588000086800001002000a200200050
:104288000300200024f00700a08188000086800039
:104298000100200052002000030020001ef007004b
:1042a800c0818800f07f80006103b8008600780034
:1042b800d0052000000ab8006030b9000501780078
:1042c80000014100d005200000b8b90000014100fc
:1042d8008202780042062000030020000400be008d
:1042e8000df0070010868800f07f80006103b80099
:1042f8008600780020062000000ab8006030b90067
:1043080005017800000141002006200000b8b9002e
:1043180000014100820278004206200003002000cc
:104328000400be00fcef070020868800a07a800009
:10433800a2002000110009000280d8003086880001
:1043480000868000a2002000110009000280d80029
:104358005086880001868000008680000100b80031
:10436800d0868800e1868800e1858000000520006d
:104378000100b800f086880001878800f886800070
:1043880009878000d6868000e7868000880078004c
:1043980006007800000ab80007c0b90005017800d7
:1043a8000001410009b0b900000141008202780013
:1043b800f486880005878800f185800000052000c4
:1043c8000100b800108788002187880018878000be
:1043d80029878000d6868000e786800088007800dc
:1043e80006007800000ab80007c0b9000501780087
:1043f8000001410009b0b9000001410082027800c3
:1044080014878800258788004f04be000080fa00c2
:10441800000006000000fa00d2e2a800de02a800b0
:10442800de22a800e422a800e402a800d362a800c3
:104438000000eb00801688000000eb0040178800a1
:104448000000eb00b0168800e5c2a900e582a900cb
:10445800e5a2a900e5e2a900cc22a900cc42a90066
:10446800e4c2a900e4e2a900e502a900e522a90046
:10447800d262a900d242a900d222a900e9c2a900a9
:10448800e982a900d042a9000000eb0020ac880016
:104498000000eb0030ac88000000eb0040ac880066
:1044a8000000eb0010b388000080fa00000006004e
:1044b8000000fa000000eb00200888000000eb0074
:1044c8000008880005a1a9000421a90041102000c6
:1044d80091407800f0ccb30000c0600004e1b70060
:1044e80005e1a80000f42100100888005109200007
:1044f80091407800f0c8b30000c0600001c5b30067
:104508000140700095e0b7008460a9008c60a800a5
:1045180042c0bf007f40600001c6b3000140700088
:1045280042e0b7000080fa00000006000000fa0030
:10453800d2c2a800d2a2a800d282a8000000eb0034
:10454800000688000000eb0010068800c1a0a80043
:10455800c1c0a800c1e0a8000000eb002006880048
:104568000000eb0030068800c5a0a900c5c0a9005e
:10457800c5e0a900b109200091407800f0c8b30057
:1045880000c0600001c5b300014070009be0b700a7
:1045980085e0a9008de0a8000080fa000000060070
:1045a8000600fa006000b80010079800210798007c
:1045b8000040eb00004f78000e0037001e80fb0023
:1045c80000004000e4004000e01a210000804000a4
:1045d800100078006101b8001e009000ae00900045
:1045e80000004100818049001007980021079800c9
:1045f8001e4fe80030c0b3009e4f1000efff36009a
:104608001e009000ae0090004e09dd004200de0062
:1046180000007100c208de000080fa0000000600f9
:104628000800fa00100798009e009000b0bd240012
:10463800808f5000040036009e009000c03f250087
:10464800808f50000900360042d6bf000040e800c5
:1046580042f6b70042d6bf00e24f500019003600bc
:104668000000eb0030079800180037000040eb000e
:1046780042f6b700caff0700000f78009e009000be
:104688001e00780000805000200798002e0090003f
:104698000000e00003003d002e0090000000ea004a
:1046a800200798002e0090009e007800c208de00c7
:1046b800810f5000030036000000eb00300798001f
:1046c8000200370010002000300798003e009000dc
:1046d8000080fa00000006000000fa001fe1a900af
:1046e8000000eb00a0088800808d8000803eb000ac
:1046f800d00888001fe1a8000080fa00000006002a
:104708000000fa00907f8000640060000000e00074
:104718001c0032000000eb00c0088800217a8000ed
:1047280000002100008060000000e00003003a0063
:1047380030682000e008880002003700d0562000ca
:10474800e008880086c0a9008ec0a80021e1a80062
:1047580010002000e0b4880010c0b3009af6b7003b
:104768001000200060ac880087a0a900e114200098
:104778009140780080cfb30000c060004ee1b700e0
:104788008fa0a9000080fa00000006000000fa00cf
:104798000000eb0000b588000000eb00700a8800fc
:1047a8004ee1a900e114200091407800f0c9b3005f
:1047b80000c060004ee1b700e1142000914078008d
:1047c80080cfb30000c060003040b3004ee1b700b6
:1047d800210a20009140780000c7b30000c0700093
:1047e800a2e0b70087a0a9008fa0a8000080fa0067
:1047f800000006000000fa000000eb0080088800b6
:104808000000eb003008880011a1a90010c1a90020
:104818001021a9000111200091407800f0ccb300cc
:1048280000c060000044a00010e1b7001061a900ba
:1048380011e1a9000080eb006008880071092000e0
:104848009140780080cfb30000c060006040b300a2
:1048580097e0b70084c0a9008cc0a9000000eb0055
:10486800900888000000eb005008880013a1a900f8
:1048780012c1a9001221a90021112000914078003d
:10488800f0ccb30000c060000044a00012e1b70003
:1048980013e1a8000080eb0070088800710920006f
:1048a80091407800f0c8b30000c0600001c6b300b2
:1048b8000140700097e0b70084e0a9008ce0a900ef
:1048c8000000eb00f00888000000eb00a00888005a
:1048d80000e22400d00888001fa1a8001ec1a9007a
:1048e8001e21a900e111200091407800f0ccb3000e
:1048f80000c060000044a0001ee1b7001fe1a9004d
:104908001e61a900e109200091407800f0c8b300b9
:1049180000c0600001c6b300014070009ee0b7000f
:1049280086a0a9008ea0a8000000eb00000988005e
:104938000000eb00c008880021a1a80020c1a90040
:104948002021a9000112200091407800f0ccb3008a
:1049580000c060000044a00020e1b70021e1a900e8
:1049680020b68000e0088800f10920009140780016
:1049780080cfb30000c060006040b3009fe0b70084
:1049880086c0a9008ec0a9000080fa0000000600b9
:104998003600f800809fbe00829fbe00849fbe0044
:1049a800869fbe003400f80000002000a0018800a7
:1049b8000000fa00f22fa80087a0a900e114200047
:1049c8009140780080cfb30000c060003040b30051
:1049d8004ee1b7000000eb0020b28800600a8000ba
:1049e800e0b28800e1b2800020b58000808f5000de
:1049f80005003900e0b2800021b5800001005000b8
:104a0800f0b2880005003700e1b2800020b58000d0
:104a1800008050000000e900f0b28800f1b2800088
:104a2800c0bd2400808f500014003600f1b2800011
:104a3800b03f2500808f500010003e00bad1bf0063
:104a48000080fb00f2b2800000004000e40040005b
:104a5800e01a21000080400002087800bad1bf00a7
:104a68000080fb000000e80042002000110009005f
:104a78000200d8008000fd00baf1b700c8fe0700a8
:104a8800708d8800f0b28000e5fe0700bbf1b7002a
:104a9800bbd1bf000004e00005003200708d80002b
:104aa800808d88000cff070010c0b3004ef6b700d9
:104ab800e0b2800020b58800bbd1bf000004e00050
:104ac800010032000eff07000080fa003400f900f0
:104ad8004f03be004f02be004f01be004f00be0094
:104ae8003600f90000400600809fbe003400f80040
:104af80000002000a00188000000fa00e0b4800057
:104b0800e10f500015003a00d5c2bf0068406000b0
:104b18000004e00011003a00bbd1bf000004e0002f
:104b28000e0032000000eb00e0b4880021e1a9008b
:104b380086c0a9008ec0a90087a0a9008fa0a800e0
:104b4800e11420009140780080cfb30000c06000dd
:104b58003040b3004ee1b70020003700e0b48000d9
:104b6800e10f500011003a00d5c2bf006840600054
:104b78000004e0000d003200bbd1bf000004e000db
:104b88000a00320020002000e0b4880087a0a900b5
:104b98008fa0a900e11420009140780080cfb300d5
:104ba80000c060004ee1b7000c003700e0b48000a0
:104bb800e10f500009003a00d5c2bf00684060000c
:104bc8000004e00005003a00bbd1bf000004e0008b
:104bd80002003a0020002000e0b48800e0b4800021
:104be800e20f50001d003a000000eb00c0088800ea
:104bf800e0808000e00888004fd6bf00e14f5000f9
:104c080006003a000040eb004ff6b700e1088000cc
:104c180080c12f0000804000e008880040b4800078
:104c280020b6880086c0a9008ec0a80021e1a8008f
:104c3800217a800000102000008060000000e00061
:104c480003003a0030002000e0b488004c00370030
:104c5800b0002000e0b4880049003700e0b48000cc
:104c6800e30f50000c003a0040002000e0b4880038
:104c78000000eb00c008880020b68000e00888002b
:104c880086c0a9008ec0a80021e1a800d662a800ad
:104c9800d642a8003a003700e0b48000e40f500084
:104ca80013003a0050002000e0b4880030002000d3
:104cb800f0b488000000eb0030088800f1b58000ef
:104cc80020b68000008050006008880084c0a900d9
:104cd8008cc0a80011e1a800d662a900d642a9009c
:104ce800d622a90086c0a9008ec0a90024003700da
:104cf800e0b48000eb0f50000c003a00c000200028
:104d0800e0b488000000eb00c008880020b68000ee
:104d1800e008880086c0a9008ec0a80021e1a8008c
:104d2800d662a800d642a80015003700e0b480007b
:104d3800ec0f500012003a00d0002000e0b48800c8
:104d480050012000f0b488000000eb003008880013
:104d5800f1b5800020b6800000805000600888000f
:104d680084c0a9008cc0a80011e1a800d662a900df
:104d7800d642a900d622a90086c0a9008ec0a900e3
:104d88000080fa003400f9004f00be000040060021
:104d9800809fbe003400f80000002000a0018800b9
:104da8000000fa0084c0a900f0b48000e30f5000ae
:104db8000c003a0040002000f0b488000000eb002e
:104dc8003008880020b680006008880084c0a900e8
:104dd8008cc0a80011e1a800d662a800d622a800bd
:104de8008f003700f0b48000e40f50000f003a0045
:104df80050002000f0b488000000eb003008880064
:104e0800f1b5800020b6800000805000600888005e
:104e180084c0a9008cc0a80011e1a800d662a9002e
:104e2800d642a900d622a9007d003700f0b4800040
:104e3800e50f50000c003a0060002000f0b4880034
:104e48000000eb003008880020b680006008880069
:104e580084c0a9008cc0a80011e1a800d642a8000f
:104e6800d622a8006e003700f0b48000e60f50008c
:104e78000f003a0070002000f0b488000000eb003a
:104e880030088800f1b5800020b68000008050000e
:104e98006008880084c0a9008cc0a80011e1a8009f
:104ea800d662a900d642a900d622a9005c00370024
:104eb800f0b48000e70f50000c003a00800020009a
:104ec800f0b488000000eb003008880020b68000ad
:104ed8006008880084c0a9008cc0a80011e1a8005f
:104ee800d642a800d662a8004d003700f0b4800072
:104ef800e80f50000f003a0090002000f0b488003e
:104f08000000eb0030088800f1b5800020b6800072
:104f1800008050006008880084c0a9008cc0a800e8
:104f280011e1a800d662a900d642a900d622a9009c
:104f38003b003700f0b48000e90f50000c003a0045
:104f4800a0002000f0b488000000eb0030088800c2
:104f580020b680006008880084c0a9008cc0a80022
:104f680011e1a800d622a800d662a8002c003700bc
:104f7800f0b48000ea0f50000f003a00b0002000a3
:104f8800f0b488000000eb0030088800f1b580001c
:104f980020b68000008050006008880084c0a90006
:104fa8008cc0a80011e1a800d662a900d642a900c9
:104fb800d622a9001a003700f0b48000eb0f500089
:104fc8000c003a00c0002000f0b488000000eb009c
:104fd8003008880020b680006008880084c0a900d6
:104fe8008cc0a80011e1a800d622a800d642a800cb
:104ff8000b003700f0b48000ec0f500008003a00b6
:10500800d0002000f0b48800d662a900d642a900da
:10501800d622a90084c0a9008cc0a90011e1a9006a
:10502800f0b48000f50f50000c003a006001200039
:10503800f0b488000000eb003008880020b680003b
:105048006008880084c0a9008cc0a80011e1a800ed
:10505800d642a800d622a8008f003700f0b48000fe
:10506800f60f50000f003a0070012000f0b48800dd
:105078000000eb0030088800f1b5800020b6800001
:10508800008050006008880084c0a9008cc0a80077
:1050980011e1a800d662a900d642a900d622a9002b
:1050a8007d003700f0b48000f70f50000c003a0084
:1050b80080012000f0b488000000eb003008880070
:1050c80020b680006008880084c0a9008cc0a800b1
:1050d80011e1a800d662a800d622a8006e00370009
:1050e800f0b48000f80f50000f003a009001200043
:1050f800f0b488000000eb0030088800f1b58000ab
:1051080020b68000008050006008880084c0a90094
:105118008cc0a80011e1a800d662a900d642a90057
:10512800d622a9005c003700f0b48000f90f5000c7
:105138000c003a00a0012000f0b488000000eb0049
:105148003008880020b680006008880084c0a90064
:105158008cc0a80011e1a800d642a800d662a80019
:105168004d003700f0b48000fa0f50000f003a00ed
:10517800b0012000f0b488000000eb00300888007f
:10518800f1b5800020b680000080500060088800db
:1051980084c0a9008cc0a80011e1a800d662a900ab
:1051a800d642a900d622a9003b003700f0b48000ff
:1051b800fb0f50000c003a00c0012000f0b488003a
:1051c8000000eb003008880020b6800060088800e6
:1051d80084c0a9008cc0a80011e1a800d622a800ac
:1051e800d642a8002c003700f0b48000fc0f500015
:1051f8000f003a00d0012000f0b488000000eb0056
:1052080030088800f1b5800020b68000008050008a
:105218006008880084c0a9008cc0a80011e1a8001b
:10522800d662a900d642a900d622a9001a003700e2
:10523800f0b48000fd0f50000c003a00e00120009f
:10524800f0b488000000eb003008880020b6800029
:105258006008880084c0a9008cc0a80011e1a800db
:10526800d622a800d662a8000b003700f0b4800050
:10527800fe0f500008003a00f0012000f0b488004a
:10528800d662a900d642a900d622a90084c0a900e6
:105298008cc0a90011e1a9000080fa003400f900cf
:1052a8004f00be00004006003600f800809fbe0098
:1052b800829fbe00849fbe00869fbe003400f80017
:1052c80000002000a00188000000fa00808d800006
:1052d800d00888000040eb00bbf1b700bbd1bf008d
:1052e8000004e00001003a0005fd07004ed6bf00ab
:1052f8000004e000080032000040eb004ef6b70062
:1053080010c0b3004ff6b700818d800080c12f0018
:1053180000804000d00888000000eb00a00888004a
:1053280086a0a9008ea0a8001fe1a8000080fa00ae
:105338003400f9004f03be004f02be004f01be000b
:105348004f00be003600f90000400600809fbe00f6
:10535800821f78003400f80000002000a0018800b7
:105368000000fa0085e0a900d4c2bf000080fb005d
:105378004600de00e140600030b28000614060001d
:1053880080cf50000d003200d4c2bf000080fb0067
:105398004600de00614060000080fb0061016000a3
:1053a80031b28000e0ff2f00008060000200700032
:1053b80030b288000000eb0040b28800d4c2bf00c1
:1053c8000080fb004500de00e140600030b2800054
:1053d8000000d1006140600080cf50000e00320014
:1053e800d4c2bf000080fb004500de0061406000c1
:1053f8000080fb00610060000001400031b28000c5
:10540800d0ff2f00008060000200700030b28800da
:105418000000eb0050b28800d4c2bf000080fb003f
:105428004400de00e140600030b280004200de004f
:105438006140600080cf50000e003200d4c2bf002f
:105448000080fb004400de00614060000080fb003b
:10545800610060004201dd0031b28000b0ff2f0022
:10546800008060000200700030b288000000eb008d
:1054780060b2880010b38000e30f5000680032006b
:1054880010b38000e40f500065003200707e800089
:10549800fb0f50006200360030b2800061006000ef
:1054a8000000e00006003a0000b580000000e000bf
:1054b80003003a001000200000b5880058003700ab
:1054c80030b28000610060000000e0000800320097
:1054d80000b58000e10f500005003a0020002000d0
:1054e80000b5880050088000d0b288004c00370012
:1054f80030b28000620060000000e0004800320026
:1055080000b58000e20f500045003a000000eb00b3
:1055180000b5880050088000c0b28800c1b2800081
:10552800d0b28000808f500005003600c0b28000e5
:10553800d1b2800001005000b0b2880009003700e5
:10554800d0b28000800078000080eb00010050009d
:10555800b0b28800b1b28000c0b2800000804000c4
:10556800b0b28800b1b2800070322200808f500043
:1055780016003e0080b280000000e80080b288007b
:105588000000eb0090b288000000eb00a0b2880099
:1055980080b28000e60f500021003600f34fa900ca
:1055a8005000200000b588000000eb0080b28800a1
:1055b800217a800000202000008060000000e000c8
:1055c80017003200450fa9001500370090b280007f
:1055d8000000e80090b288000000eb0080b288006c
:1055e8000000eb00a0b2880090b28000e60f5000e7
:1055f8000b003600f34fa8005000200000b58800cb
:105608000000eb0090b28800217a80000020200082
:10561800008060000000e00001003200450fa80093
:105628000080fa003400f9004f0178004f00be00f6
:10563800004006001200fa00c5d2bf000004e000d6
:1056480058013200c2d1bf008080fb00a0828000d8
:10565800808f50004f013a0042d2bf00e34f500004
:105668004c01360042d2bf0000c0e90080407800fb
:10567800201c2100940307003007980042d2bf0085
:105688000080fb008080e900201c21000080400091
:10569800104078000080fb004801dd0042d2bf00c6
:1056a8000080fb008000e900201c210000804000f1
:1056b800104078000080fb0000007100200798006f
:1056c800be0090002e009000808f500031013a00fb
:1056d800c3d1bf000080fb00700798007e009000d7
:1056e800e60f500060003200fe009000f08f50007e
:1056f800c30032007e019000e30f51000100320028
:105708002401370042d2bf00e84f500021013a007f
:10571800c4d1bf000080fb00c800dd00c5d1bf00b8
:105728000080fb000080700060079800c6d1bf00b1
:105738000080fb00c800dd00c7d1bf000080fb006f
:1057480000807000500798005e0090000000e000a4
:1057580010013200de009000d0032000808f50003e
:105768000c013e00ee009000f0072000808f5000f2
:1057780008013e00010820006e0090008080500063
:105788005e009000808f500002013900a0828000e6
:1057980043f2b70030c0b30044f2b7005e00900097
:1057a8000000400045f2b7000000eb0040079800f9
:1057b800240037004e00900000004000e301400044
:1057c800ee0090004e0090000080400080004000f5
:1057d800c047210000804000100078004800de002b
:1057e800004178000108200083804000201c21002f
:1057f80000804000124098004e00900000004000d9
:10580800e4014000ee0090004e009000008040004f
:1058180080004000c0472100008040001000780050
:10582800004178000108200083804000201c2100ee
:1058380000804000124098004e0090000000e800f0
:1058480040079800ce0090005e009000808f5000c6
:10585800d8ff39005e00900000004000634040001f
:1058680025010700cb00370042d2bf00e84f5000a7
:10587800c8003a00c4d1bf000080fb00c800dd00aa
:10588800c5d1bf000080fb00008070006007980051
:10589800c6d1bf000080fb00c800dd00c7d1bf0033
:1058a8000080fb000080700010079800ee00900058
:1058b800f0072000808f5000b6003e006e00900078
:1058c80080004000c0472100008040009e009000fa
:1058d800010878006e019000020f98006006200011
:1058e8008e089000808f5000220032006006200051
:1058f8000e099000800f510009003e00400620006c
:105908008e089000808f50000e0032005006200054
:105918000e099000800f510010003200220037005d
:10592800700620008e089000808f50001900320009
:10593800800620000e099000800f510018003200e8
:10594800190037009e009000a00a2000808f5000a8
:1059580015003a008e15a800130037009e0090002d
:10596800b00b2000808f50000f003a008e35a80041
:105978000d0037009e009000c00c2000808f500062
:1059880009003a000000eb00107a88008eb5a800e4
:10599800050037001e0090003081880002003700a3
:1059a80040002000e07f88000000eb0040079800de
:1059b8000d0037004e019000ce009000201c210001
:1059c800008040009041780001082000828040005b
:1059d800201c210000804000134098004e009000d9
:1059e8000000e800400798004e009000e50f5000c6
:1059f800f0ff360060c0b300bf0007006500370045
:105a080042d2bf00e84f500062003600c4d1bf0048
:105a18000080fb00c800dd00c5d1bf000080fb008e
:105a28000080700060079800c6d1bf000080fb00ae
:105a3800c800dd00c7d1bf000080fb0000807000f7
:105a480050079800c8d1bf000080fb00000f780005
:105a58005e0090000000e0004e003200de00900082
:105a6800b0032000808f50004a003e005e00900086
:105a7800000040009e0f500046003a0042d2bf008e
:105a88008080fb001e01780069004100808f500073
:105a980040003a00ee009000f0072000808f500090
:105aa8003c003e00010820006e00900080805000fd
:105ab8005e009000808f5000360039000000eb0037
:105ac800400798001a003700ee0090004e00900042
:105ad800808140004e00900000004000e700400038
:105ae800201c210000804000104078000080fb004e
:105af8004801dd004e00900000004000e800400032
:105b0800201c210000804000104078000080fb002d
:105b18000001710083804100c047210000804000df
:105b2800020878004e0090000000e8004007980046
:105b3800ce0090005e009000808f5000e2ff390098
:105b48000000eb00400798000d0037004e01900060
:105b5800ce009000201c2100008040009041780079
:105b68000108200082804000201c210000804000a5
:105b7800134098004e0090000000e800400798008d
:105b88004e009000e50f5000f0ff360060c0b300f3
:105b9800590007000040eb0042f2b7000040eb005c
:105ba800c5f2b7000080fa00000006000000fa0005
:105bb800de42a800de62a90021e2a900b0828000ce
:105bc8006101b80000122a0071002000d2e9070024
:105bd8000000e900a01088000000eb0060108800b9
:105be8000de2a8000d42a9000000eb00701088002b
:105bf8000f42a8008520a9008d20a800dec2a900b8
:105c0800e2c2a8000080fa0000000600809fbe00e3
:105c18003400f80000002000a00188000200fa000b
:105c28000ec2bf00624060000004e00007003200be
:105c38000e22a90040968000519680006100400025
:105c4800e080480040968800519688000ec2bf0048
:105c5800644060000004e0001e0032000e42a9000b
:105c68001c00370090108000004f7800c5d2bf009c
:105c78000004e00011003a0042d2bf000004e00036
:105c88000b00350042d2bf008080fb00201c2100a1
:105c9800008040001e48780042d2bf000040e80063
:105ca80042f2b7000000eb00309688000900370088
:105cb8000040eb0042f2b700060037004096800033
:105cc8005196800061004000e080480040968800be
:105cd800519688000ec2bf00614060000004e000d9
:105ce800e0ff3a008520a9000080fa003400f9009e
:105cf8004f00be00004006000800fa006047980008
:105d0800ee409000e0c7b30080cf50000700360097
:105d1800409680005196800061004000e080480075
:105d2800409688005196880041003700ee40900068
:105d380030242100e4010700200798006e409000fd
:105d48008080fb002e0090004800de0000417800b3
:105d58000108b000201c210000804000124098007b
:105d68006e4090000080fb008000e8002e0090004c
:105d7800004178000108b000201c2100008040008c
:105d8800124098006e40900000c0e800c3f2b700cf
:105d98000040eb00c4f2b700e2c2a9000000eb002b
:105da800100798000f0037000fc2bf006240600064
:105db8000004e000fcff3a001e00900001082000eb
:105dc80080804000201c210000804000104090008e
:105dd8000080fb00801088001e0090000000e80092
:105de80010079800c3d2bf008080fb001e009000ff
:105df800808f5000ecff3e000fc2bf006140600082
:105e08000004e000fcff3200020037009010800020
:105e1800004f78000ec2bf00614060000004e0003f
:105e2800faff3a000e22a9008520a900e2c2a800c4
:105e38000080fa0000000600809fbe00821f7800e4
:105e48003400f80000002000a00188000000fa00db
:105e58008540a900412c210091407800c3d2bf00a1
:105e680080cf50000d003100422c210012417800f3
:105e78000280fb000108200080804000201c2100d7
:105e880000804000104090000080fb0080108800d7
:105e98000240e800c4f2b700050037000fc2bf0097
:105ea800614060000004e000fcff3200e2c2a8008c
:105eb8000080fa003400f9004f0178004f00be005e
:105ec800004006000800fa000000eb0030079800c8
:105ed8000000eb00200798000000eb001007980076
:105ee8000000eb00000f780010b38000e30f5000b3
:105ef8000300320010b38000e40f500007003a009e
:105f0800e0408000e0a38800f0408000f0a3880013
:105f18000041800000a48800060037000000eb0064
:105f2800e0a388000000eb00f0a388000000eb006d
:105f380000a48800707e800010a48800807e800005
:105f480020a48800907e800030a48800412d200085
:105f58009140780000c8b30000c060000004e00071
:105f680003003a003e0090000000a00030079800af
:105f7800e0c2bf00614060000004e00003003a0096
:105f88003e0090000010a00030079800e0c2bf005b
:105f9800624060000004e00003003a003e00900008
:105fa8000020a00030079800e6c2bf0062406000f1
:105fb8000004e00003003a003e0090000030a0001a
:105fc80030079800e6c2bf00614060000004e000ae
:105fd80003003a003e0090000040a00030079800ff
:105fe800cfc2bf000042b2000004e00004003a0043
:105ff8003e00900001022000010070003007980068
:10600800cfc2bf000044b2000004e00004003a0020
:106018003e00900001042000010070003007980045
:10602800c8c2bf00644060000004e00004003a00f9
:106038003e00900001082000010070003007980021
:10604800c8c2bf00684060000004e00004003a00d5
:106058003e009000011020000100700030079800f9
:10606800c8c2bf00704060000004e00004003a00ad
:106078003e009000012020000100700030079800c9
:10608800207a800001102000010060000000e0007c
:10609800040032003e00900001002800010070005a
:1060a800300798003e00900040a48800e9c2bf0075
:1060b8000044b2000004e000030032002e0090000b
:1060c8000000a00020079800e9c2bf0070406000ef
:1060d8000004e000030032002e0090000010a00031
:1060e80020079800e9c2bf000042b2000004e000a7
:1060f800030032002e0090000020a0002007980026
:10610800e9c2bf0001c8b300014060000004e0001c
:10611800030032002e0090000030a00020079800f5
:10612800d0c2bf00624060000004e00003003200fb
:106138002e0090000040a00020079800d0c2bf00a9
:10614800644060000004e000040032002e0090006b
:10615800010220000100700020079800e8c2bf007b
:1061680001c8b300014060000004e00004003200f0
:106178002e00900001042000010070002007980004
:10618800e9c2bf00614060000004e0000400320082
:106198002e009000010820000100700020079800e0
:1061a800e9c2bf00624060000004e0000400320061
:1061b8002e009000011020000100700020079800b8
:1061c800e8c2bf000044b2000004e000040032004e
:1061d8002e00900001202000010070002007980088
:1061e8002e00900050a4880010b38000000f7800a3
:1061f8001e00e00003003200100020009e0f100077
:106208000a003a00017a8000a0aa2a00808f500074
:1062180003003a004000200060a488001a003700fc
:106228001e00780060a488001700370020002000b6
:106238009e0f100003003200300020009e0f100057
:1062480003003a002000200060a488000e003700f8
:10625800400020009e0f100003003a00300020008c
:1062680060a4880008003700500020009e0f10002e
:1062780003003a005000200060a4880002003700a4
:106288000000eb0060a48800e07e800070a4880015
:10629800107a800080a48800d07f800090a48800b5
:1062a800307f8000a0a48800c07d2000b0a48800b2
:1062b80070af8000c0a4880090868000d0a48800b9
:1062c80060af8000e10f500003003a001e0090000c
:1062d8000000a0001007980070ac80006400600007
:1062e8000000e000030032001e0090000010a00033
:1062f8001007980000b18000e10f500003003a0039
:106308001e0090000020a00010079800e17e800089
:1063180070868000808f500004003900207a800049
:10632800700060000000e00003003a001e009000ca
:106338000030a000100798001e009000e0a488001c
:10634800207a800001002200010060000000e000c7
:1063580003003a00f0b58000f0a48800020037007e
:10636800d07e8000f0a48800e080800000a588002e
:10637800b0b4800010a58800808b800020a588001c
:10638800608b800030a58800f08b800040a58800d5
:10639800e08b800050a58800208c800060a58800d4
:1063a8000080fa00000006000400fa00889fbe0082
:1063b80080858000918580000001be00a07f80005c
:1063c800b17f8000800f5100818f59003700310064
:1063d80080858000918580004609dd004a00de0046
:1063e80000007100ca88de00000f7800a07f8000de
:1063f800b17f80004609dd004a00de000000710020
:10640800ca08de00100798001e0090001e00500009
:106418000100200000ac880011ac880030818000a9
:106428006104b80006ac800017ac800088007800d2
:1064380006007800000ab80007c0b9000501780016
:106448000001410009b0b900000141008202780052
:10645800e4ab8800f5ab88008085800091858000da
:106468000004be00e2ab8000f3ab8000f0ff230025
:10647800010020000200400083804800f2ff27004e
:1064880003002000aae807004a09dd00c600de0074
:10649800810071004a00dd00080040008980480042
:1064a800a0808800b180880004003700a07f8000a9
:1064b800b17f8000a0808800b18088004f04be00b2
:1064c8000080fa00000006000a00fa003007980071
:1064d800014f98000080eb00200798000040eb0077
:1064e800204798000040eb00104798002000370034
:1064f8003e009000104078008080fb002e00900045
:1065080001006800200798003e0090000000e800a5
:10651800300798000040eb00004f78000e0037006d
:106528002e009000610060000004e00006003200c8
:106538002e0090008000d10010002a000080680022
:1065480020079800030037002e0090000000d100bb
:10655800200798001e4fe80070c0b3009e4f10003f
:10656800efff36001e4090000040e80010479800fa
:106578009e4090000e48900080cf5000dcff39000c
:106588002e0090004800de00204798002e00900062
:10659800c800dd002e4090000080fb0000807000e5
:1065a8000080fa00000006000000fa0080252000a4
:1065b80040b488000000eb0030b48800f24fa90016
:1065c800f30fa900f2cfa900f20fa900f26fa900fa
:1065d800f28fa900f2afa9000000eb00008088004c
:1065e8000000eb0090b48800e07f8000e20f5000cc
:1065f80005003e00a07f8000b17f8000c080880039
:10660800d180880007003700e07f8000e30f50004a
:1066180004003a000084800011848000c080880053
:10662800d18088000000eb0040b688000000eb0035
:10663800008088006000b8001081880021818800ef
:106648000000eb00d07f88000000eb00d0818800bc
:106658000000eb0080818800430fa900432fa900a8
:106668006076a9006016a9006036a9000000eb005a
:10667800b08c88000000eb00c08c88000000eb00a4
:10668800e08c88000000eb00d08c88000000eb0054
:10669800f08c88000000eb00008d88000000eb0003
:1066a800208d88000000eb00108d88000000eb00b2
:1066b800308d88000000eb00408d88000000eb0062
:1066c800608d88000000eb00508d88000080fa0083
:1066d800000006000000fa00f24fa900f30fa9001d
:1066e800d512a900e982a90087a0a900e114200019
:1066f8009140780080cfb30000c060003040b30004
:106708004ee1b7008fa0a800d662a900d642a90022
:10671800d622a90037f807000000eb00e0b4880093
:106728000000eb00f0b488000080fa0000000600ca
:106738000000fa0070b480000000e00009003a0090
:1067480000b38000620060000000e00005003a002d
:106758001000200070b488000000eb0080b48800ae
:106768006036a9000080fa00000006000000fa0068
:1067780070b480000000e0000f003200e9e2a900d8
:10678800d022a80080b480000000e80080b488000f
:1067980081b48000c0122000808f500006003600af
:1067a800d022a9000000eb0080b488000000eb00b4
:1067b80070b488006036a8000080fa000000060067
:1067c8000000fa0000b38000610060000000e000f3
:1067d80028003a006036a900e0c2bf0061406000ae
:1067e8000004e00003003200d022a900e9e2a8007a
:1067f80001003700e9e2a90090b480000000e80039
:1068080090b4880091b48000401f2000808f500011
:1068180018003600e9e2a9000000eb0090b48800f7
:106828006016a800f20fa900aaff0700aa02070035
:106838000000eb00d07f880070ac8000680060002a
:106848000000e0000b003a00207a800001042000dc
:10685800010060000000e00006003200307a80008d
:1068680001002800010060000000e0000100320083
:10687800420fa8000080fa00000006000000fa009d
:106888006000b80010818800218188000000eb00ba
:1068980040b6880060b6a8006096a900e9e2a900a1
:1068a800f20fa9008bff0700a1ff0700207a8000e4
:1068b800640060000000e0000200320010002000c8
:1068c80040ac8800a0b380000000e800a0b38800b6
:1068d800a1b38000c0122000808f5000180036003d
:1068e8000000eb00a0b388000000eb0040ac88007b
:1068f8006036a80070ac8000680060000000e0000e
:106908000b003200207a80000104200001006000a2
:106918000000e00006003200307a80000100280004
:10692800010060000000e00001003200420fa800f2
:106938000000eb0010b388000000eb00b0b4880042
:106948000080fa00000006000000fa00b0b48000e1
:106958000000e00026003a0070ac8000640060008f
:106968000000e00022003200a08680000000e00065
:106978001f003a0000b18000e10f50001c003a00ef
:10698800207a800001002800010060000000e0007b
:1069980017003a00e17e800070868000808f5000ea
:1069a80004003900207a8000700060000000e000d8
:1069b80042013a001000200010b3880010002000a7
:1069c800b0b48800e9c2a8001000200020ac8800fc
:1069d800d042a9000000eb0040ac88000000eb00aa
:1069e80030ac88000000eb00b08788003301370026
:1069f800b0b48000e10f500059003a0070ac80003c
:106a0800640060000000e00007003a000000eb00ae
:106a180010b388000000eb00b0b48800e9c2a900f8
:106a28000000eb0020ac8800e17e800070868000ca
:106a3800808f50000b003600207a800070006000c4
:106a48000000e000070032000000eb0010b38800ef
:106a58000000eb00b0b48800e9c2a9000000eb0018
:106a680020ac8800207a8000010028000100600026
:106a78000000e000070032000000eb0010b38800bf
:106a88000000eb00b0b48800e9c2a9000000eb00e8
:106a980020ac880070ac8000610060000000e0005d
:106aa80006013200207a8000010024000100600005
:106ab8000000e000010032006096a80020002000dd
:106ac80010b388000000eb0040b288000000eb0023
:106ad80050b288000000eb0060b28800200020005f
:106ae800b0b488000000eb0030b38800e982a80049
:106af800e9c2a9000000eb0020ac8800c3f1070040
:106b0800a9fe07009186800020828000808f5000b7
:106b18000100360043cfa8000000eb008086880003
:106b28006000b8007087880081878800b08b80007b
:106b3800c08b8800a08b8000b08b8800608b8000a1
:106b4800a08b88000000eb00608b88000000eb0041
:106b5800f08b88000000eb00e08b8800d70037003e
:106b6800b0b48000e20f500022003a0030b3800039
:106b78000000e80030b3880031b3800040062000f0
:106b8800808f5000cd00360060af8000e10f5000cc
:106b98000a003a00017a8000a0aa2a00808f5000db
:106ba80006003200207a8000610060000000e000ea
:106bb8000200320043efa800c0003700707e80005a
:106bc800008c880043efa9003000200010b3880033
:106bd8000000eb0030b388000000eb0040b38800f1
:106be80030002000b0b488001000200020b28800d7
:106bf800b2003700b0b48000ef0f50000b003a002d
:106c0800207a800001402000010060000000e000c0
:106c18000300320080002000b0b48800a7003700cd
:106c280030002000b0b48800a4003700b0b4800061
:106c3800e30f500009003a00f24fa800f30fa90033
:106c4800707b8000908688000000eb0080868800ba
:106c58000000eb0000b1880098003700b0b4800055
:106c6800e50f500002003a0004ff070093003700c8
:106c7800b0b48000e70f500014003a00a0968000de
:106c880001082000010060000000e0008b003200d5
:106c98000000eb00a086880060b6a8000000eb00aa
:106ca800107a8800d4f2a900d042a9000000eb00b5
:106cb80040ac88000000eb0030ac8800d022a9006e
:106cc8000000eb00b0b488007c003700b0b480004e
:106cd800e80f50002f003a00f24fa800f30fa90068
:106ce800707b8000908688000000eb00808688001a
:106cf8000000eb0000b18800517a800000f4210008
:106d0800010150000182800040062000010050006f
:106d18000090b90042062000110009000280d80046
:106d28006101b800808580009185800002004000e4
:106d380083804800c0808800d1808800c08080009f
:106d4800d18080004609dd004a00de0000007100a5
:106d5800ca08de00e080880012818000238180005c
:106d6800108280006a00b90001002000800f5100e5
:106d7800818f59005100360030002000b0b48800df
:106d8800a07f8000b17f8000c0808800d18088000b
:106d98004a003700b0b48000ea0f500017003a00ec
:106da800e982a80050b380000000e80050b38800d2
:106db80051b38000800c2000808f50003f003600c7
:106dc80012f107007003200020b388003080800093
:106dd80041808000c0808800d18088006000b800b1
:106de80010818800218188005000200010b388009d
:106df800b0002000b0b4880030003700b0b4800084
:106e0800eb0f500003003a00c0002000b0b4880027
:106e18002a003700b0b48000f10f500023003a0078
:106e2800e982a80050b380000000e80050b3880051
:106e380050b38000f40f500020003600f3f0070034
:106e48007003200020b388004081800051818000b9
:106e5800c0808800d1808800128180002381800052
:106e68002080800001002000800f5100818f590090
:106e78000400390010818000218180006081880031
:106e88000200370020808000608188006000b80020
:106e980010818800218188005000200010b38800ec
:106ea80020012000b0b4880004003700b0b480008e
:106eb800ed0f500001003a0070fe070070ac800032
:106ec800680060000000e00005003a00c0b48000df
:106ed8000000e00002003a0010002000c0b4880062
:106ee80070ac8000680060000000e0001000320014
:106ef800c0b48000e10f50000d003a0020002000cf
:106f0800c0b488004000200010b388004000200072
:106f1800b0b488006036a900217a800000002400ff
:106f2800008060000000e0000100320060b6a800a8
:106f380070ac8000680060000000e00005003a00c6
:106f4800c0b48000e20f500002003a000000eb00dd
:106f5800c0b4880070ac8000680060000000e000e9
:106f680013003200207a8000010420000100600034
:106f78000000e0000e003200b0b48000e30f5000c3
:106f88000b003e004000200010b3880040002000a5
:106f9800b0b488006036a900217a8000000024007f
:106fa800008060000000e0000100320060b6a80028
:106fb80070ac8000620060000000e0001700320042
:106fc800b0b48000e40f500014003a002080800024
:106fd8000000e000110032000000eb0040b688001d
:106fe8006000b8001081880021818800c00320005b
:106ff80010b388000000eb0050b388000000eb00dd
:1070080020b38800a0002000b0b48800e9c2a9001d
:107018000000eb0020ac88002a00370070ac80002c
:10702800620060000000e00013003200b0b480008d
:10703800e10f500010003600b0b48000e30f50009c
:107048000d003e00208080000000e0000a003200b1
:1070580010012000b0b48800e9c2a9000000eb00cc
:1070680020ac8800c0808000d180800040818800ea
:10707800518188001300370070ac80006200600006
:107088000000e0000f003200208080000000e000d7
:107098000c003a00b0b48000e10f5000090036003f
:1070a800b0b48000e40f500006003e00a0fd0700c9
:1070b80050002000b0b48800e9c2a9000000eb002d
:1070c80020ac8800107a80000000e0001c0032002c
:1070d80097fd07007ffd0700e9c2a9000000eb004b
:1070e80020ac8800d042a8001000200030ac8800f6
:1070f80060b6a8006096a900912e20009140780003
:1071080000c8b30000c060000004e00002003a00bc
:107118001000200040ac8800470007000000eb008a
:10712800d07f88006c00070010002000a08688002f
:107138000000eb0010b3880070002000b0b4880095
:10714800907f8000610060000000e00005003200d0
:1071580070ac8000620060000000e00001003a00ae
:1071680097fd070081fd0700b0b48000e40f5000d0
:107178001b003a0070ac8000680060000000e0006e
:1071880015003a00207a8000010420000100600008
:107198000000e00010003200307a80000100280072
:1071a800010060000000e0000b003200a0b4800085
:1071b8000000e800a0b48800a1b48000401f2000af
:1071c800808f500006003600420fa8000000eb0038
:1071d800a0b48800020037000000eb00a0b48800cb
:1071e80010b380000000e0000300320010b38000fc
:1071f800e10f50000e003a0070ac80007000600093
:107208000000e00005003a00a09680000110200070
:10721800010060000000e00003003200a0aa2a007c
:10722800007a8800020037000000eb00007a88002e
:107238000080fa00000006000400fa00517e800079
:10724800107a8000808f5000210032009002800068
:1072580010079800ff3ffc002104200091407800af
:1072680000ceb30000c0700042e0b7001e009000de
:1072780090028800c0c32f00f0798800f17980005f
:10728800f0072000120020003e0f0700f27980006e
:10729800f10720001300200020f420005d0f0700f4
:1072a800107a8000507e880090028000000f7800dd
:1072b800ff3ffc0042c0bf007f40600001c6b30032
:1072c8000140700042e0b7001e007800900288007c
:1072d8000080fa00000006000400fa00617e8000c9
:1072e800d07f8000808f5000210032009002800003
:1072f80010079800ff3ffc0021042000914078000f
:1073080000ceb30000c0700042e0b7001e0090003d
:1073180090028800e0c32f00f0798800f17980009e
:10732800f007200012002000160f0700f2798000f5
:10733800f107200013002000a0ff2000350f0700f0
:10734800d07f8000607e880090028000000f780067
:10735800ff3ffc0042c0bf007f40600001c6b30091
:107368000140700042e0b7001e00780090028800db
:107378000080fa00000006000000fa0000b6800055
:107388000000e00006003a00d4c2bf000044b2008a
:107398000004e00002003a001000200000b6880057
:1073a80000b68000e10f500008003a00d4c2bf00c8
:1073b8000044b2000004e000040032002000200075
:1073c80000b688005008800080b1880000b68000b0
:1073d800e20f500006003a00d5c2bf0068406000c6
:1073e8000004e00002003a003000200000b68800e7
:1073f80000b68000e30f50001a003a00d5c2bf0063
:10740800684060000004e000160032005008800068
:1074180070b1880071b1800080b18000808f500009
:107428000500360070b1800081b180000100500075
:1074380070af88000900370080b1800080007800b4
:107448000080eb000100500070af880071af800031
:1074580070b180000080400070af880040002000bc
:1074680000b6880000b68000e40f50001b003a0008
:10747800d182800070af8000808f500011003100f1
:10748800c182800070af8000808f50000d003600f0
:1074980090b180000000e80090b1880090b18000b1
:1074a800e30f5000040036000000eb0060af8800d6
:1074b8000000eb0090b188000000eb0000b68800e7
:1074c800060037000000eb0090b188001000200093
:1074d80060af88000000eb0000b688000080fa006a
:1074e800000006000000fa00907f80006200600043
:1074f8000000e0001a003200600a800020b1880015
:1075080021b1800030b18000808f50000500360026
:1075180020b1800031b180000100500010b1880016
:107528000900370030b18000800078000080eb004f
:107538000100500010b1880011b1800020b1800016
:107548000080400010b1880020b1800030b1880070
:107558000000eb00c0af8800f22fa900030037003d
:10756800c0af80000000e800c0af880011b1800003
:1075780000e82300808f50000a00360011b1800017
:10758800f05e2500808f500006003e000000eb00f2
:10759800a0af8800b0af80000000e800b0af88005e
:1075a80005003700a0af80000000e800a0af880009
:1075b8000000eb00b0af8800b0af8000e30f5000d0
:1075c80001003600f32fa800a0af8000e30f5000a1
:1075d80001003600f32fa90010b180000000e00080
:1075e8001000320011b1800000e82300808f5000a5
:1075f8000c00360011b18000701a2600808f5000f0
:1076080008003e0012b180000068290081092000ae
:10761800811f7800110009004288d800cf00780047
:10762800307f880010b1800062002000110009003e
:107638000280d80080af880081af8000c0a82000f9
:10764800808f50000b00360081af800070d420007e
:10765800808f500007003e00207a800062006000a2
:107668000000e0000300320080af8000f0b5880021
:107678000a003700207a8000010021000100600024
:107688000000e00003003a0050d02000f0b5880068
:107698000200370090ad2000f0b588000080fa00a5
:1076a800000006000000fa00b0b48000e30f5000ac
:1076b8002b003a00307a80000100210001006000b0
:1076c8000000e00026003200a17e8000a07e80003d
:1076d8000100b800b0868800c186880070878000e5
:1076e80081878000e00f5000e08f58000e003500c1
:1076f80070878000818780000001be00b08680000e
:10770800c18680000201400083814800d086800045
:10771800e186800000005100818059007087880050
:1077280081878800030037006000b80070878800f0
:10773800818788007087800081878000f2868000ba
:1077480003878000820f5000838f580004003400a4
:10775800422fa8006000b8007087880081878800e1
:10776800b0b48000e40f50002b003a00307a80005b
:1077780001002200010060000000e0002600320045
:10778800a17e8000a07e80000100b800b08688003d
:10779800c186880090878000a1878000e00f500094
:1077a800e08f58000e00350090878000a187800088
:1077b8000001be00b0868000c18680000201400042
:1077c80083814800d0868000e18680000000510057
:1077d8008180590090878800a187880003003700be
:1077e8006000b80090878800a18788009087800093
:1077f800a18780001287800023878000820f5000b5
:10780800838f580004003400422fa8006000b8009d
:1078180090878800a18788000080fa000000060091
:107828000000fa0010b380000000e0002a003a00cf
:1078380000b180000000e00027003a00f0b08000ae
:107848000000e800f0b08800f0b08000ea0f5000b7
:10785800210036000000eb00f0b088008086800030
:107868000000e0000a003a00908680000000e00076
:1078780007003a001000200000b188000000eb006b
:10788800808688000000eb00908688001200370090
:10789800808680000000e00009003a0090868000a1
:1078a8000000e00006003200b00320008086880057
:1078b800908680000000e900908688000600370066
:1078c800808680000000e00003003200808680008f
:1078d8000000e900808688000080fa0000000600a9
:1078e8000000fa00717e8000e0818000808f5000e7
:1078f80004003900d0af80000000e800d0af880055
:10790800020037000000eb00d0af8800817e8000c5
:10791800e0818000808f500004003900e0af8000d3
:107928000000e800e0af8800020037000000eb002c
:10793800e0af8800917e8000e0818000808f500059
:1079480004003900f0af80000000e800f0af8800c4
:10795800020037000000eb00f0af8800318580009e
:10796800d0af8000808f500008003900318580003a
:10797800e0af8000808f500004003900318580001e
:10798800f0af8000808f500007003100436fa800df
:107998000000eb00d0af88000000eb00e0af8800eb
:1079a8000000eb00f0af88000080fa00000006003d
:1079b8000000fa00717e8000f0818000808f500006
:1079c80004003e0000b080000000e80000b088001d
:1079d800020037000000eb0000b08800817e8000c4
:1079e800f0818000808f500004003e0010b08000bd
:1079f8000000e80010b08800020037000000eb002b
:107a080010b08800917e8000f0818000808f500047
:107a180004003e0020b080000000e80020b088008c
:107a2800020037000000eb0020b08800418580008c
:107a380000b08000808f5000080039004185800028
:107a480010b08000808f500004003900418580000c
:107a580020b08000808f500007003100438fa800bd
:107a68000000eb0000b088000000eb0010b08800b8
:107a78000000eb0020b0880020b28000ea0f500020
:107a880001003600434fa8000080fa0000000600fd
:107a98000000fa00d17e8000b0848000808f500002
:107aa80009003900b0b080000000e800b0b08800dc
:107ab800c1848000b0b08000808f50000400310085
:107ac80043afa800020037000000eb00b0b0880008
:107ad8000080fa00000006000000fa00a17e800085
:107ae80040868000808f50000900390030b0800047
:107af8000000e80030b088000185800030b08000c8
:107b0800808f500004003100426fa8000200370047
:107b18000000eb0030b08800c17e80004086800005
:107b2800808f50000900390040b080000000e80054
:107b380040b088000185800040b08000808f5000f0
:107b48000400310042afa800020037000000eb003b
:107b580040b088000080fa00000006000000fa002b
:107b6800a17e800050858000808f500009003e0073
:107b780060b080000000e80060b088006185800087
:107b880060b08000808f500004003100430fa800cf
:107b9800020037000000eb0060b08800c17e800062
:107ba80050858000808f500009003e0070b0800032
:107bb8000000e80070b088006185800070b0800027
:107bc800808f500004003100430fa80002003700e6
:107bd8000000eb0070b088000080fa00000006008a
:107be8000000fa00e17e800070868000808f5000df
:107bf8000900360050b080000000e80050b088004e
:107c08001185800050b08000808f50000400310042
:107c1800428fa800020037000000eb0050b0880037
:107c28000080fa00000006001400fa00a17e80001f
:107c3800b07e800000805000007f8800b17e800008
:107c4800c07e800000805000107f8800c17e8000c8
:107c5800a07e800000805000207f8800007f800088
:107c68000000e00003003d00007f80000000ea0003
:107c7800007f8800107f80000000e00003003d00c6
:107c8800107f80000000ea00107f8800207f8000bd
:107c98000000e00003003d00207f80000000ea00b3
:107ca800207f8800017f8000107f8000808f500037
:107cb80002003d00107f8000007f8800017f800067
:107cc800207f8000808f500002003d00207f8000d0
:107cd800007f8800a17e8000b07e80008080400008
:107ce800c07e80000080400001002000100798003e
:107cf800210798001e009000ae009000320020007e
:107d0800811f7800110009004288d800cf00780050
:107d180030079800007f8000cf80de008de10700eb
:107d2800000f9800110f98003e009000cf80de00f1
:107d380088e1070060079800710798003e009000ee
:107d48000000e00007003d00020020000378240046
:107d58006e009000fe00900086e207006007980021
:107d6800710798006e019000fe0190000e089000c7
:107d78009e089000f8e10700400798005107980016
:107d880002002000832c24004e009000de009000aa
:107d980033e20700d4e20700000f78006086800015
:107da8009e0f500012003e00528a8000638a8000b5
:107db800a000200001002000800f5100818f590091
:107dc8000b003400c0b080000000e800c0b088009c
:107dd80021858000c0b08000808f500001003100f4
:107de80042cfa8000000eb00d0b0880005003700a3
:107df800d0b080000000e800d0b088000000eb00a0
:107e0800c0b088000080fa00000006000000fa00f8
:107e1800707e8000f30f50000a003e0090af800093
:107e28000000e80090af880090af8000ea0f500093
:107e380006003600434fa8000000eb0090af880012
:107e4800020037000000eb0090af88000080fa00c5
:107e5800000006000000fa0040b280000000e800c0
:107e680040b2880050b280000000e80050b288009c
:107e780060b280000000e80060b2880041b2800073
:107e880020032000808f500008003e0051b280007f
:107e980020032000808f500004003e0061b2800063
:107ea80020032000808f500001003600424fa800b8
:107eb80010b38000e40f500006003a000000eb0009
:107ec80040b288000000eb0050b288000000eb00d0
:107ed80060b288000080fa00000006000000fa0086
:107ee800707e8000e90f50000a003e00e0b080007c
:107ef8000000e800e0b08800e0b08000ea0f500021
:107f0800070036006076a8000000eb0000b5880086
:107f1800030037000000eb00e0b088006076a9009d
:107f28000080fa00000006000000fa00b0b48000eb
:107f3800e20f500009003a00307a800070006000bb
:107f48000000e00005003200017a8000a0aa2a00a3
:107f5800808f500001003200beff0700b0b48000df
:107f6800e10f50000d003600b0b48000e30f500060
:107f78000a003e00307a8000010220000100600003
:107f88000000e00005003200017a8000a0aa2a0063
:107f9800808f5000010032009cff0700b0b48000c1
:107fa800e20f500003003200b0b48000e30f50002d
:107fb80005003a00307a8000620060000000e000ae
:107fc800010032007afe0700b0b48000e30f5000d1
:107fd80015003a00307a8000610060000000e0007f
:107fe800010032003efe0700307a80006400600025
:107ff8000000e00001003200b7fe0700307a800080
:1080080001042000010060000000e00001003200cf
:108018009ffe0700407a8000620060000000e000d8
:1080280001003200eefe0700b0b48000e40f5000fb
:108038001d003a00307a800001082000010060002d
:108048000000e0000100320025fe0700307a8000c1
:1080580001102000010060000000e0000100320073
:1080680053fe0700307a80000120200001006000e4
:108078000000e0000100320097fe0700307a80001f
:1080880001802000010060000000e00001003200d3
:108098007ffe0700407a8000640060000000e00076
:1080a80001003200adfe07000080fa000000060063
:1080b800809fbe003400f80000002000a001880066
:1080c8000000fa009ad6bf00e14f500014003a00b1
:1080d8009bd6bf000040e8009bf6b7009bd6bf00c8
:1080e800ee4f50000e0036000040eb009bf6b70044
:1080f8000040eb009af6b7000000eb0060ac880087
:1081080087a0a900e11420009140780080cfb30037
:1081180000c060003040b3004ee1b7008fa0a80057
:10812800a616a80040b580000000e80040b5880009
:1081380050b580000000e80050b5880060b58000a8
:108148000000e80060b5880070b580000000e80015
:1081580070b5880040b58000e90f50000300360074
:10816800a656a8000000eb0040b5880050b5800076
:10817800e40f500003003600a636a8000000eb000c
:1081880050b5880060b58000ee0f5000030036003f
:10819800a676a8000000eb0060b5880071b58000e5
:1081a80030062000808f500003003600a6d6a800b5
:1081b8000000eb0070b5880042d2bf000004e00068
:1081c8000a003200309680000000e80030968800ef
:1081d80030968000ea0f50000400360010c0b3004b
:1081e800c5f2b7000000eb00309688008460a90053
:1081f8000080fa003400f9004f00be00004006007d
:108208000000fa0010818000218180006100400098
:10821800e080480010818800218188001281800058
:10822800238180004006200001002000800f5100bb
:10823800818f59000c003600907f8000610060003b
:108248000000e00008003a001081800021818000d1
:1082580042062000811f7800110009004288d800da
:10826800cf007800d07f8800e07f80000000e00029
:10827800a3003a00907f8000010820000100600000
:108288000000e00061003a00708180008000780002
:1082980000868000808f5000170036009181800092
:1082a800a0818000808f50000a003400c2808000c6
:1082b800d3808000f08080000000d1000100200001
:1082c8000000510081805900c0808800d18088005a
:1082d80011003700c2808000d3808000f0808000c9
:1082e800010020000000510081805900c0808800f2
:1082f800d180880008003700c2808000d3808000c9
:10830800f0808000010020000000510081805900a9
:10831800c0808800d1808800b1818000c081800041
:10832800808f500010003400c2808000d38080000d
:10833800f080800001002000000051008180590079
:10834800c0808800d1808800c2808000d3808000ef
:10835800f080800001002000000051008180590059
:10836800c0808800d1808800c0808000d1808000d3
:108378008285800093858000820f5000838f58008b
:10838800040031008085800091858000c0808800cd
:10839800d1808800907f80000104200001006000e7
:1083a8000000e00009003a00d08180006a00400027
:1083b800d0818800d08180008000780030828000e1
:1083c800808f500001003600430fa8001281800002
:1083d80023818000c07f800001002000800f5100b1
:1083e800818f590001003600432fa800c08080000b
:1083f800d18080004609dd004a00de0000007100df
:10840800ca08de00e08088007201370080b580006d
:108418000000e80080b5880080b58000f30f5000a8
:108428000b003600e11420009140780080cfb300a3
:1084380000c060003040b3004ee1b70087a0a8003c
:108448000000eb0020b288000000eb0080b5880037
:10845800c2808000d3808000f0808000010020006e
:108468000000510081805900c0808800d1808800b8
:10847800c2808000d3808000808580009185800044
:10848800800f5100818f59001500310080858000d0
:1084980091858000c0808800d1808800008080009d
:1084a8000000e8000080880001808000800c200027
:1084b800808f500005003600907f800064006000c7
:1084c8000000e00001003200f20fa80001808000e7
:1084d80080252000808f500001003600432fa8001f
:1084e800c0808000d18080004609dd004a00de009f
:1084f80000007100ca08de00e080880035013700fe
:10850800e07f8000e10f500071003a00a17e8000fa
:10851800f07f8000808f50002a003100a17e80000b
:1085280010868000808f50000b003100c2808000d0
:10853800d3808000f1808000608280000088b900cc
:10854800010020000000510081805900c08088008f
:10855800d18088002c003700a17e80002086800012
:10856800808f50000b003100c2808000d3808000d3
:10857800f1808000708280000088b900010020002e
:108588000000510081805900c0808800d180880097
:108598001d003700c4808000d5808000f0808000f6
:1085a80082828000110009000280d80001002000aa
:1085b8000000520081805a00c0808800d180880065
:1085c80011003700908280000000e00003003a00ac
:1085d80040002000908288000b003700c480800093
:1085e800d5808000f0808000928280001100090010
:1085f8000280d800010020000000520081805a004b
:10860800c0808800d1808800c0808000d180800030
:108618008285800093858000820f5000838f5800e8
:10862800040031008085800091858000c08088002a
:10863800d1808800907f8000010420000100600044
:108648000000e00009003a00d08180006a00400084
:10865800d0818800d081800080007800308280003e
:10866800808f500001003600430fa800128180005f
:1086780023818000c07f800001002000800f51000e
:10868800818f590001003600432fa800d17f800058
:1086980010808000808f500005003600907f800099
:1086a800640060000000e00001003200f20fa80042
:1086b800c0808000d18080004609dd004a00de00cd
:1086c80000007100ca08de00e0808800c1003700a1
:1086d800e07f8000e20f500020003a00c280800056
:1086e800d3808000f080800001002000000051004d
:1086f80081805900c0808800d1808800c2808000b5
:10870800d38080008085800091858000800f510093
:10871800818f590004003100808580009185800098
:10872800c0808800d1808800d17f8000607a800076
:10873800808f500001003600f20fa800c080800032
:10874800d18080004609dd004a00de00000071008b
:10875800ca08de00e08088009e003700e07f8000c5
:10876800e30f500080003a0040b680000000e000af
:1087780005003a001000200040b688006000b800ec
:10878800108188002181880040b68000e10f5000e8
:1087980011003a00c2808000d380800020848000cd
:1087a800010020000000510081805900c08088002d
:1087b800d18088001281800023818000b0838000ee
:1087c80001002000800f5100818f590002003900fc
:1087d8002000200040b6880040b68000e20f50001c
:1087e80013003a00c2808000d3808000308480006b
:1087f800010020000000510081805900c0808800dd
:10880800d18088001281800023818000b18380009c
:10881800c08380000080400001002000800f5100cc
:10882800818f5900020039003000200040b68800ce
:1088380040b68000e30f500015003a00c280800067
:10884800d380800040848000010020000000510097
:1088580081805900c0808800d18088001281800002
:1088680023818000b1838000c08380008080400025
:10887800d08380000080400001002000800f51005c
:10888800818f5900020039004000200040b688005e
:1088980040b68000e40f500017003a00c280800004
:1088a800d380800050848000010020000000510027
:1088b80081805900c0808800d180880012818000a2
:1088c80023818000b1838000c083800080804000c5
:1088d800d083800080804000e083800000804000da
:1088e80001002000800f5100818f590002003900db
:1088f800a000200040b6880040b68000ea0f500073
:1089080006003a00207a800001082000010060007b
:108918000000e00001003200f20fa800c0808000d3
:10892800d18080008285800093858000820f50006e
:10893800838f580004003100808580009185800075
:10894800c0808800d1808800c0808000d1808000ed
:108958004609dd004a00de0000007100ca08de009a
:10896800e08088001b003700e07f8000e40f5000a3
:1089780017003a00a0808000b1808000c080880085
:10898800d1808800c2808000d380800080858000ec
:1089980091858000800f5100818f590004003100bb
:1089a8008085800091858000c0808800d180880003
:1089b800c0808000d18080004609dd004a00de00ca
:1089c80000007100ca08de00e0808800010037005e
:1089d80000000000e1808000508c8000808f5000f3
:1089e80002003100508c8000e08088000080fa008e
:1089f800000006000000fa0010818000218180003c
:108a080061004000e08048001081880021818800d2
:108a18001281800023818000400620000100200090
:108a2800800f5100818f59000800360010818000a6
:108a38002181800042062000811f78001100090072
:108a48004288d800cf007800d07f8800128180004b
:108a5800238180005000200001002000800f510079
:108a6800818f590008003600e9e2a900d022a80049
:108a7800207a800001002400010060000000e0006e
:108a8800010032006096a8001281800023818000d6
:108a9800c012200001002000800f5100818f590072
:108aa80016003600d022a900207a80000100240098
:108ab800010060000000e000010032006096a9009b
:108ac80070ac8000680060000000e0000b0032001d
:108ad800207a800001042000010060000000e0000e
:108ae80006003200307a8000010028000100600092
:108af8000000e00001003200420fa800c2808000a0
:108b0800d3808000708080000100200002004000b7
:108b180083804800c0808800d1808800c0808000a1
:108b2800d18080004609dd004a00de0000007100a7
:108b3800ca08de00e0808800f24fa800f30fa80002
:108b48005000200010b3880012818000238180002b
:108b58002080800001002000800f5100818f590083
:108b6800040036000000eb0020b38800d00020008d
:108b7800b0b488000080fa00000006000000fa0087
:108b8800108180002181800061004000e080480061
:108b98001081880021818800128180002381800053
:108ba8004006200001002000800f5100818f5900ed
:108bb80008003600108180002181800042062000d4
:108bc800811f7800110009004288d800cf00780082
:108bd800d07f8800c2808000d380800070808000b1
:108be800010020000200400083804800c080880007
:108bf800d1808800c2808000d3808000a07f800060
:108c0800b17f8000800f5100818f59000400360029
:108c1800a07f8000b17f8000c0808800d18088005c
:108c2800c0808000d18080004609dd004a00de0057
:108c380000007100ca08de00e0808800f24fa8003a
:108c4800f30fa8005000200010b3880012818000a4
:108c5800238180006081800001002000800f510086
:108c6800818f5900040036000000eb0020b3880013
:108c7800d0002000b0b488000080fa000000060090
:108c88000000fa00207a8000680060000000e00020
:108c980028003a00d4c2bf0001c8b30001406000f8
:108ca8000004e0000d003a000000eb0090ac8800e2
:108cb80080ac80000000e80080ac880080ac8000b8
:108cc800ea0f5000070036000000eb0080ac880077
:108cd8008e15a8008e35a900020037000000eb00b1
:108ce80080ac8800e0c2bf00614060000004e00082
:108cf8000d003a000000eb00d0ac8800c0ac80004a
:108d08000000e800c0ac8800c0ac8000ea0f50004a
:108d1800550036000000eb00c0ac88008e35a80076
:108d28008e15a900500037000000eb00c0ac880089
:108d38004d003700d4c2bf0001c8b3000140600035
:108d48000004e0000e003a00b0b48000e10f5000cb
:108d58000b003a00a0ac80000000e800a0ac88003e
:108d6800a0ac8000e50f5000070036000000eb00c3
:108d7800a0ac88008e15a8008e35a9000200370027
:108d88000000eb00a0ac8800d4c2bf0001c8b3004b
:108d9800014060000004e00013003200b0b480001d
:108da800e20f500010003600b0b48000ea0f500007
:108db8000d003e00e0ac80000000e800e0ac880058
:108dc800e0ac8000e50f5000090036000000eb0021
:108dd800e0ac88008e35a8008e15a9000000eb00d5
:108de800c0b58800020037000000eb00e0ac880046
:108df80070ac8000610060000000e0000b003200f1
:108e08000000eb00a0ac8800b0ac80000000e800d7
:108e1800b0ac8800b0ac8000e50f5000030036000d
:108e28000000eb00b0ac88008e15a90070ac800083
:108e3800620060000000e0000b0032000000eb0060
:108e4800e0ac8800f0ac80000000e800f0ac8800de
:108e5800f0ac8000e50f5000030036000000eb0086
:108e6800f0ac88008e35a90070ac8000610060000d
:108e78000000e0000b0032000000eb0080ac88002e
:108e880090ac80000000e80090ac880090ac8000b6
:108e9800e50f5000030036000000eb0090ac88009e
:108ea8008e15a90070ac8000620060000000e00030
:108eb8000b0032000000eb00c0ac8800d0ac800092
:108ec8000000e800d0ac8800d0ac8000ea0f500069
:108ed800030036000000eb00d0ac88008e35a900f6
:108ee800e0c2bf00624060000004e0000c003a00ed
:108ef8000000eb0010ad880000ad80000000e80025
:108f080000ad880000ad8000e50f50000f0036006e
:108f18006000200000ad88008e55a8000b003700c7
:108f28000000eb0000ad880010ad80000000e800f4
:108f380010ad880010ad8000e50f5000030036002a
:108f48006000200010ad88008e55a900e6c2bf0061
:108f5800624060000004e0000c003a000000eb00f2
:108f680030ad880020ad80000000e80020ad88000a
:108f780020ad8000ea0f50000f003600b00020003e
:108f880020ad88008e75a8000b0037000000eb00ac
:108f980020ad880030ad80000000e80030ad8800ca
:108fa80030ad8000ea0f500003003600b00020000a
:108fb80030ad88008e75a900e6c2bf006140600030
:108fc8000004e0000c003a000000eb0050ad8800ff
:108fd80040ad80000000e80040ad880040ad800052
:108fe800e50f50000f0036006000200040ad8800fb
:108ff8008e95a8000b0037000000eb0040ad8800fc
:1090080050ad80000000e80050ad880050ad8000f1
:10901800e50f5000030036006000200050ad8800c6
:109028008e95a900cfc2bf000042b2000004e00044
:1090380011003a00207a80000180200001006000c1
:109048000000e0000c0032000000eb0070ad88006a
:1090580060ad80000000e80060ad880060ad800071
:10906800e50f5000180036006000200060ad880051
:10907800d4f2a80014003700cfc2bf000042b200eb
:109088000004e00010003200207a800001802000f7
:10909800010060000000e0000b0032000000eb005f
:1090a80060ad880070ad80000000e80070ad8800f9
:1090b80070ad8000e50f500003003600600020000e
:1090c80070ad8800d4f2a900cfc2bf000044b2003e
:1090d8000004e0000c003a000000eb0090ad8800ae
:1090e80080ad80000000e80080ad880080ad800081
:1090f800e50f50000f0036006000200080ad8800aa
:109108008ed5a8000b0037000000eb0080ad88006a
:1091180090ad80000000e80090ad880090ad800020
:10912800e50f5000030036006000200090ad880075
:109138008ed5a900c8c2bf00644060000004e000ea
:109148000c003a000000eb00b0ad8800a0ad800034
:109158000000e800a0ad8800a0ad8000e20f50003c
:109168000f00360030002000a0ad88008ef5a80062
:109178000b0037000000eb00a0ad8800b0ad800008
:109188000000e800b0ad8800b0ad8000e20f5000ec
:109198000300360030002000b0ad88008ef5a9002d
:1091a80070ac8000620060000000e0000100320046
:1091b8008e15a900a08580000000e00008003a0094
:1091c80020ac800061406000c700dd00e8c2bf003d
:1091d8000074a10001407000e8e2b70048003700c1
:1091e800a0858000e10f50000a003a00e9c2bf00e4
:1091f8000080fb004400de0061406000c700dd0025
:10920800e8c2bf000074a10001407000e8e2b700a6
:109218003b003700a0858000e20f500009003a00ab
:1092280070ac80004300de0061406000c700dd00d4
:10923800e8c2bf000074a10001407000e8e2b70076
:109248002f003700a0858000e30f50000a003a0085
:10925800d0c2bf000080fb004200de006140600019
:10926800c700dd00e8c2bf000074a1000140700023
:10927800e8e2b70022003700a0858000e40f500024
:1092880008003a0040ac800061406000c700dd0083
:10929800e8c2bf000074a10001407000e8e2b70016
:1092a80017003700a0858000e50f500009003a003c
:1092b80000b380004400de0061406000c700dd00ac
:1092c800e8c2bf000074a10001407000e8e2b700e6
:1092d8000b003700a0858000e60f500008003a0018
:1092e80000b380004500de0061406000c700dd007b
:1092f800e8c2bf000074a10001407000e8e2b700b6
:10930800b08580000000e0000c003a00d0c2bf0029
:109318000080fb004200de006140600061416000a7
:10932800912e200091407800e0cfb30000c060008b
:1093380002407000e9e2b70052003700b0858000b3
:10934800e10f50000a003a0020ac80006140600044
:1093580061416000912e200091407800e0cfb30079
:1093680000c0600002407000e9e2b7004500370025
:10937800b0858000e20f50000c003a00e9c2bf003f
:109388000080fb004400de00614060006141600035
:10939800912e200091407800e0cfb30000c060001b
:1093a80002407000e9e2b70036003700b08580005f
:1093b800e30f50000b003a0070ac80004300de0061
:1093c8006140600061416000912e2000914078006a
:1093d800e0cfb30000c0600002407000e9e2b700cf
:1093e80028003700b0858000e40f50000a003a00da
:1093f80040ac80006140600061416000912e200017
:1094080091407800e0cfb30000c0600002407000d7
:10941800e9e2b7001b003700b0858000e50f500077
:109428000b003a0000b380004400de006140600099
:1094380061416000912e200091407800e0cfb30098
:1094480000c0600002407000e9e2b7000d0037007c
:10945800b0858000e60f50000a003a0000b3800093
:109468004500de006140600061416000912e2000ef
:1094780091407800e0cfb30000c060000240700067
:10948800e9e2b700c08580000000e0000b003a0068
:1094980040ac8000614060006140600000414000d5
:1094a800912e200091407800d0cfb30000c060001a
:1094b80002407000e9e2b7005a003700c08580001a
:1094c800e10f50000b003a0020ac800061406000c2
:1094d8006140600000414000912e200091407800da
:1094e800d0cfb30000c0600002407000e9e2b700ce
:1094f8004c003700c0858000e20f50000d003a0094
:10950800e9c2bf000080fb004400de00614060004b
:109518006140600000414000912e20009140780099
:10952800d0cfb30000c0600002407000e9e2b7008d
:109538003c003700c0858000e30f50000c003a0063
:1095480070ac80004300de00614060006140600054
:1095580000414000912e200091407800d0cfb30008
:1095680000c0600002407000e9e2b7002d0037003b
:10957800c0858000e40f50000d003a00d0c2bf0043
:109588000080fb004200de00614060006140600036
:1095980000414000912e200091407800d0cfb300c8
:1095a80000c0600002407000e9e2b7001d0037000b
:1095b800c0858000e50f50000c003a0000b3800021
:1095c8004400de00614060006140600000414000ee
:1095d800912e200091407800d0cfb30000c06000e9
:1095e80002407000e9e2b7000e003700c085800035
:1095f800e60f50000b003a0000b380004500de0083
:10960800614060006140600000414000912e2000f0
:1096180091407800d0cfb30000c0600002407000d5
:10962800e9e2b700d08580000000e0000c003a00b5
:1096380070ac80004300de00614060006140600063
:109648004601dd00812e200091407800f0cbb30068
:1096580000c0600002407000e8e2b700590037001f
:10966800d0858000e10f50000b003a0020ac80004c
:1096780061406000614060004601dd00812e2000ed
:1096880091407800f0cbb30000c060000240700049
:10969800e8e2b7004b003700d0858000e20f5000a9
:1096a8000d003a00e9c2bf000080fb004400de0064
:1096b80061406000614060004601dd00812e2000ad
:1096c80091407800f0cbb30000c060000240700009
:1096d800e8e2b7003b003700d0858000e30f500078
:1096e8000d003a00d0c2bf000080fb004200de003f
:1096f80061406000614060004601dd00812e20006d
:1097080091407800f0cbb30000c0600002407000c8
:10971800e8e2b7002b003700d0858000e40f500046
:109728000b003a0040ac800061406000614060007e
:109738004601dd00812e200091407800f0cbb30077
:1097480000c0600002407000e8e2b7001d0037006a
:10975800d0858000e50f50000c003a0000b380006f
:109768004400de0061406000614060004601dd00a9
:10977800812e200091407800f0cbb30000c060003b
:1097880002407000e8e2b7000e003700d085800084
:10979800e60f50000b003a0000b380004500de00e1
:1097a80061406000614060004601dd00812e2000bc
:1097b80091407800f0cbb30000c060000240700018
:1097c800e8e2b70000b38000700060000000e0002d
:1097d80009003200c0ad80000000e800c0ad88007c
:1097e800c0ad8000f40f5000030036000000eb000d
:1097f800c0ad88006096a90000b380000102200077
:10980800010060000000e00009003200d0ad8000d7
:109818000000e800d0ad8800d0ad8000f40f500003
:10982800030036000000eb00d0ad880060b6a90048
:109838000080fa00000006000000fa00889fbe00c1
:109848008a9fbe001488800025888000708c800064
:109858006101b8000400be00afda0700bdda0700f6
:10986800e7da07001bdb0700f0898800018a880017
:109878000489800015898000708c80006101b8001f
:109888000400be00a4da0700b2da0700dcda070039
:1098980010db0700108a8800218a8800248980004c
:1098a80035898000708c80006101b8000400be001a
:1098b80099da0700a7da0700d1da070005db070005
:1098c800308a8800418a8800348880004588800072
:1098d800708c80006101b8000400be008eda0700b9
:1098e8009cda0700c6da0700fada0700508a88000f
:1098f800618a88007488800085888000708c800068
:109908006101b8000400be0083da070091da07009d
:10991800bbda0700efda0700908a8800a18a88007e
:109928005488800065888000708c80006101b800d0
:109938000400be0078da070086da0700b0da07000c
:10994800e4da0700708a8800818a88009488800099
:10995800a5888000708c80006101b8000400be00fa
:109968006dda07007bda0700a5da0700d9da070005
:10997800b08a8800c18a8800508a8000618a800085
:1099880000017800f0898000018a80000280b90017
:10999800d08a8800e18a8800c0888000d188800049
:1099a8006cda07000005be00708c80006104b80006
:1099b800d68a8000e78a8000880078000600780050
:1099c800000ab80007c0b90005017800000141008d
:1099d80009b0b90000014100820278000400be000d
:1099e8005cda07000001be000a00be00dada0700f0
:1099f800108b8800218b8800108b8000218b8000c1
:109a080002002000832c240015db0700b1da0700d0
:109a1800908b8800a17e800000868000808f500097
:109a280008003e00b17e800000868000808f5000d4
:109a380004003e00c17e800000868000808f5000b8
:109a480013003600307a8000010024000100600015
:109a58000000e0000e003200808b80000000e00073
:109a680009003d00d0b380000000e800d0b38800b2
:109a7800d1b3800040062000808f500004003600db
:109a8800430fa800020037000000eb00d0b38800a5
:109a9800908b8000e10f50003e003400b0b480008d
:109aa800e30f50003b003a00907f800061006000a7
:109ab8000000e00037003a00d07f8000e10f50003e
:109ac80002003a00908b8000708b8800918b800098
:109ad800708b8000808f500002003d00908b8000ca
:109ae800708b8800918b8000608b8000808f500085
:109af80002003400908b8000608b8800a17e80007b
:109b0800f08b8000808f500014003600a07e80000b
:109b1800f08b8800707e8000108c8800018c80009b
:109b2800108c800000805000208c8800218c8000e0
:109b3800400620000008b800208c8800028c8000b5
:109b4800208c800001002000811f7800110009008e
:109b58004288d800cf007800208c8800c17e800021
:109b6800f08b8000808f500002003600c07e80009d
:109b7800f08b8800d17f8000e08b8000808f5000c0
:109b880002003200d07f8000e08b8800908b80003c
:109b9800808b8800508a8000618a8000800078006d
:109ba800408980000100b80000b4880011b4880022
:109bb80000b4800011b48000d2042000811f780016
:109bc800110009004288d800cf007800a07e8800e4
:109bd800708a8000818a8000800078004089800037
:109be8000100b80000b4880011b4880000b48000f7
:109bf80011b48000d2042000811f780011000900f0
:109c08004288d800cf007800b07e8800908a800013
:109c1800a18a800080007800408980000100b80097
:109c280000b4880011b4880000b4800011b480002a
:109c3800d2042000811f7800110009004288d80052
:109c4800cf007800c07e8800b08a8000c18a80007a
:109c580080007800708980000100b80000b4880096
:109c680011b4880000b4800011b48000d204200030
:109c7800811f7800110009004288d800cf007800c1
:109c8800d07e8800a07e8000e0408800b07e800002
:109c9800f0408800c07e800000418800f089800084
:109ca800018a800080007800508980000100b80097
:109cb80000b4880011b4880000b4800011b480009a
:109cc800c2302000811f7800110009004288d800a6
:109cd800cf007800707e8800707e8000807e8800cb
:109ce800707e8000907e88000000eb00f07e880087
:109cf800a18c8000a01320000100b80000b48800e7
:109d080011b4880000b4800011b4800012702200e1
:109d1800811f7800110009004288d800cf00780020
:109d2800e07e88004f05be004f04be000080fa00a8
:109d3800000006000000fa00b0b48000e30f5000f5
:109d48004c013a00907f8000011020000100600063
:109d58000000e00047013a00a17e800000868000f4
:109d6800808f500008003e00b17e80000086800091
:109d7800808f500004003e00c17e80000086800075
:109d8800808f500001003600f2cfa800a07e80002e
:109d9800708188007181800080818000008050007f
:109da800908188008181800070818000008050004f
:109db800b08188007081800080818800a17e800049
:109dc80000868000808f50000e003600907f800053
:109dd800680060000000e0000a003a00c08c8000c3
:109de80080007800f0848000808f500004003100eb
:109df800c08c80000000e800c08c8800010037009b
:109e0800f26fa800907f8000680060000000e0000a
:109e18007f003200a07e8000e18c8000810f50001e
:109e280003003600a07e8000e08c880078003700b0
:109e3800a07e8000e18c8000810f5000740031000a
:109e4800907f8000680060000000e0007000320031
:109e5800717e800020032000808f50006c00360047
:109e6800e08c80000080d10020b48800a17e8000b2
:109e780020b48000808f500031003100207a8000ab
:109e880001022000010060000000e0002c003a0000
:109e9800e0b380000000e800e0b38800e0b3800091
:109ea800e20f50005a00360090ad200040b4880000
:109eb800c2808000d38080008085800091858000ea
:109ec800800f5100818f59000b003600c28080003e
:109ed800d3808000f1808000608280000008dd006f
:109ee800010020000000510081805900c0808800d6
:109ef800d18088000400370080858000918580002b
:109f0800c0808800d1808800b0b380000000e800dd
:109f1800b0b38800f1838000b0b38000808f500018
:109f28003b003100307a800001002400010060000d
:109f38000000e00036003a00f20fa80034003700b5
:109f4800a17e800000868000808f500020003100b4
:109f5800207a800001022000010060000000e0007b
:109f68001b003200707e8000f40f5000180036008d
:109f7800b0b380000000e800b0b38800b0b3800040
:109f8800e20f500006003600307a800001002400fd
:109f9800010060000000e00001003a00f20fa80094
:109fa800808b800080007800e0828000808f5000e5
:109fb80017003900307a8000010024000100600099
:109fc8000000e00012003200f20fa8001000370075
:109fd800808b800080007800e0828000808f5000b5
:109fe80007003900307a8000010024000100600079
:109ff8000000e00002003200f20fa8000400370061
:10a008000000eb00b0b388000000eb00e0b388006c
:10a01800c17e800000868000808f50000f003600cf
:10a02800907f800001022000010060000000e00035
:10a038000a003a00408d800080007800f08480009b
:10a04800808f500004003100408d80000000e8003f
:10a05800408d880001003700f2afa800907f800093
:10a0680001022000010060000000e0008f003200c3
:10a07800c07e8000618d8000810f50000300360093
:10a08800c07e8000608d880088003700c07e800018
:10a09800618d8000810f500084003100907f800026
:10a0a80001022000010060000000e0007f00320093
:10a0b800917e800020032000808f50007b003600b6
:10a0c800608d80000080d10020b48800c17e8000af
:10a0d80020b48000808f500031003100207a800049
:10a0e80001022000010060000000e0002c003a009e
:10a0f800f0b380000000e800f0b38800f0b38000ff
:10a10800e20f50006900360090ad200040b488008e
:10a11800c2808000d3808000808580009185800087
:10a12800800f5100818f59000b003600c2808000db
:10a13800d3808000f1808000608280000008dd000c
:10a14800010020000000510081805900c080880073
:10a15800d1808800040037008085800091858000c8
:10a16800c0808800d1808800c0b380000000e8006b
:10a17800c0b38800f1838000c0b38000808f500096
:10a188004a003100307a800001002400010060009c
:10a198000000e00045003a00f20fa8004300370035
:10a1a800c17e800000868000808f50002000310032
:10a1b800207a800001022000010060000000e00019
:10a1c8001b003200707e8000f40f5000180036002b
:10a1d800c0b380000000e800c0b38800c0b38000ae
:10a1e800e20f500006003600307a8000010024009b
:10a1f800010060000000e00001003a00f20fa80032
:10a20800808b800080007800e0828000808f500082
:10a2180026003900307a8000010024000100600027
:10a228000000e00021003200f20fa8001f003700f4
:10a23800808b800080007800e0828000808f500052
:10a2480007003900307a8000010024000100600016
:10a258000000e00002003200f20fa80013003700ef
:10a268000000eb00c0b388000000eb00f0b38800ea
:10a278000e0037000000eb00c08c88000000eb00e7
:10a28800408d8800f26fa900f2afa9000000eb0032
:10a29800e0b388000000eb00f0b388000000eb009a
:10a2a800e08c88000000eb00608d88000080fa00d8
:10a2b800000006000000fa000080eb00401588004e
:10a2c800a902a900a922a900a942a900a962a90076
:10a2d800a982a900a9a2a900a9c2a900a9e2a90066
:10a2e8000000eb0010158800a3c2bf007f4060008b
:10a2f80001c6b30001407000a3e2b700a342a80062
:10a30800212a20009140780030ccb30000c06000c2
:10a31800c041b300a2e2b700a222a900a202a9008c
:10a328000000eb0020158800512a20009140780099
:10a3380000ceb30000c06000b040b300a5e2b70093
:10a34800a4e2a900412a20009140780000ccb30083
:10a3580000c06000f041b300a4e2b7000000eb00c9
:10a3680030158800612a20009140780000cfb300a2
:10a3780000c060000034a000a6e2b700a682a900d1
:10a388000000eb0050158800ab02a800ab22a80023
:10a39800ab42a800ab62a800ab82a800aba2a800a1
:10a3a800abc2a800abe2a8000000eb0000158800d3
:10a3b800112a200091407800c0cfb30000c060008f
:10a3c8000004a000a1e2b700012a20009140780013
:10a3d80000ceb30000c07000a0e2b700a042a80001
:10a3e800a1e2a8009109200091407800f0c8b300cc
:10a3f80000c0600001c5b3000140700099e0b700db
:10a408008560a9008d60a8000000eb00c087880067
:10a418000080fa00000006003600f800809fbe00a9
:10a42800829fbe003400f80000002000a0018800d0
:10a438004e00fa0040012000000f7800c18780001c
:10a44800608c8000808f50000e003e00c087800026
:10a458000000e800c0878800401480000000e00089
:10a46800080032009e00780040148000808f500061
:10a478000400360040148000000f78001e007800a9
:10a48800308c880000148000c08988001014800077
:10a49800d0898800c08980008000ea00d0898000c7
:10a4a80000805000e089880030148000b08988005e
:10a4b8004014800080898800808980000000e000c6
:10a4c8000500340080898000318c80000100500034
:10a4d800808988000400370080898000318c8000e2
:10a4e800010050008089880060148000a0898800dd
:10a4f800a08980000000e00005003400a0898000e9
:10a50800318c800001005000a089880004003700c9
:10a51800a0898000318c800001005000a08988004b
:10a52800808980008000ea00a089800000805000b7
:10a538009089880070148000b0888800b1888000f5
:10a548000080200000804000b0888800828c800055
:10a55800938c8000b0888000cf80de00020040002d
:10a5680083804800808c8800918c8800d187800087
:10a57800708c800080805000608c800000804000db
:10a58800628c8000110009000280d8008000fd0064
:10a5980060279800618c80006e2090000080400049
:10a5a80064005000628c8000110009000280d8000d
:10a5b8008000fd0050279800d1878000608c8000c3
:10a5c8000080400064005000628c80001100090087
:10a5d8000280d8008000fd0040279800d1878000c5
:10a5e800608c8000008040000000e900628c8000e0
:10a5f800110009000280d8008000fd002027980083
:10a60800d0878000c289800080004000208220001e
:10a618000080400002087800d08780008000400059
:10a62800208220000080400010017800d087800040
:10a638008000400020822000008040001000780048
:10a648000280b900701f9800012798006e209000c2
:10a658008000400020822000008040001001780027
:10a668006e20900080004000208220000080400082
:10a67800100078000280b900501f9800611f9800f0
:10a6880012888000238880007e1890008e20900019
:10a6980002014000838148005e189000ee18900087
:10a6a80000005100818059001088880021888800a6
:10a6b800d0878000d289800080004000c08e2000b2
:10a6c8000080400002087800d087800080004000a9
:10a6d800c08e20000080400010017800d0878000e4
:10a6e80080004000c08e20000080400010007800ec
:10a6f8000280b900301f9800411f98006e2090001a
:10a7080080004000c08e20000080400010017800ca
:10a718006e20900080004000c08e20000080400025
:10a72800100078000280b900101f9800211f9800bf
:10a7380002898000138980003e189000ce1890008e
:10a7480002014000838148001e189000ae18900056
:10a758000000510081805900008988001189880013
:10a76800d0878000e289800080004000609b200044
:10a778000080400002087800d087800080004000f8
:10a78800609b20000080400010017800d087800086
:10a7980080004000609b200000804000100078008e
:10a7a8000280b90070179800011f98006e20900071
:10a7b80080004000609b200000804000100178006d
:10a7c8006e20900080004000609b200000804000c8
:10a7d800100078000280b90050179800611798009f
:10a7e80022898000338980007e1090008e189000a6
:10a7f80002014000838148005e109000ee10900036
:10a808000000510081805900208988003189880022
:10a81800d0878000828980008000400000a8200046
:10a828000080400002087800d08780008000400047
:10a8380000a820000080400010017800d087800028
:10a848008000400000a82000008040001000780030
:10a858000280b90030179800411798006e209000c8
:10a868008000400000a8200000804000100178000f
:10a878006e2090008000400000a82000008040006a
:10a88800100078000280b90010179800211798006e
:10a8980032888000438880003e109000ce109000df
:10a8a80002014000838148001e109000ae10900005
:10a8b8000000510081805900308888004188880054
:10a8c800d0878000a28980008000400040c120001d
:10a8d8000080400002087800d08780008000400097
:10a8e80040c120000080400010017800d08780001f
:10a8f8008000400040c12000008040001000780027
:10a908000280b900300f9800410f98006e20900027
:10a918008000400040c12000008040001001780005
:10a928006e2090008000400040c120000080400060
:10a93800100078000280b900100f9800210f9800cd
:10a9480072888000838880003e089000ce089000be
:10a9580002014000838148001e089000ae08900064
:10a968000000510081805900708888008188880023
:10a97800d08780009289800080004000a0b4200029
:10a988000080400002087800d087800080004000e6
:10a99800a0b420000080400010017800d08780001b
:10a9a80080004000a0b42000008040001000780023
:10a9b8000280b900700f9800011798006e2090006f
:10a9c80080004000a0b42000008040001001780002
:10a9d8006e20900080004000a0b42000008040005d
:10a9e800100078000280b900500f9800610f98009d
:10a9f80052888000638880007e0890008e10900046
:10aa080002014000838148005e089000ee08900033
:10aa180000005100818059005088880061888800b2
:10aa2800317a800000802000008060000000e00093
:10aa380005003a00307a800001042000010060001f
:10aa48000000e0002c003200d0878000b28980002e
:10aa580080004000e0cd200000804000020878001f
:10aa6800d087800080004000e0cd200000804000ba
:10aa780010017800d087800080004000e0cd2000e1
:10aa880000804000100078000280b900700798002c
:10aa9800010f98006e20900080004000e0cd20005b
:10aaa80000804000100178006e2090008000400077
:10aab800e0cd200000804000100078000280b9003e
:10aac800500798006107980092888000a38880004a
:10aad8007e0090008e0890000201400083814800ab
:10aae8005e009000ee009000000051008180590047
:10aaf80090888800a1888800207a800001102000b2
:10ab0800010060000000e0002e003a00d0878000bd
:10ab18008000400000a8200000804000100178005c
:10ab28004e209000800040002082200000804000dd
:10ab3800100078000280b90030079800410798009b
:10ab4800d0878000c200dd0080da2000008040004d
:10ab58003e019000ce0190000288be006e20900059
:10ab68008000400000a8200000804000100178000c
:10ab78005e2090008000400020822000008040007d
:10ab8800100078000280b90010079800210798008b
:10ab9800c2888000d38880003e009000ce009000dc
:10aba80002014000838148001e009000ae00900022
:10abb8000000510081805900c0888800d188880031
:10abc8002d0037004e2090008000400000a8200093
:10abd8000080400010017800d0878000800040008d
:10abe8002082200000804000100078000280b90018
:10abf8003007980041079800d0878000c200dd0028
:10ac080080da2000008040003e019000ce019000d4
:10ac18000288be005e2090008000400000a820004e
:10ac280000804000100178006e20900080004000f5
:10ac38002082200000804000100078000280b900c7
:10ac48001007980021079800c2888000d3888000e8
:10ac58003e009000ce009000020140008381480031
:10ac68001e009000ae009000000051008180590045
:10ac7800c0888800d1888800d08780000000e8005c
:10ac8800d0878800d1878000608c8000808f50003a
:10ac98000d003900628c8000808c8000918c8000cf
:10aca800811f7800110009004288d800cf00780081
:10acb800a08c88006000b800808c8800918c880087
:10acc8000000eb00d08788008560a9000080fa00aa
:10acd8003400f9004f01be004f00be003600f900f5
:10ace800004006000000fa00bdd1bf000004e000eb
:10acf80007003200bcd1bf000004e0000d003a009c
:10ad080010c0b300bcf1b7001fe1a800090037006c
:10ad1800bdd1bf000004e00006003a00bcd1bf006e
:10ad28000004e000030032000040eb00bcf1b70073
:10ad38001fe1a9000080fa00000006000000fa00e8
:10ad4800bbd1bf000004e00006003a0010c0b30009
:10ad5800bdf1b700e3ff07000040eb003cefb70090
:10ad6800090037003ccfbf000040e8003cefb700c7
:10ad7800bcd1bf000004e000030032000040eb003b
:10ad8800bdf1b700d7ff07000080fa0000000600f9
:10ad98000200fa003101070040c7bf0062406000ae
:10ada8000004e000fcff320018e1070099e5070005
:10adb800bfe507008fe607003efd070073e60700c2
:10adc80054df070079eb0700d8e507009002800000
:10add800000f7800ff3ffc0042c0bf007f406000ca
:10ade80001c6b3000140700042e0b7001e007800c1
:10adf800900288002082800090868800000037003a
:10ae08000060fe0030b58000610060000000e000d6
:10ae180001003200a616a90030b580000104200008
:10ae2800010060000000e00022003200a6d6a90060
:10ae38002af407007af207001af20700b0b480007b
:10ae4800e30f500004003a00307a80006800600088
:10ae58000000e00008003a00b0b48000e40f5000a1
:10ae680006003a00307a80000140200001006000ae
:10ae78000000e000010032006bf3070080f70700d4
:10ae8800017a8000a0aa2a00808f500008003a00aa
:10ae9800e07f80000000e00005003a00707e80003e
:10aea800fd0f500002003e00f2efa800010037003d
:10aeb800f2efa90030b58000620060000000e000f9
:10aec80001003200a636a90030b580006400600099
:10aed8000000e000caff320057fa070095fb0700a0
:10aee800907f800001082000010060000000e00061
:10aef80001003a000cf4070093ee0700b0b480009c
:10af0800ec0f500001003a00baf60700b0b4800018
:10af1800f20f500001003a0018f7070016f1070079
:10af280070f10700a656a900e6eb0700dcd607007b
:10af3800f7d60700bfe907001bed0700b0b4800093
:10af4800e30f5000aeff3a00adf40700acff370046
:10af58003200f800900188006118e1000400320016
:10af68007018e10002003200f0ff2f0003003700e4
:10af78003119ba008301e900fdff3a003200f900f7
:10af880000000600849fbe004220a900440424005b
:10af98006110e1000a003200540424007010e1003e
:10afa8000700320064042400f5ff2f000510e100bb
:10afb80003003200f0ff2f004f02be000000060021
:10afc8003200f800203b8800113b8800043b8800d1
:10afd8004200f800000e20004220b7005005200073
:10afe800303b8800a00a2000303b880061e7a800b9
:10aff800000000000000000061e7af00feff37001e
:10b008000000eb004200f9003200f9004f02be00d8
:10b0180000000600841f78004220a9004400240094
:10b028006118e10006003200540024007018e100a5
:10b03800030032004f027800f0ff2f0000000600e6
:10b048003200f80091018800821f78003019bb0097
:10b058008301e900fdff3a00213b88004f01780099
:10b06800123b8800043b88004200f800000e2000d4
:10b078004220b70050052000303b8800a00a20007d
:10b08800303b880061e7a8000000000000000000d5
:10b0980061e7af00feff37000000eb004200f90057
:0cb0a8003200f9004f02780000000600a2
:020000040000fa
:10b0b400c2160000020000000200000000000000b0
:10b0c400000800003c0700000000000076160000a5
:10b0d4001400000000000000b2160000060000008a
:10b0e40000000000c4160000020000000000000080
:10b0f400b816000006000000020000000000000076
:10b10400000000008415000068000000000000003a
:10b114003c0f00009803000000000000c616000069
:10b124000200000002000000000000009a16000067
:10b134000c000000020000000000000000000000fd
:10b144000000000000000000421600001e00000085
:10b1540000000000be160000040000000200000011
:10b16400050d000000000000ec1500005600000072
:10b17400000000008a160000100000000200000019
:10b1840000000000000000000000000000000000bb
:10b19400000000000000000060160000160000001f
:10b1a40000000000c81600000200000002000000b9
:10b1b40000000000a61600000c00000000000000c3
:10b1c4007c1400000801000000000000d4120000fc
:10b1d400a801000000000000ca16000002000000e0
:08b1e400000000000000000063
:020000040000fa
:10b1ec000000fa000000eb0090b588000500370065
:10b1fc00000000000000000090b580000000e80096
:10b20c0090b5880091b58000f0f32100808f50003c
:10b21c00f7ff36000080fa00000006000000fa007c
:10b22c000000eb00b0b5880005003700ecff07000c
:10b23c0092f60700b0b580000000e800b0b58800b9
:10b24c00b1b58000b0122000808f5000f7ff36009f
:10b25c000080fa00000006000000fa000000eb007d
:10b26c00a0b588000a003700ddff070030b580006c
:10b27c00640060000000e00002003200a656a90045
:10b28c0022d60700a0b580000000e800a0b5880019
:10b29c00a0b58000e50f5000f3ff36000080fa00e7
:04b2ac000000060098
:020000040000fa
:04b2b0000000fe009c
:020000040000fa
:0200000400fffb
:10f80000180000003c0000005e010000390000000c
:10f8100002000000640000002c0100003f00000016
:10f8200000000000f401000032000000230000008e
:10f83000280000003c000000780000005500000097
:10f8400046000000140000000000000088130000c3
:10f85000401f0000c8190000040000000100000063
:10f8600002000000320000000100000080250000be
:10f870004b000000000200003700000028000000dc
:10f880001500000019000000220000002300000005
:10f89000230000000500000003000000e803000052
:10f8a0002c0100002c010000030000000a000000f1
:10f8b0007017000032000000f40100000a00000090
:10f8c00064000000030000005f000000140000005e
:10f8d0000a0000001e0000000a00000032000000c4
:10f8e0000000000000000000000000000000000018
:10f8f0008200000041000000000000000000000045
:10f9000000000000000000000000000000000000f7
:10f9100000000000000000000000000000000000e7
:10f9200000000000000000000000000000000000d7
:10f9300000000000000000000000000000000000c7
:10f9400000000000000000000000000000000000b7
:10f9500000000000000000000000000000000000a7
:10f960000000000000000000000000000000000097
:10f970000000000000000000000000000000000087
:10f980000000000000000000000000000000000077
:10f990000000000000000000000000000000000067
:10f9a0000000000000000000000000000000000057
:10f9b0000000000000000000000000000000000047
:10f9c0000000000000000000000000000000000037
:10f9d0000000000000000000000000000000000027
:10f9e0000000000000000000000000000000000017
:10f9f0000000000000000000000000000000000007
:00000001FF
