:020000040000fa
:080000000001040000000000f3
:020000040000fa
:100200006f6c2100007f21000001880000000000c9
:100210000c000700a02425000100200011000700a9
:10022000000020000000e000020032000000020098
:1002300000000000be500200000000000040da0094
:100240000000fe004440a900000020000000e00083
:100250000300320000002000a00188004440a800f4
:100260000000060091018800800078000000eb008b
:1002700015003700e280400032a0b4009101ba00be
:10028000e280400032a0b4009102ba00e280400057
:1002900032a0b4000002eb00472bde00f507b200ed
:1002a000602ce10004003a000059eb008301e900f2
:1002b000fdff3e00040037006128e100010032002c
:1002c0000082eb00040007001101ba000200e00008
:1002d000e8ff3a00000006003159ba008301e90046
:1002e0000c0032002159ba008301e90008003200f5
:1002f0000400e00003003a00e280400032a0b400b5
:10030000f5ff370011d9ba008301e900faff3a007e
:100310008100e800e180400032a0b4000000060047
:10032000839f68000100e00002003d0060001000b3
:10033000e08018000300e00002003d0060011100b1
:10034000e0811900fc0007004f00e00002003b00c4
:1003500060001000e080180000000600889fbe00ca
:100360008a9fbe00010578000100e000040035000e
:1003700008003c000000e0002000320005003700cb
:1003800060001000e080180002003b0001f02c002b
:100390001a0037000004be006011b8006b0920008d
:1003a0000982cf00020039000882cf000441b0006a
:1003b000694252000e00320008003b008281710049
:1003c000610164008904d1000884d3008b05e80032
:1003d0000442e800f9ff3a00050037000804440031
:1003e00089844c008b05e9000442e900fbff3a00d8
:1003f0005a0107000af0a70001f0a0004f05be0057
:100400004f04be0000000600889fbe008a9fbe0009
:100410008c1f78000004be00760107000478a3005a
:1004200026003a006120e1002500320009f8a3000f
:1004300025003a006420e10021003200f507b100f8
:100440000508a3000200320000004000818048003f
:100450006044b800031020000200200000004000ab
:10046000818048000805440089854c000a05410048
:100470008b8549000a0550008b8558000300330026
:100480000a00be0002047400838474008301d1005a
:100490000281d300830f7100f0ff3a008904d1007c
:1004a0000884d3006001490082017800c1adde00fc
:1004b000fb07b000290107006c0137000960a000ac
:1004c0000800be00690137001202200022b6880031
:1004d000f0ff2f00f1ff2700640137000001be008c
:1004e000440107000470a70003f0a1006509b100f2
:1004f000160032000d0035006828e10006003500c6
:10050000f0ff2f00f1ff27000300e00013003b0085
:100510000100280000000500000040008180480024
:100520008502e900fcff3a0008003700f88f42001e
:1005300002003c008000eb00000005008100d100bb
:100540000080d3008502e800fcff3a000300e000d1
:1005500002003b0060001000e08018000000060070
:10056000889fbe008a9fbe008c1f7800460107004e
:100570003501330003866c006450e1002e00320028
:100580006420e100330032006150e1002f003200ae
:100590006120e1003100320085855500eb07b00095
:1005a000090020000804200005003700080444006a
:1005b00089844c000a0031000603430087834b0006
:1005c0000001530081815b00f8ff33000203be008d
:1005d0000800a0000804440089844c00f6ff39009c
:1005e000c639dd00830173000100320013002000d2
:1005f0008904d1000884d3000998a30005003200c3
:100600000800a7000300a0008904d1000884d300db
:100610008b05e8008904d1000884d3000001eb00b9
:100620000281d200cd00070001f0a1000cf0a7006c
:1006300001f0a0000d0137006420e1000f0132003d
:100640000801be000200be00f7ff37006120e10094
:100650000a0132006000b800f3ff370000002000fc
:1006600001f82700f0ff3700889fbe008a9fbe0078
:100670008c1f780004010700f300330003866c0030
:100680006450e100240032006420e10027003200c1
:100690006150e100220032006120e10021003200bf
:1006a0008b854200eb07b1000134b800003ab80076
:1006b0000804420089844a00013ab8000030b800ba
:1006c0008880400009014a00040033000000400017
:1006d00081804800020149008b05e900c909dd005d
:1006e000830170000100320013002000c814de00f6
:1006f0004814dd004709de001200b200c808de0021
:10070000088470009500070001f0a1000cf0a7001c
:1007100001f0a000d50037006120e100d7003200d1
:100720000801be000200be00f7ff37006150e10083
:10073000fcff3a00d10037006022b800060220001a
:100740000000d0008180d2000482d2008582d200d5
:100750000000a0000202520083825a000300310010
:100760000202420083824a000000a1000603e90061
:10077000f3ff3a000000060003f0a200889fbe00cd
:100780008a9fbe008c1f7800bf000700ae003300b8
:100790006450e1004f0032006420e100520032005a
:1007a00003826c0007003b000905d0000306d0005f
:1007b000820f54000c065d00020039000200320076
:1007c00089017800030678008582550004003d0009
:1007d0000003fd008103fd008502ea008b854200d5
:1007e000840f720002003b0060001000e0801800df
:1007f0006011b8000005eb007a28e1000a0039001a
:1008000006007800c75ddd00f707b200878075003d
:100810002d003700828171000a01780061056000b7
:100820008180d1000080d3008502e900f9ff3b0000
:10083000060440008784480002003b006004140066
:10084000e0841c000988a300070032008a8171003f
:1008500082817100610164008904d1000884d300a1
:100860008b05e800170037000978a30013003a0051
:100870000b00e000130034008b05e900080444007d
:1008800089844c000a4474000978a3000d003a00e2
:100890000b00e000070034008b05e9000804440069
:1008a00089844c0001003a000b0020000978a30065
:1008b000f7ff32000001eb00020037008281710077
:1008c0000a017800250007000cf0a70001f0a00045
:1008d000660037006420e10002003a00838f6c005c
:1008e000660033000801be000200be005f00370052
:1008f0000001be003f0007000470a70003f0a10044
:1009000003f8a30013003a006509b100100032009b
:10091000090035006928e1000200350001002800c7
:100920000000050000004000818048008502e900c9
:10093000fcff3a0000000600f88f42000500350079
:100940008100d1000080d3008502e800fcff3a005e
:10095000000006008000eb00000005008100200080
:10096000618055000b003d000b00200061fe2f0050
:100970000100e1001d00340082817100610164000a
:100980008904d1000884d3000000e800faff3a008f
:10099000710020006100640003007000020060002c
:1009a0000900320061044400e0844c000988a5007d
:1009b000050032008b05e8006808e10002003a00fb
:1009c0008904d1000884d300f20f20000258e1000e
:1009d00005003d00c75ddd00f907b20089807500a4
:1009e00008007800000006000bf827008b00780054
:1009f00000000500c70ade00f107b200f50fb200e3
:100a000008003200e1cf4200020032000170a00075
:100a100024000500810f7000010032000408050069
:100a200044000500810f700002003a001400050028
:100a30008502e9000000400081c04800fcff3b0047
:100a40000170a000240005000200be006450e10017
:100a5000050036006420e100020036000968a300aa
:100a600001003a000800be000160a0004f067800b7
:100a70004f05be004f04be0000000600f0ff2f002f
:100a8000f1ff2700f9ff37000004be00d9ff07007f
:100a90000003be000405be000200be00d5ff070033
:080aa000844f75000000060000
:020000040000fa
:0200000401f009
:04000000f6ff000007
:020000040000fa
:0200000401f009
:04000400ff7f00007a
:020000040000fa
:0200000401f009
:04000c00ffff0000f2
:020000040000fa
:0200000401f009
:04001000ffff0000ee
:020000040000fa
:0200000401f009
:04001400ffff0000ea
:020000040000fa
:10000800485300004853000048530000485300007c
:10001800485300004853000048530000485300006c
:10002800485300004853000048530000423c000079
:100038004853000048530000ea2b000048530000d2
:1000480048530000704e00001a500000da470000c4
:100058004853000048530000485300008e2e00000b
:10006800485300004853000048530000485300001c
:10007800485300007c2e0000c82a000048530000a6
:10008800de1500001e17000048530000485300000a
:10009800485300005e2a00004853000048530000ff
:1000a80048530000485300004853000048530000dc
:1000b80048530000485300004853000048530000cc
:1000c80048530000485300004853000048530000bc
:1000d80048530000485300004853000048530000ac
:1000e800485300004853000048530000485300009c
:0800f8004853000048530000ca
:020000040000fa
:10010800485300004853000048530000485300007b
:10011800485300004853000048530000485300006b
:10012800485300004853000048530000423c000078
:100138004853000048530000ea2b000048530000d1
:1001480048530000704e00001a500000da470000c3
:100158004853000048530000485300008e2e00000a
:10016800485300004853000048530000485300001b
:10017800485300007c2e0000c82a000048530000a5
:10018800de1500001e170000485300004853000009
:10019800485300005e2a00004853000048530000fe
:1001a80048530000485300004853000048530000db
:1001b80048530000485300004853000048530000cb
:1001c80048530000485300004853000048530000bb
:1001d80048530000485300004853000048530000ab
:1001e800485300004853000048530000485300009b
:0801f8004853000048530000c9
:020000040000fa
:100aa8000000fa00e0798000610060000000e000ca
:100ab80008003200308780000000e8003087880096
:100ac80030878000ea0f5000020036000000eb007b
:100ad800f079880018c2bf00684060000004e00098
:100ae80008003a0018c2bf00624060000004e0003d
:100af80004003a0018c2bf00644060000004e0002f
:100b080001003200030807000080fa000000060018
:100b18000000fa00508e80000000e800508e880027
:100b2800518e8000401f2000808f50000500360045
:100b3800f80707000000eb00f07988003c0fa900d7
:100b48003dafa800e0798000620060000000e0008e
:100b580004003200020907003c2fa9000000eb0046
:100b6800508e8800e0798000680060000000e00096
:100b780004003200a600070061000700a30907006f
:100b88003c6fa900e079800001202000010060008e
:100b98000000e00004003200d800070069000700e8
:100ba8009a0907003d2fa900908e8000610060001f
:100bb8000000e000040032000b010700720007008b
:100bc80092090700d211a900908e80007000600081
:100bd8000000e00004003200440107007b00070029
:100be8008a090700d291a900e079800070006000ae
:100bf8000000e000040032007d0107003c8fa900de
:100c08000000eb00508e8800e07980000140200051
:100c1800010060000000e00004003200c901070084
:100c28003d4fa9000000eb00508e8800908e800098
:100c3800620060000000e0000400320017020700b4
:100c4800d231a9000000eb00508e8800908e800001
:100c580001022000010060000000e00004003200f2
:100c680065020700d2b1a9000000eb00508e880091
:100c7800e079800001022000010060000000e0002f
:100c880004003200b30207003cafa9000000eb00eb
:100c9800508e8800e079800001802000010060000b
:100ca8000000e00004003200370307003d6fa90090
:100cb8000000eb00508e8800e079800001002200df
:100cc800010060000000e000040032003505070064
:100cd8003dafa9000000eb00508e8800e07980004d
:100ce80001042000010060000000e0000200320062
:100cf800470707003ccfa9000080fa000000060063
:100d08000000fa00a00a2000608788000002200086
:100d18007087880030082000808788000000eb007a
:100d2800a0878800b00b2000208e88000000eb0010
:100d380050878800e00f2000d01088000080fa005b
:100d4800000006000000fa00a00a20006087880062
:100d58000002200070878800300720008087880004
:100d68000000eb00a0878800b00b2000208e8800d0
:100d78000000eb0050878800e00f2000d0108800aa
:100d88000080fa00000006000000fa00a00a200017
:100d980060878800000220007087880030062000e5
:100da800808788000000eb00a0878800b00b200037
:100db800208e88000000eb0050878800e00f20009c
:100dc800d01088000080fa00000006000000fa0039
:100dd800a00a200060878800000220007087880031
:100de80030052000808788000000eb00a08788007d
:100df800b00b2000208e88000000eb005087880090
:100e0800e00f2000d01088000080fa0000000600e3
:100e18000600fa000000eb0020079800900280000e
:100e280010079800ff3ffc00210420009140780043
:100e380000ceb30000c0700042e0b7001e00900072
:100e4800900288008d60a9000000eb002007980040
:100e58001a0037002e009000000040008000780043
:100e680000c02f0000804000a08e8800a08e800067
:100e780080007800f00720001200200039250700c4
:100e8800a08e800000017800f007200000027800a2
:100e98002e0090000000400080007800e001210052
:100ea80000804000130020008400780051250700ce
:100eb8002e0090000000e800200798002e00900007
:100ec800ed0f5000e3ff360090028000000f78001d
:100ed800ff3ffc0042c0bf007f40600001c6b30076
:100ee8000140700042e0b7001e00780090028800c0
:100ef8008d60a8000080fa00000006000600fa00d5
:100f08000000eb002007980090028000100798006e
:100f1800ff3ffc00210420009140780000ceb30080
:100f280000c0700042e0b7001e00900090028800e8
:100f38008d60a9000000eb00200798001a00370018
:100f48002e009000000040008000780000c02f00b4
:100f580000804000a08e8800a08e8000800078006d
:100f6800f007200012002000fe240700a08e800059
:100f780000017800f0072000000278002e009000a1
:100f88000000400080007800e0012100008040005f
:100f98001300200084007800162507002e0090001a
:100fa8000000e800200798002e009000fd0f500078
:100fb800e3ff360090028000000f7800ff3ffc003e
:100fc80042c0bf007f40600001c6b300014070000e
:100fd80042e0b7001e007800900288008d60a800eb
:100fe8000080fa00000006000800fa000000eb008c
:100ff800300798000000eb0020079800900280005e
:1010080010079800ff3ffc00210420009140780061
:1010180000ceb30000c0700042e0b7001e00900090
:10102800900288008d60a900000220003007980017
:101038001d0037003e00900000004000800078004e
:1010480000c02f0000804000a08e8800a08e800085
:1010580080007800f007200012002000c12407005b
:10106800a08e800000017800f007200000027800c0
:101078002e0090000000400080007800e001210070
:10108800008040001300200084007800d924070065
:101098002e0090000000e800200798003e00900015
:1010a8000000e80030079800be009000d003200040
:1010b800808f5000dfff360090028000000f78001c
:1010c800ff3ffc0042c0bf007f40600001c6b30084
:1010d8000140700042e0b7001e00780090028800ce
:1010e8008d60a8000080fa00000006000800fa00e1
:1010f8000000eb00300798000000eb002007980084
:101108009002800010079800ff3ffc002104200097
:101118009140780000ceb30000c0700042e0b700f4
:101128001e009000900288008d60a900e003200056
:10113800300798001d0037003e0090000000400076
:101148008000780000c02f0000804000a08e88003a
:10115800a08e800080007800f00720001200200098
:1011680080240700a08e800000017800f00720008e
:10117800000278002e0090000000400080007800f7
:10118800e001210000804000130020008400780066
:10119800982407002e0090000000e800200798001f
:1011a8003e0090000000e80030079800be00900064
:1011b800b0052000808f5000dfff360090028000cd
:1011c800000f7800ff3ffc0042c0bf007f40600076
:1011d80001c6b3000140700042e0b7001e0078006d
:1011e800900288008d60a8000080fa0000000600c8
:1011f8000400fa000000eb00100798000000eb0064
:10120800000f7800a00a20006087880000012000f5
:10121800708788002008200080878800c00120008f
:10122800a08788000000eb00100798001400370022
:101238001e009000000040008000780000c02f00d1
:1012480000804000a08e88001e0090000000400032
:1012580080007800001e2100008040000001780016
:10126800a08e800080007800f00720001300200086
:101278002f2407001e0090000000e80010079800c7
:101288001e009000ef0f5000e9ff36000000eb0051
:1012980010079800200037001e0190001e007800fb
:1012a80080004000001e21000080400010007800ef
:1012b800c801de0002004100e11b200080804000e0
:1012c800e0f3200000804000030878001e00900032
:1012d8000000e800100798001e0190001e0078002a
:1012e80080004000001e210000804000900178002e
:1012f80002004100e11b200080804000e0f3200054
:1013080000804000030878001e0090000000e800fc
:10131800100798001e0fe8001e009000ff0f5000f5
:10132800ddff3600b00b2000208e88000000eb00a7
:1013380050878800e00f2000d01088000080fa0055
:10134800000006000400fa000000eb0010079800f7
:101358000000eb00000f7800a00a200060878800da
:1013680000012000708788002007200080878800ff
:10137800c0032000a08788000000eb001007980039
:10138800140037001e009000000040008000780024
:1013980000c02f0000804000a08e88001e00900032
:1013a8000000400080007800001e210000804000fe
:1013b80000017800a08e800080007800f0072000ef
:1013c80013002000da2307001e0090000000e80048
:1013d800100798001e009000ff0f5000e9ff36002c
:1013e8000000eb0010079800200037001e01900055
:1013f8001e00780080004000001e21000080400090
:1014080010007800c801de0002004100e11b200046
:1014180080804000e0f3200000804000030878004e
:101428001e0090000000e800100798001e019000c0
:101438001e00780080004000001e2100008040004f
:101448009001780002004100e11b200080804000ec
:10145800e0f3200000804000030878001e009000a0
:101468000000e800100798001e0fe8009e0090009a
:10147800f0032000808f5000dcff3600b00b200006
:10148800208e88000000eb0050878800e00f2000c5
:10149800d01088000080fa00000006000400fa005e
:1014a8000000eb001007980000022000000f7800f1
:1014b800a00a20006087880000012000708788004b
:1014c8002006200080878800c0032000a0878800ad
:1014d8000002200010079800140037001e0090003a
:1014e800000040008000780000c02f00008040000d
:1014f800a08e88001e009000000040008000780048
:10150800001e21000080400000017800a08e8000ad
:1015180080007800f00720001300200084230700d3
:101528001e0090000000e800100798009e00900040
:10153800d0032000808f5000e8ff36000000eb0049
:1015480010079800200037001e0190001e00780048
:1015580080004000001e210000804000100078003c
:10156800c801de0002004100e11b2000808040002d
:10157800e0f3200000804000030878001e0090007f
:101588000000e800100798001e0190001e00780077
:1015980080004000001e210000804000900178007b
:1015a80002004100e11b200080804000e0f32000a1
:1015b80000804000030878001e0090000000e8004a
:1015c800100798001e0fe8009e009000b00320004e
:1015d800808f5000dcff3600b00b2000208e880082
:1015e8000000eb0050878800e00f2000d010880032
:1015f8000080fa00000006000400fa000000eb007a
:101608001007980000022000000f7800a00a2000b0
:10161800608788000001200070878800200520006e
:1016280080878800c0032000a0878800e00320008e
:1016380010079800140037001e00900000004000ba
:101648008000780000c02f0000804000a08e880035
:101658001e0090000000400080007800001e21005d
:101668000080400000017800a08e80008000780093
:10167800f0072000130020002d2307001e00900013
:101688000000e800100798009e009000b0052000b8
:10169800808f5000e8ff36000000eb00100798002c
:1016a800200037001e0190001e00780080004000d6
:1016b800001e21000080400010007800c801de00f4
:1016c80002004100e11b200080804000e0f3200080
:1016d80000804000030878001e0090000000e80029
:1016e800100798001e0190001e007800800040003e
:1016f800001e210000804000900178000200410097
:10170800e11b200080804000e0f3200000804000c2
:10171800030878001e0090000000e80010079800f9
:101728001e0fe8009e009000b0032000808f50003c
:10173800dcff3600b00b2000208e88000000eb0094
:1017480050878800e00f2000d01088000080fa0041
:10175800000006000000fa00a00a20006087880048
:10176800000120007087880010082000808788000a
:1017780060012000a087880000b38000e30f5000bc
:101788000300320000b38000e40f500010003a005c
:10179800e04080004800de00e0878800e0408000ec
:1017a800f0878800f04080004800de00008888004c
:1017b800f040800010888800a0a080004800de006b
:1017c80020888800a0a08000308888000c0037009e
:1017d8000000eb00e08788000000eb00f08788003d
:1017e8000000eb00008888000000eb0010888800eb
:1017f8000000eb00208888000000eb00308888009b
:10180800209380004800de004088880020938000f4
:1018180050888800309380004800de006088880087
:101828003093800070888800409380004800de0074
:101838008088880040938000908888008094800089
:101848004800de00a088880080948000b088880066
:1018580000b380004800de00c088880000b3800024
:10186800d0888800d08880000000e00009003a0095
:101878000000eb00d0888800b18e8000a0aa2a0062
:10188800808f500029003a0040002000d08888004e
:1018980026003700d0888000e10f500009003a0088
:1018a80010002000d0888800b18e8000a0aa2a00ed
:1018b800808f50001d003a0040002000d08888002a
:1018c8001a003700d0888000e20f500003003a0069
:1018d80020002000d088880014003700d0888000bd
:1018e800e30f500003003a0020002000d088880051
:1018f8000e003700d0888000e40f500003003a0043
:1019080030002000d088880008003700d088800088
:10191800e50f500003003a0050002000d0888800ee
:10192800020037000000eb00d08888009093800008
:101938004800de00e088880090938000f0888800e6
:10194800c08e80004800de0000898800c08e8000bc
:1019580010898800809480004800de002089880073
:101968008094800030898800b00b2000208e880089
:101978000000eb0050878800e00f2000d01088009e
:101988000080fa00000006000000fa00a00a20000b
:1019980060878800000120007087880010072000f9
:1019a80080878800a0022000a087880000b38000fc
:1019b800e30f50000300320000b38000e40f500032
:1019c80010003a00e04080004800de00e087880010
:1019d800e0408000f0878800f04080004800de008a
:1019e80000888800f040800010888800004180004e
:1019f8004800de0020888800004180003088880088
:101a08000c0037000000eb00e08788000000eb00c6
:101a1800f08788000000eb00008888000000eb00d9
:101a2800108888000000eb00208888000000eb0088
:101a380030888800209380004800de0040888800b5
:101a48002093800050888800412d20009140780024
:101a580000c8b30000c060000004e00004003a00c1
:101a6800708e80000000a000708e8800040037008f
:101a7800708e8000e1ff2f0001006000708e8800ea
:101a8800e0c2bf00614060000004e00004003a00ca
:101a9800708e80000010a000708e8800040037004f
:101aa800708e8000d1ff2f0001006000708e8800ca
:101ab800e0c2bf00624060000004e00004003a0099
:101ac800708e80000020a000708e8800040037000f
:101ad800708e8000b1ff2f0001006000708e8800ba
:101ae800e6c2bf00624060000004e00004003a0063
:101af800708e80000030a000708e880004003700cf
:101b0800708e800071ff2f0001006000708e8800c9
:101b1800e6c2bf00614060000004e00004003a0033
:101b2800708e80000040a000708e8800040037008e
:101b3800708e8000f1fe2f0001006000708e88001a
:101b4800cfc2bf000042b2000004e00005003a0026
:101b5800708e80000102200001007000708e8800e5
:101b680004003700708e8000f1fd2f000100600036
:101b7800708e8800cfc2bf000044b2000004e000ad
:101b880005003a00708e80000104200001007000fa
:101b9800708e880004003700708e8000f1fb2f00e3
:101ba80001006000708e8800c8c2bf0064406000f9
:101bb8000004e00005003a00708e80000108200053
:101bc80001007000708e880004003700708e80005d
:101bd800f1f72f0001006000708e8800c8c2bf00b6
:101be800684060000004e00005003a00708e800044
:101bf8000110200001007000708e8800040037007a
:101c0800708e8000f1ef2f0001006000708e880058
:101c1800c8c2bf00704060000004e00005003a0040
:101c2800708e80000120200001007000708e8800f6
:101c380004003700708e8000f1df2f000100600083
:101c4800708e8800d08e8000011020000100600096
:101c58000000e00005003200708e800001002800be
:101c680001007000708e880004003700708e8000bc
:101c7800f1ff270001006000708e8800e9c2bf00f4
:101c88000044b2000004e00004003200808e8000ae
:101c98000000a000808e880004003700808e80003d
:101ca800e1ff2f0001006000808e8800e9c2bf00bc
:101cb800704060000004e00004003200808e800064
:101cc8000010a000808e880004003700808e8000fd
:101cd800d1ff2f0001006000808e8800e9c2bf009c
:101ce8000042b2000004e00004003200808e800050
:101cf8000020a000808e880004003700808e8000bd
:101d0800b1ff2f0001006000808e8800e9c2bf008b
:101d180001c8b300014060000004e0000400320084
:101d2800808e80000030a000808e8800040037007c
:101d3800808e800071ff2f0001006000808e880077
:101d4800d0c2bf00624060000004e000040032001e
:101d5800808e80000040a000808e8800040037003c
:101d6800808e8000f1fe2f0001006000808e8800c8
:101d7800d0c2bf00644060000004e00005003200eb
:101d8800808e80000102200001007000808e880093
:101d980004003700808e8000f1fd2f0001006000f4
:101da800808e8800e8c2bf0001c8b300014060000f
:101db8000004e00005003200808e8000010420004d
:101dc80001007000808e880004003700808e80003b
:101dd800f1fb2f0001006000808e8800e9c2bf007f
:101de800614060000004e00005003200808e800041
:101df8000108200001007000808e88000400370070
:101e0800808e8000f1f72f0001006000808e88002e
:101e1800e9c2bf00624060000004e0000500320033
:101e2800808e80000110200001007000808e8800e4
:101e380004003700808e8000f1ef2f000100600061
:101e4800808e8800e8c2bf000044b2000004e000b1
:101e580005003200808e8000012020000100700003
:101e6800808e880004003700808e8000f1df2f000c
:101e780001006000808e8800708e80004800de00bf
:101e880060888800708e800070888800808e80004e
:101e98004800de0080888800808e80009088880056
:101ea800e09a80004800de00a0888800e09a800060
:101eb800b088880000b380004800de00c088880031
:101ec80000b38000d0888800d08880000000e0003f
:101ed80009003a000000eb00d0888800b18e80002d
:101ee800a0aa2a00808f500029003a004000200054
:101ef800d088880026003700d0888000e10f500085
:101f080009003a0010002000d0888800b18e8000b7
:101f1800a0aa2a00808f50001d003a00400020002f
:101f2800d08888001a003700d0888000e20f50005f
:101f380003003a0020002000d088880014003700f1
:101f4800d0888000e30f500003003a0020002000f2
:101f5800d08888000e003700d0888000e40f500039
:101f680003003a0030002000d088880008003700bd
:101f7800d0888000e50f500003003a005000200090
:101f8800d0888800020037000000eb00d088880065
:101f9800909380004800de00e088880090938000dd
:101fa800f0888800c08e80004800de000089880024
:101fb800c08e800010898800809480004800de0070
:101fc800208988008094800030898800e093800010
:101fd8004800de0040898800e0938000508988002e
:101fe8007000200060898800c07d2000708988000a
:101ff80020ab80004800de008089880020ab80008c
:102008009089880010ab8000e10f500004003a006e
:10201800608e80000000a000608e880004003700f9
:10202800608e8000e1ff2f0001006000608e880054
:10203800c0ae8000640060000000e00004003200d0
:10204800608e80000010a000608e880004003700b9
:10205800608e8000d1ff2f0001006000608e880034
:1020680070ad8000e10f500004003a00608e8000df
:102078000020a000608e880004003700608e800079
:10208800b1ff2f0001006000608e880091938000ee
:10209800c09a8000808f500004003900d08e8000e4
:1020a800700060000000e00004003a00608e8000cc
:1020b8000030a000608e880004003700608e800029
:1020c80071ff2f0001006000608e8800608e800024
:1020d8004800de00a0898800608e8000b0898800f2
:1020e800d18e800000002200008060000000e00027
:1020f80006003a00c0b580004800de00c0898800ac
:10210800c0b58000d0898800050037008093800022
:102118004800de00c089880080938000d08988004c
:10212800709580004800de00e08988007095800086
:10213800f089880090b480004800de00008a88009a
:1021480090b48000108a8800e09f80004880de00fc
:10215800208a8800e09f8000308a880030938000c1
:102168004800de00408a880030938000508a88004a
:10217800409380004800de00608a88004093800019
:10218800708a8800b00b2000208e88000000eb00c9
:1021980050878800e00f2000d01088000080fa00e7
:1021a800000006000000fa00a00a200060878800ee
:1021b8000001200070878800500720008087880071
:1021c800c0032000a087880000b38000e30f500000
:1021d8000300320000b38000e40f500010003a0002
:1021e800e04080004800de00e0878800e040800092
:1021f800f0878800f04080004800de0000888800f2
:10220800f040800010888800004180004800de000f
:102218002088880000418000308888000c00370042
:102228000000eb00e08788000000eb00f0878800e2
:102238000000eb00008888000000eb001088880090
:102248000000eb00208888000000eb003088880040
:10225800209380004800de0040888800209380009a
:1022680050888800412d20009140780000c8b300b4
:1022780000c060000004e00004003a00708e800096
:102288000000a000708e880004003700708e800067
:10229800e1ff2f0001006000708e8800e0c2bf00df
:1022a800614060000004e00004003a00708e800085
:1022b8000010a000708e880004003700708e800027
:1022c800d1ff2f0001006000708e8800e0c2bf00bf
:1022d800624060000004e00004003a00708e800054
:1022e8000020a000708e880004003700708e8000e7
:1022f800b1ff2f0001006000708e8800e6c2bf00a9
:10230800624060000004e00004003a00708e800023
:102318000030a000708e880004003700708e8000a6
:1023280071ff2f0001006000708e8800e6c2bf00b8
:10233800614060000004e00004003a00708e8000f4
:102348000040a000708e880004003700708e800066
:10235800f1fe2f0001006000708e8800cfc2bf0020
:102368000042b2000004e00005003a00708e8000d0
:102378000102200001007000708e88000400370000
:10238800708e8000f1fd2f0001006000708e8800c3
:10239800cfc2bf000044b2000004e00005003a00cc
:1023a800708e80000104200001007000708e88008b
:1023b80004003700708e8000f1fb2f0001006000e0
:1023c800708e8800c8c2bf00644060000004e0004e
:1023d80005003a00708e800001082000010070009e
:1023e800708e880004003700708e8000f1f72f008f
:1023f80001006000708e8800c8c2bf00684060009d
:102408000004e00005003a00708e800001102000f2
:1024180001007000708e880004003700708e800004
:10242800f1ef2f0001006000708e8800c8c2bf0065
:10243800704060000004e00005003a00708e8000e3
:102448000120200001007000708e88000400370011
:10245800708e8000f1df2f0001006000708e880010
:10246800d08e800001102000010060000000e00014
:1024780005003200708e8000010028000100700005
:10248800708e880004003700708e8000f1ff2700ee
:1024980001006000708e8800e9c2bf000044b200ed
:1024a8000004e00004003200808e80000000a000dc
:1024b800808e880004003700808e8000e1ff2f00a6
:1024c80001006000808e8800e9c2bf007040600093
:1024d8000004e00004003200808e80000010a0009c
:1024e800808e880004003700808e8000d1ff2f0086
:1024f80001006000808e8800e9c2bf000042b2007f
:102508000004e00004003200808e80000020a0005b
:10251800808e880004003700808e8000b1ff2f0075
:1025280001006000808e8800e9c2bf0001c8b300c6
:10253800014060000004e00004003200808e80004a
:102548000030a000808e880004003700808e800054
:1025580071ff2f0001006000808e8800d0c2bf008c
:10256800624060000004e00004003200808e8000b9
:102578000040a000808e880004003700808e800014
:10258800f1fe2f0001006000808e8800d0c2bf00dd
:10259800644060000004e00005003200808e800086
:1025a8000102200001007000808e880004003700be
:1025b800808e8000f1fd2f0001006000808e880071
:1025c800e8c2bf0001c8b300014060000004e00099
:1025d80005003200808e8000010420000100700098
:1025e800808e880004003700808e8000f1fb2f0069
:1025f80001006000808e8800e9c2bf006140600071
:102608000004e00005003200808e800001082000f0
:1026180001007000808e880004003700808e8000e2
:10262800f1f72f0001006000808e8800e9c2bf002a
:10263800624060000004e00005003200808e8000e7
:102648000110200001007000808e8800040037000f
:10265800808e8000f1ef2f0001006000808e8800de
:10266800e8c2bf000044b2000004e00005003200e8
:10267800808e80000120200001007000808e88007c
:1026880004003700808e8000f1df2f000100600019
:10269800808e8800708e80004800de006088880088
:1026a800708e800070888800808e80004800de0070
:1026b80080888800808e800090888800e09a80005a
:1026c8004800de00a0888800e09a8000b088880072
:1026d80000b380004800de00c088880000b3800096
:1026e800d0888800d08880000000e00009003a0007
:1026f8000000eb00d0888800b18e8000a0aa2a00d4
:10270800808f500029003a0040002000d0888800bf
:1027180026003700d0888000e10f500009003a00f9
:1027280010002000d0888800b18e8000a0aa2a005e
:10273800808f50001d003a0040002000d08888009b
:102748001a003700d0888000e20f500003003a00da
:1027580020002000d088880014003700d08880002e
:10276800e30f500003003a0020002000d0888800c2
:102778000e003700d0888000e40f500003003a00b4
:1027880030002000d088880008003700d0888000fa
:10279800e50f500003003a0050002000d088880060
:1027a800020037000000eb00d0888800909380007a
:1027b8004800de00e088880090938000f088880058
:1027c800c08e80004800de0000898800c08e80002e
:1027d80010898800809480004800de0020898800e5
:1027e8008094800030898800e09380004800de00f3
:1027f80040898800e093800050898800700020009c
:1028080060898800c07d20007089880020ab800026
:102818004800de008089880020ab8000908988000d
:1028280010ab8000e10f500004003a00608e800079
:102838000000a000608e880004003700608e8000d1
:10284800e1ff2f0001006000608e8800c0ae8000ac
:10285800640060000000e00004003200608e800028
:102868000010a000608e880004003700608e800091
:10287800d1ff2f0001006000608e880070ad8000dd
:10288800e10f500004003a00608e80000020a00094
:10289800608e880004003700608e8000b1ff2f0032
:1028a80001006000608e880091938000c09a8000cb
:1028b800808f500004003900d08e800070006000c6
:1028c8000000e00004003a00608e80000030a000a4
:1028d800608e880004003700608e800071ff2f0032
:1028e80001006000608e8800608e80004800de0075
:1028f800a0898800608e8000b0898800d18e800011
:1029080000002200008060000000e00006003a009d
:10291800c0b580004800de00c0898800c0b58000ce
:10292800d089880005003700809380004800de00c9
:10293800c089880080938000d089880070958000c5
:102948004800de00e089880070958000f0898800e2
:1029580090b480004800de00008a880090b48000af
:10296800108a8800d09f80004880de00208a880076
:10297800d09f8000308a8800309380004800de00b5
:10298800408a880030938000508a880040938000f5
:102998004800de00608a880040938000708a8800c2
:1029a800b09f80004880de00808a8800b09f800049
:1029b800908a880040a080004800de00a08a880035
:1029c80040a08000b08a880030a080004800de0067
:1029d800c08a880030a08000d08a880070a080005b
:1029e8004800de00e08a880070a08000f08a880035
:1029f800b00b2000208e88000000eb005087880074
:102a0800e00f2000d01088000080fa0000000600c7
:102a18000200fa00a00a2000608788000001200058
:102a280070878800400820008087880040002000c8
:102a3800a0878800e0012000000f78001e007800c1
:102a4800000040008000780000c02f000080400097
:102a5800a08e88001e0078000000400080007800ea
:102a6800001e21000080400000017800a08e800038
:102a780080007800f0072000130020002c1e0700bb
:102a8800f0012000000f78001e00780000004000d0
:102a98008000780000c02f0000804000a08e8800d1
:102aa8001e0078000000400080007800001e210011
:102ab8000080400000017800a08e8000800078002f
:102ac800f007200013002000191e0700e090800086
:102ad8004800de00e0878800e0908000f0878800ea
:102ae800f09080004800de0000888800f0908000a8
:102af80010888800b00b2000208e88000000eb00b2
:102b080050878800e00f2000d01088000080fa006d
:102b1800000006000000fa0030032000f0108800d2
:102b28000000eb00b010880017e2a80017a2a80068
:102b380016a2a900612120009140780090cfb3002f
:102b480000c0600016e2b7001602a9000000eb0002
:102b5800c01088001942a80019e2a90018c2bf00d5
:102b6800f043b20018e2b7008720a9008700a90047
:102b7800010a200091407800f0c8b30000c060004e
:102b880001c4b30001407000a0e0b700010a2000b2
:102b98009140780080cfb30000c060000024a000fe
:102ba800a0e0b7008f20a8008f00a8000080fa00de
:102bb80000000600809fbe00821f78003400f800e5
:102bc80000002000a00188000000fa000ec2bf002b
:102bd800624060000004e000010032000e22a900fb
:102be8003c0fa8000000eb0030878800e0798000e7
:102bf800620060000000e00086003a000ec2bf00dc
:102c0800644060000004e00084003a00f07980002d
:102c18000000e0000b003a00e0108000007a880015
:102c2800017a8000a00a2000808f50007b003a00c3
:102c380010002000f07988000000eb00507a88002e
:102c480076003700f0798000e10f500005003a0067
:102c580020002000f0798800e0108000107a8800b9
:102c68006e003700f0798000e20f500005003a004e
:102c780030002000f0798800e0108000207a880079
:102c880066003700f0798000e30f500022003a0018
:102c980040002000f0798800e0108000407a880029
:102ca800407a8000307a8800407a8000fc0f50001b
:102cb80003003a0070032000f079880057003700bd
:102cc800417a8000c0032000808f500003003a0042
:102cd80080032000f079880050003700407a800097
:102ce800e10f500003003a0040002000f07988000e
:102cf8004a003700407a80000000e00003003a00f4
:102d080040002000f0798800440037000000eb0004
:102d1800f079880041003700f0798000e40f500016
:102d28000b003a00e0108000c0808800c18080005d
:102d3800b00b2000808f500002003a003c2fa80002
:102d48003c0fa9000000eb00f07988003300370041
:102d5800f179800070032000808f500013003a0042
:102d6800407a80000000e900407a8800507a8000ac
:102d7800e210800000004000f2004000e0f3200074
:102d88000080400002087800507a80000000e800c7
:102d9800507a8800407a80000000e0001f003a0066
:102da80040002000f07988001c003700f17980008d
:102db80080032000808f500013003a00407a800082
:102dc8000000e900407a8800507a8000e210800014
:102dd80000004000f2004000e0f3200000804000c6
:102de80002087800507a80000000e800507a8800d5
:102df800407a80000000e00008003a00400020000f
:102e0800f0798800050037000000eb00f0798800b1
:102e180002003700e0108000007a88008700a900cf
:102e28000080fa003400f9004f0178004f00be001e
:102e380000400600809fbe003400f800000020001b
:102e4800a00188000000fa00508780000000e00020
:102e580005003a0060878000d0108800100020002c
:102e6800508788003900370050878000e10f5000f4
:102e780005003a00200020005087880070878000f5
:102e8800d01088003100370050878000e20f5000d2
:102e980005003a00300020005087880080878000b5
:102ea800d01088002900370050878000e30f5000b9
:102eb80007003a004000200050878800a087800063
:102ec800d01088000000eb00b08788001f00370092
:102ed80050878000e40f50001a003a00a087800055
:102ee8000000e00006003a00200420005087880017
:102ef800b00b2000d01088003c4fa800130037000a
:102f08004000200050878800b08780000000400003
:102f1800e11b200080804000e0f32000008040009a
:102f280010007800d0108800b08780000000e8000a
:102f3800b0878800a08780000000e900a08788008b
:102f48000200370020042000508788008720a9004d
:102f58000080fa003400f9004f00be00004006006f
:102f68000000fa008700a9008f00a9000000eb000c
:102f7800607a88000000eb00707a88000000eb009f
:102f8800707a880027003700307a80000000e90056
:102f9800307a8800307a80000000e900307a8800b2
:102fa800617a80000180400072014000e0f3200057
:102fb8000000410010007800d08088000100e8007f
:102fc800607a8800617a80000180400072014000c8
:102fd800e0f320000000410010007800e080880045
:102fe8000100e800607a8800d08080004800dd0099
:102ff800d0808800727a8000d1808000e0808000d4
:103008008081400002004100010e200080804000c5
:10301800e0f3200000804000030878000200e80088
:10302800707a8800307a8000e10f5000d6ff3e00a9
:10303800107a8000f00f500057003a00217a800083
:1030480010082000808f500002003a003cafa80012
:103058006b003700217a800010072000808f500015
:1030680002003a003d6fa80065003700217a800011
:1030780050072000808f500002003a003dafa800a2
:103088005f003700217a800020082000808f5000e0
:1030980002003a003c8fa80059003700217a8000ce
:1030a80020072000808f500002003a003d4fa80002
:1030b80053003700217a800020062000808f5000be
:1030c80002003a00d231a8004d003700217a800072
:1030d80020052000808f500002003a00d2b1a800dd
:1030e80047003700217a800040082000808f500078
:1030f80002003a003ccfa80041003700217a800046
:1031080050082000808f500006003a00407a800066
:10311800e10f50003a003a003cefa8003d0fa9002b
:1031280037003700217a800060082000808f500027
:1031380005003a00407a8000e10f500030003a0064
:103148003d0fa8002e003700217a8000700820006b
:10315800808f500005003a00407a8000e10f50004f
:1031680027003a00d815a80025003700217a8000ea
:1031780080082000808f500005003a00407a8000c7
:10318800e10f50001e003a00d835a8001c00370097
:10319800000000001a003700117a800000022000a9
:1031a800808f500015003a00217a800030082000f6
:1031b800808f500001003a003c6fa800217a8000ff
:1031c80030072000808f500001003a003d2fa800f2
:1031d800217a800030062000808f500001003a00dc
:1031e800d211a800217a800030052000808f50007d
:1031f80003003a00d291a800010037000000000047
:103208008f00a8000080fa00000006004400fa00c1
:10321800889fbe000000eb00102798000000eb001c
:1032280010279800140037001e209000000040006e
:103238008000780000c02f0000804000a08e880029
:103248001e2090000000400080007800001e210031
:103258000080400000017800a08e80008000780087
:10326800f007200013002000311c07001e209000ea
:103278000000e800102798009e209000d00320004e
:10328800808f5000e8ff360000928000c0998800c7
:10329800c09980000000e00002003a0050d02000f1
:1032a800c0998800c0998000010020004a09dd000b
:1032b800c600de00810071004a00dd00d099880058
:1032c800e1998800d09080008000780000002100fb
:1032d80000806000002798008e20900000002100e8
:1032e800808f500002003a00db91a80001003700ef
:1032f800db91a900018f800060042000808f5000be
:103308000300360050012000008f880007003700b6
:10331800008f8000e90f500003003e00500120009c
:10332800008f88000100370000000000018f800036
:10333800400620000088b900008f8800d18e8000e8
:1033480000002100008060000000e0000f003a004b
:10335800018f800000f421000100500001002000ce
:103368005094880061948800509480006194800093
:103378004a09dd00c600de00810071004a00dd0058
:1033880050948800619488000e003700018f8000f7
:10339800a0a02100010050000100200050948800e6
:1033a8006194880050948000619480004a09dd008f
:1033b800c600de00810071004a00dd0050948800dc
:1033c80061948800118f800000052000808f5000d4
:1033d8000200360080022000108f8800118f8000c4
:1033e800400620000088b90070948800529480003c
:1033f80063948000d0998000e19980000002510018
:1034080081825900709480006101b8000400be00f8
:10341800c7f4070080958800529480006394800068
:10342800d0998000e1998000000051008180590006
:10343800027d200003002000bdf40700909588005d
:10344800318f8000007d2000808f500003003600ff
:10345800800c2000308f8800010037000000000039
:10346800308f8000509a8800218f8000401f2000f4
:10347800808f500003003600e0152000208f880060
:1034880008003700218f800030062000808f500010
:1034980003003e00e0152000208f8800010037005f
:1034a80000000000208f8000a20020001100090009
:1034b8000280d800208f8800509a80006104b800ec
:1034c800208f80006102b80088007800040078002e
:1034d800000bb80005c0b9000701780000014100e1
:1034e80009a0b9000001410082037800a200200071
:1034f800030020000600be0087f30700a0948800a0
:10350800408f8000e30f5000030036000000eb00fe
:10351800408f88000100370000000000408f8000c5
:1035280090948800508f8000a09d8800608f800054
:1035380052002000110009000280d800909d8800e8
:10354800708f8000c0948800818f8000c0032000a5
:10355800808f50000200360040012000808f8800d4
:10356800818f8000400620000088b900d094880030
:10357800908f8000909a8800a18f8000c012200050
:10358800808f50000300360020032000a08f8800a1
:1035980007003700a08f8000e90f500003003e00ad
:1035a80020032000a08f88000100370000000000e1
:1035b800a08f8000b09a8800b18f8000600420003e
:1035c800808f50000200360030022000b08f880043
:1035d800b08f8000c09a8800c18f800060042000ee
:1035e800808f50000300360080022000c08f8800c2
:1035f80007003700c08f8000fd0f500003003e0019
:1036080080022000c08f8800010037000000000001
:10361800c18f8000400620000088b900010020000a
:10362800e0948800f1948800d18f80006004200025
:10363800808f500003003600c0032000d08f880020
:1036480007003700d08f8000fd0f500003003e00b8
:10365800c0032000d08f8800010037000000000060
:10366800d18f8000400620000088b90001002000aa
:1036780000958800119588000295800013958000b8
:10368800e0948000f1948000800f5100818f5900f0
:10369800090036000095800011958000e2948000b2
:1036a800f394800002005000838058003095880011
:1036b800419588000800370000958000119580002a
:1036c800e2948000f3948000020050008380580048
:1036d800309588004195880030958000419580009c
:1036e8004a09dd00c600de00810071004a00dd00e5
:1036f8003095880041958800349580004595800074
:10370800d09480006101b8000400be0008f40700ee
:1037180020958800e0948000f19480004a09dd003b
:10372800c600de00810071004a00dd00e0948800d8
:10373800f194880000958000119580004a09dd0009
:10374800c600de00810071004a00dd000095880097
:1037580011958800e08f800060968800f08f8000c7
:1037680070968800009080008096880010908000f5
:103778009096880020908000a096880070ad800008
:103788000000e00004003a0020908000e09a8800e1
:103798000000eb00d09a880030908000b096880036
:1037a8004090800040978800509080005097880093
:1037b80060908000e096880070908000f096880005
:1037c8008090800000978800909080001097880073
:1037d800a090800020978800b090800030978800e3
:1037e800c090800060978800d090800061006000e1
:1037f800701f98007e189000e10f500002003a00f8
:10380800da11a80001003700da11a900d090800071
:1038180062006000601f98006e189000e20f500070
:1038280002003a00da31a80001003700da31a900b5
:10383800d090800064006000501f98005e189000cf
:10384800e40f500002003a00da51a80001003700e6
:10385800da51a900d090800068006000401f9800ed
:103868004e189000e80f500002003a00da71a800e4
:1038780001003700da71a900d09080007000600064
:10388800301f98003e189000f00f500002003a00d8
:10389800da91a80001003700da91a900d0908000e1
:1038a800800078000002200000806000201f98003f
:1038b800ae18900000022000808f500002003a00ed
:1038c800dab1a80001003700dab1a900d090800071
:1038d800800078000004200000806000101f98001d
:1038e8009e18900000042000808f500002003a00cb
:1038f800dad1a80001003700dad1a900d090800001
:10390800800078000008200000806000001f9800f8
:103918008e18900000082000808f500002003a00a6
:10392800daf1a80001003700daf1a900d090800090
:103938008000780000202000008060007017980048
:10394800fe10900000202000808f500002003a00f6
:10395800db31a80001003700db31a900d08e8000e0
:1039680001202000010060000000e0000a003a0089
:10397800d09080008000780000102000008f600048
:10398800001020009e0f100002003a00db11a80072
:1039980001003700db11a900d0908000800078007a
:1039a800004020000080600060179800ee10900032
:1039b80000402000808f500002003a00db51a80030
:1039c80001003700db51a900d0908000800078000a
:1039d800008020000080600050179800de109000e2
:1039e80000802000808f500002003a00db71a800a0
:1039f80001003700db71a900d08e80000100210092
:103a0800010060000000e00005003a0040062000c8
:103a1800b0a0880020032000c0a088000400370060
:103a280040052000b0a08800a0022000c0a08800a7
:103a3800d0908000800078000000220000806000a4
:103a480040179800ce10900000002200808f500090
:103a580002003a00dbb1a80001003700dbb1a90081
:103a6800d090800080007800000024000080600072
:103a780030179800be10900000002400808f50007e
:103a880002003a00dbd1a80001003700dbd1a90011
:103a9800d09080008000780000002800008060003e
:103aa80020179800ae10900000002800808f50006a
:103ab80002003a00dbf1a80001003700dbf1a900a1
:103ac800e090800000938800f090800010938800b8
:103ad800009180006103b80086007800000029008a
:103ae8000009b8006130b900030278000002420002
:103af8000000290000b8b9000002420084017800e3
:103b08000200be007097880081978800109180009d
:103b18006103b80086007800000029000009b80099
:103b28006130b90003027800000242000000290059
:103b380000b8b90000024200840178000200be000b
:103b480090978800a1978800209180006103b800b1
:103b580086007800000029000009b8006130b9002b
:103b680003027800000242000000290000b8b900f2
:103b780000024200840178000200be00b09788006d
:103b8800c1978800309180006103b80086007800f2
:103b9800000029000009b8006130b900030278006c
:103ba800000242000000290000b8b90000024200eb
:103bb800840178000200be00d0978800e197880051
:103bc800409180006103b800860078000000290059
:103bd8000009b8006130b900030278000002420011
:103be8000000290000b8b9000002420084017800f2
:103bf8000200be00f097880001988800509180006c
:103c080001002000109888002198880061918000a8
:103c1800400620000088b900309888007191800023
:103c2800400620000088b9004098880081918000f3
:103c3800400620000088b9005098880091918000c3
:103c4800400620000088b90060988800a191800093
:103c5800400620000088b900709888000191800013
:103c6800400620000088b9008000780000f4210098
:103c78000100500001002000809888009198880079
:103c880080988000919880004a09dd00c600de0017
:103c9800810071004a00dd008098880091988800b2
:103ca80092978000a397800070978000819780008a
:103cb800800f5100818f59000f0039003098800023
:103cc8000000e0000c00320092978000a39780006b
:103cd800709780008197800000025100818259000e
:103ce800309880006101b8000400be0090f207001f
:103cf800a0988800020037000000eb00a098880018
:103d0800b2978000c397800090978000a1978000a9
:103d1800800f5100818f59000f00390040988000b2
:103d28000000e0000c003200b2978000c3978000ca
:103d380090978000a197800000025100818259006d
:103d4800409880006101b8000400be0078f20700c6
:103d5800b0988800020037000000eb00b098880097
:103d6800d2978000e3978000b0978000c1978000c9
:103d7800800f5100818f59000f0039005098800042
:103d88000000e0000c003200d2978000e39780002a
:103d9800b0978000c19780000002510081825900cd
:103da800509880006101b8000400be0060f207006e
:103db800c0988800020037000000eb00c098880017
:103dc800f297800003988000d0978000e1978000e8
:103dd800800f5100818f59000f00390060988000d2
:103de8000000e0000c003200f29780000398800089
:103df800d0978000e197800000025100818259002d
:103e0800609880006101b8000400be0048f2070015
:103e1800d0988800020037000000eb00d098880096
:103e2800b091800030998800309980000000e0004f
:103e380002003a00a000200030998800c09180005c
:103e480040998800409980000000e00002003a0094
:103e5800c012200040998800d0918000c09d880041
:103e6800c09d80000000e00002003a00200320000e
:103e7800c09d8800e091800050998800509980008a
:103e88000000e00002003a00401f2000509988001e
:103e9800f091800060998800609980000000e0003f
:103ea80002003a00a000200060998800109280006b
:103eb80061006000101798001e109000e10f50007c
:103ec80002003a00ddf1a80001003700ddf1a90089
:103ed8001092800062006000001798000e10900099
:103ee800e20f500002003a00de11a800010037007e
:103ef800de11a9002092800061006000700f980018
:103f08007e089000e10f500002003a00dc11a80082
:103f180001003700dc11a9002092800062006000d7
:103f2800600f98006e089000e20f500002003a00ff
:103f3800dc31a80001003700dc31a90020928000a4
:103f480064006000500f98005e089000e40f500075
:103f580002003a00dc51a80001003700dc51a9003a
:103f68002092800068006000400f98004e08900082
:103f7800e80f500002003a00dc71a8000100370089
:103f8800dc71a9002092800070006000300f98005a
:103f98003e089000f00f500002003a00dc91a800a3
:103fa80001003700dc91a900209280008000780091
:103fb8000002200000806000200f9800ae089000ea
:103fc80000022000808f500002003a00dcd1a800d7
:103fd80001003700dcd1a900209280008000780021
:103fe8000004200000806000100f98009e089000d8
:103ff80000042000808f500002003a00dcb1a800c5
:1040080001003700dcb1a900209280008000780010
:104018000008200000806000000f98008e089000c3
:1040280000082000808f500002003a00dcf1a80050
:1040380001003700dcf1a9002092800080007800a0
:10404800001020000080600070079800fe009000bb
:1040580000102000808f500002003a00dd11a800f7
:1040680001003700dd11a90020928000800078004f
:10407800002020000080600060079800ee0090009b
:1040880000202000808f500002003a00dd31a80097
:1040980001003700dd31a9002092800080007800ff
:1040a800004020000080600050079800de0090006b
:1040b80000402000808f500002003a00dd51a80027
:1040c80001003700dd51a9002092800080007800af
:1040d800008020000080600040079800ce0090001b
:1040e80000802000808f500002003a00dd71a80097
:1040f80001003700dd71a90020928000800078005f
:10410800000021000080600030079800be00900089
:1041180000002100808f500002003a00dd91a800c5
:1041280001003700dd91a90020928000800078000e
:10413800000022000080600020079800ae00900078
:1041480000002200808f500002003a00ddb1a80074
:1041580001003700ddb1a9002092800080007800be
:104168000000240000806000100798009e00900066
:1041780000002400808f500002003a00ddd1a80022
:1041880001003700ddd1a9003092800070998800c5
:10419800709980000000e00002003a00f000200062
:1041a80070998800409280008099880080998000ea
:1041b8000000e00002003a00a0002000809988007a
:1041c8005092800090998800909980000000e0004b
:1041d80002003a0040062000909988006092800012
:1041e800a0998800a09980000000e00002003a0031
:1041f80040062000a099880070928000b09988003d
:10420800b09980000000e00002003a00400620005b
:10421800b099880080928000f09988009092800080
:10422800009a8800a0928000109a8800b0928000be
:10423800209a8800c0928000309a8800d09280002e
:10424800409a8800509a800001002000a2002000b7
:104258000300200030f0070020968800509a800064
:104268000100200052002000030020002af007006f
:1042780040968800a09480006103b800860078000a
:10428800d0052000000ab8006030b90005017800a8
:1042980000014100d005200000b8b900000141002c
:1042a8008202780042062000030020000400be00bd
:1042b80019f00700609a8800a09480006103b80094
:1042c8008600780020062000000ab8006030b90097
:1042d80005017800000141002006200000b8b9005f
:1042e80000014100820278004206200003002000fd
:1042f8000400be0008f00700709a8800508f800004
:10430800a2002000110009000280d800809a8800cd
:10431800509a8000a2002000110009000280d800f5
:10432800a09a8800519a8000509a80000100b80035
:10433800209b8800319b8800319a8000000520006e
:104348000100b800409b8800519b8800489b800072
:10435800599b8000269b8000379b8000880078004e
:1043680006007800000ab80007c0b9000501780007
:104378000001410009b0b900000141008202780043
:10438800449b8800559b8800419a800000052000c6
:104398000100b800609b8800719b8800689b8000c2
:1043a800799b8000269b8000379b800088007800de
:1043b80006007800000ab80007c0b90005017800b7
:1043c8000001410009b0b9000001410082027800f3
:1043d800649b8800759b88004f04be000080fa002b
:1043e800000006000000fa00d2e2a800de02a800e1
:1043f800de22a800e422a800e402a800d362a800f4
:104408000000eb00801688000000eb0040178800d1
:104418000000eb00b0168800e5c2a900e582a900fb
:10442800e5a2a900e5e2a900cc22a900cc42a90096
:10443800e4c2a900e4e2a900e502a900e522a90076
:10444800d262a900d242a900d222a900e9c2a900d9
:10445800e982a900d042a9000000eb0080ae8800e4
:104468000000eb0090ae88000000eb00a0ae8800d2
:104478000000eb0000b388000080fa00000006008e
:104488000000fa000000eb00200888000000eb00a4
:104498000008880005a1a9000421a90041102000f6
:1044a80091407800f0ccb30000c0600004e1b70090
:1044b80005e1a80000f42100100888005109200037
:1044c80091407800f0c8b30000c0600001c5b30097
:1044d8000140700095e0b7008460a9008c60a800d6
:1044e80042c0bf007f40600001c6b30001407000b9
:1044f80042e0b7000080fa00000006000000fa0061
:10450800d2c2a800d2a2a800d282a8000000eb0064
:10451800000688000000eb0010068800c1a0a80073
:10452800c1c0a800c1e0a8000000eb002006880078
:104538000000eb0030068800c5a0a900c5c0a9008e
:10454800c5e0a900b109200091407800f0c8b30087
:1045580000c0600001c5b300014070009be0b700d7
:1045680085e0a9008de0a8000080fa0000000600a0
:104578000000fa008025200030b488000000eb001d
:1045880020b488008852a9008912a90088d2a900fd
:104598008812a9008872a9008892a90088b2a90087
:1045a8000000eb00b09488000000eb0070b48800b5
:1045b80090948000e20f500005003e005094800067
:1045c8006194800050958800619588000700370045
:1045d80090948000e30f500004003a008098800017
:1045e8009198800050958800619588000000eb0044
:1045f80010b688000000eb00b09488006000b80096
:10460800a0958800b19588000000eb008094880090
:104618000000eb00509688000000eb000096880030
:10462800d911a900d931a9005e76a9005e16a900a2
:104638005e36a9000000eb0000a188000000eb0036
:1046480010a188000000eb0030a188000000eb00fa
:1046580020a188000000eb0040a188000000eb00ca
:1046680050a188000000eb0070a188000000eb005a
:1046780060a188000000eb0080a188000000eb002a
:1046880090a188000000eb00b0a188000000eb00ba
:10469800a0a188000080fa00000006000000fa00cf
:1046a8008852a9008912a9003d0fa900e982a90032
:1046b800e9a2a90087a0a900e11420009140780090
:1046c80080cfb30000c060000014a0004ee1b70026
:1046d8008fa0a800d662a900d642a900d622a900b8
:1046e8000f0307000000eb0020b588000000eb0076
:1046f80030b588000080fa00000006000000fa00cb
:10470800f0b28000610060000000e00028003a007c
:104718005e36a900e0c2bf00614060000004e0000e
:1047280003003200d022a900e9e2a8000100370006
:10473800e9e2a90070b480000000e80070b48800c5
:1047480071b48000401f2000808f50001800360090
:10475800e9e2a9000000eb0070b488005e16a8002a
:104768008812a900cdff0700ab0207000000eb008c
:1047780080948800c0ae8000680060000000e000ff
:104788000b003a00d08e8000010420000100600078
:104798000000e00006003200e08e800001002800e2
:1047a800010060000000e00001003200d811a800fc
:1047b8000080fa00000006000000fa006000b8005f
:1047c800a0958800b19588000000eb0010b688001d
:1047d8005eb6a8005e96a900e9e2a9008812a900c1
:1047e800aeff0700d022a800d08e800064006000d1
:1047f8000000e0000200320010002000a0ae880097
:1048080090b380000000e80090b3880091b3800066
:10481800c0122000808f5000190036000000eb0005
:1048280090b38800d022a9000000eb00a0ae880059
:104838005e36a800c0ae8000680060000000e0009e
:104848000b003200d08e80000104200001006000bf
:104858000000e00006003200e08e80000100280021
:10486800010060000000e00001003200d811a8003b
:104878000000eb0000b388000000eb0090b4880053
:104888000080fa00000006000000fa0090b48000e2
:104898000000e00026003a00c0ae8000640060001e
:1048a8000000e00022003200f09a80000000e000e2
:1048b8001f003a0070ad8000e10f50001c003a0064
:1048c800d08e800001002800010060000000e00098
:1048d80017003a0091938000c09a8000808f5000a2
:1048e80004003900d08e8000700060000000e000f5
:1048f80045013a001000200000b388001000200095
:1049080090b48800e9c2a8001000200080ae88009a
:10491800d042a9000000eb00a0ae88000000eb0028
:1049280090ae88000000eb00009c8800360137003c
:1049380090b48000e10f50005a003a00c0ae8000e9
:10494800640060000000e00007003a000000eb008f
:1049580000b388000000eb0090b48800e9c2a90009
:104968000000eb0080ae880091938000c09a800020
:10497800808f50000b003600d08e800070006000e1
:104988000000e000070032000000eb0000b38800e0
:104998000000eb0090b48800e9c2a9000000eb0019
:1049a80080ae8800d08e80000100280001006000e1
:1049b8000000e000070032000000eb0000b38800b0
:1049c8000000eb0090b48800e9c2a9000000eb00e9
:1049d80080ae8800c0ae8000610060000000e0008a
:1049e80009013200d08e800001002400010060001f
:1049f8000000e000010032005e96a80020002000c0
:104a080000b388000000eb00d0b188000000eb0084
:104a1800e0b188000000eb00f0b188002000200021
:104a280090b488000000eb0020b38800e982a80059
:104a3800e9a2a800e9c2a9000000eb0080ae880046
:104a4800f2f90700cafe0700e19a8000a0968000ec
:104a5800808f500001003600d9d1a8000000eb007b
:104a6800d09a88006000b800c09b8800d19b88005d
:104a780000a0800010a08800f09f800000a088009f
:104a8800b09f8000f09f88000000eb00b09f880076
:104a98000000eb0040a088000000eb0030a0880078
:104aa800d900370090b48000e20f500022003a008d
:104ab80020b380000000e80020b3880021b3800004
:104ac80040062000808f5000cf00360010ab8000d9
:104ad800e10f50000a003a00b18e8000a0aa2a0017
:104ae800808f500006003200d08e80006100600088
:104af8000000e00002003200d9f1a800c20037002f
:104b08002093800050a08800d9f1a900300020002f
:104b180000b388000000eb0020b388000000eb0021
:104b280030b388003000200090b4880010002000c6
:104b3800b0b18800b400370090b48000ef0f500087
:104b48000b003a00d08e8000014020000100600078
:104b58000000e000030032008000200090b48800cc
:104b6800a90037003000200090b48800a600370064
:104b780090b48000e30f500009003a008852a80062
:104b88008912a90020908000e09a88000000eb00bc
:104b9800d09a88000000eb0070ad88009a003700ba
:104ba80090b48000e50f500002003a0002ff0700b1
:104bb8009500370090b48000e70f500014003a00c9
:104bc800e079800001082000010060000000e0009a
:104bd8008d0032000000eb00f09a88005eb6a80055
:104be8000000eb00c08e88003cefa900d042a9006d
:104bf8000000eb00a0ae88000000eb0090ae88003b
:104c0800d022a9000000eb0090b488007e00370095
:104c180090b48000e80f50002f003a008852a80096
:104c28008912a90020908000e09a88000000eb001b
:104c3800d09a88000000eb0070ad8800018f8000da
:104c480000f42100010150008196800040062000f8
:104c5800010050000090b900420620001100090030
:104c68000280d8006101b800d0998000e1998000e5
:104c780002004000838048005095880061958800b4
:104c880050958000619580004609dd004a00de00ed
:104c980000007100ca08de0070958800a2958000a7
:104ca800b3958000909680006a00b900010020004a
:104cb800800f5100818f59005300360030002000ca
:104cc80090b48800509480006194800050958800ca
:104cd800619588004c00370090b48000ea0f5000be
:104ce80018003a00e982a800e9a2a80040b38000b1
:104cf8000000e80040b3880041b38000800c200029
:104d0800808f50004000360040f9070070032000f3
:104d180010b38800e0948000f194800050958800da
:104d2800619588006000b800a0958800b19588005a
:104d38005000200000b38800b000200090b4880024
:104d48003100370090b48000eb0f500003003a00a8
:104d5800c000200090b488002b00370090b4800079
:104d6800f10f500024003a00e982a800e9a2a80047
:104d780040b380000000e80040b3880040b38000e2
:104d8800f40f50002000360020f9070070032000bf
:104d980010b38800c0958000d19580005095880098
:104da80061958800a2958000b3958000d09480001a
:104db80001002000800f5100818f59000400390044
:104dc800a0958000b1958000e0958800020037002a
:104dd800d0948000e09588006000b800a095880015
:104de800b19588005000200000b388002001200001
:104df80090b488000400370090b48000ed0f500094
:104e080001003a006cfe0700c0ae80006800600038
:104e18000000e00005003a00a0b480000000e000b7
:104e280002003a0010002000a0b48800c0ae800044
:104e3800680060000000e00010003200a0b48000ac
:104e4800e10f50000d003a0020002000a0b48800b7
:104e58004000200000b388004000200090b4880083
:104e68005e36a900d18e800000002400008060001a
:104e78000000e000010032005eb6a800c0ae80006d
:104e8800680060000000e00005003a00a0b480005f
:104e9800e20f500002003a000000eb00a0b48800c6
:104ea800c0ae8000680060000000e000130032001f
:104eb800d08e800001042000010060000000e000a6
:104ec8000e00320090b48000e30f50000b003e004b
:104ed8004000200000b388004000200090b4880003
:104ee8005e36a900d18e800000002400008060009a
:104ef8000000e000010032005eb6a800c0ae8000ed
:104f0800620060000000e0001700320090b48000ea
:104f1800e40f500014003a00d09480000000e00034
:104f2800110032000000eb0010b688006000b800e5
:104f3800a0958800b1958800c003200000b38800c0
:104f48000000eb0040b388000000eb0010b38800bd
:104f5800a000200090b48800e9c2a9000000eb007e
:104f680080ae880029003700c0ae80006200600073
:104f78000000e0001300320090b48000e10f500000
:104f88001000360090b48000e30f50000d003e0082
:104f9800d09480000000e0000a00320010012000d8
:104fa80090b48800e9c2a9000000eb0080ae880038
:104fb8005095800061958000c0958800d195880043
:104fc80012003700c0ae8000620060000000e00000
:104fd8000e003200d09480000000e0000b003a0080
:104fe80090b48000e10f50000800360090b48000b3
:104ff800e40f500005003e005000200090b48800e7
:10500800e9c2a9000000eb0080ae8800c08e8000d5
:105018000000e0001b003200a0fd0700e9c2a90063
:105028000000eb0080ae8800d042a80010002000ed
:1050380090ae88005eb6a8005e96a900912e20006a
:105048009140780000c8b30000c060000004e00090
:1050580002003a0010002000a0ae880046000700b9
:105068000000eb00809488006b000700100020000f
:10507800f09a88000000eb0000b388007000200060
:1050880090b4880040948000610060000000e00057
:1050980005003200c0ae8000620060000000e00041
:1050a80001003a0095fd070090b48000e40f50001d
:1050b8001b003a00c0ae8000680060000000e000fd
:1050c80015003a00d08e8000010420000100600025
:1050d8000000e00010003200e08e8000010028008f
:1050e800010060000000e0000b00320080b4800086
:1050f8000000e80080b4880081b48000401f2000d0
:10510800808f500006003600d811a8000000eb0080
:1051180080b48800020037000000eb0080b48800eb
:1051280000b380000000e0000300320000b38000fc
:10513800e10f50000e003a00c0ae80007000600021
:105148000000e00005003a00e0798000011020002e
:10515800010060000000e00003003200a0aa2a005d
:10516800b08e8800020037000000eb00b08e880087
:105178000080fa00000006000400fa000193800095
:10518800c08e8000808f5000210032009002800085
:1051980010079800ff3ffc00210420009140780090
:1051a80000ceb30000c0700042e0b7001e009000bf
:1051b80090028800c0c32f00a08e8800a18e8000b6
:1051c800f00720001200200066140700a28e80005d
:1051d800f107200013002000801d2100851407001e
:1051e800c08e80000093880090028000000f780035
:1051f800ff3ffc0042c0bf007f40600001c6b30013
:105208000140700042e0b7001e007800900288005c
:105218000080fa00000006000400fa0011938000e4
:1052280080948000808f500021003200900280001e
:1052380010079800ff3ffc002104200091407800ef
:1052480000ceb30000c0700042e0b7001e0090001e
:1052580090028800e0c32f00a08e8800a18e8000f5
:10526800f0072000120020003e140700a28e8000e4
:10527800f107200013002000002921005d14070019
:10528800809480001093880090028000000f7800be
:10529800ff3ffc0042c0bf007f40600001c6b30072
:1052a8000140700042e0b7001e00780090028800bc
:1052b8000080fa00000006000000fa000000eb0081
:1052c80040b588000000eb00700a88004ee1a90094
:1052d800e114200091407800f0c9b30000c06000dc
:1052e8004ee1b700e11420009140780080cfb30070
:1052f80000c060000014a0004ee1b700210a2000a1
:105308009140780000c7b30000c07000a2e0b70069
:1053180087a0a9008fa0a8000080fa00000006005e
:105328000000fa000000eb00800888000000eb0095
:105338003008880011a1a90010c1a9001021a900f6
:105348000111200091407800f0ccb30000c060004b
:105358000044a00010e1b7001061a90011e1a90004
:105368000080eb00600888007109200091407800f7
:1053780080cfb30000c060006040b30097e0b70082
:1053880084c0a9008cc0a9000000eb009008880028
:105398000000eb005008880013a1a90012c1a90061
:1053a8001221a9002111200091407800f0ccb3000f
:1053b80000c060000044a00012e1b70013e1a8009b
:1053c8000080eb0070088800710920009140780087
:1053d800f0c8b30000c0600001c6b300014070000f
:1053e80097e0b70084e0a9008ce0a9000000eb007a
:1053f800f00888000000eb00a00888001fa1a800a2
:105408001ec1a9001e21a900e111200091407800c9
:10541800f0ccb30000c060000044a0001ee1b7005b
:105428001fe1a9001e61a900e10920009140780050
:10543800f0c8b30000c0600001c6b30001407000ae
:105448009ee0b70086a0a9008ea0a9000000eb008e
:10545800000988000000eb00c008880021a1a8000e
:1054680020c1a9002021a900011220009140780044
:10547800f0ccb30000c060000044a00020e1b700f9
:1054880021e1a900f0b58000e0088800f1092000ba
:105498009140780080cfb30000c060006040b30046
:1054a8009fe0b70086c0a9008ec0a9000080fa005e
:1054b80000000600809fbe003400f80000002000b5
:1054c800a00188000000fa008832a80087a0a9007f
:1054d800e11420009140780080cfb30000c0600044
:1054e8000014a0004ee1b7000000eb00b0b1880046
:1054f80040948000640060000000e0001e0032005c
:105508001000200040b288000000eb00c0088800ae
:10551800d18e800000002100008060000000e000c3
:1055280003003a0030682000e008880002003700d5
:10553800d0562000e008880086c0a9008ec0a800c8
:1055480021e1a8001000200060b2880010002000af
:1055580020b5880010c0b300a2f6b70087a0a90044
:10556800e11420009140780080cfb30000c06000b3
:105578004ee1b7008fa0a9000080fa003400f900be
:105588004f00be0000400600809fbe003400f800b7
:1055980000002000a00188000000fa0020b580006b
:1055a800e10f500015003a00d5c2bf006840600006
:1055b8000004e000110032000000eb0020b5880074
:1055c80021e1a90086c0a9008ec0a90087a0a90072
:1055d8008fa0a800e11420009140780080cfb3008c
:1055e80000c060000014a0004ee1b7001fe1a90050
:1055f80086a0a9008ea0a9001000370020b5800061
:10560800e10f50000d003a00d5c2bf0068406000ad
:105618000004e00009003a002000200020b58800be
:1056280087a0a9008fa0a900e1142000914078006c
:1056380080cfb30000c060004ee1b70020b5800005
:10564800e20f500014003a000000eb00c008880088
:1056580070958000e008880030b48000f0b58800bc
:1056680086c0a9008ec0a80021e1a800d18e8000c4
:1056780000102000008060000000e00003003a00f5
:105688003000200020b588004c003700b000200012
:1056980020b588004900370020b58000e30f50008e
:1056a8000c003a004000200020b588000000eb0004
:1056b800c0088800f0b58000e008880086c0a9000e
:1056c8008ec0a80021e1a800d662a800d642a80092
:1056d8003a00370020b58000e40f500013003a006c
:1056e8005000200020b588003000200030b5880028
:1056f8000000eb0030088800c1b58000f0b58000dc
:10570800008050006008880084c0a9008cc0a800f0
:1057180011e1a800d662a900d642a900d622a900a4
:1057280086c0a9008ec0a9002400370020b58000db
:10573800eb0f50000c003a00c000200020b5880094
:105748000000eb00c0088800f0b58000e008880081
:1057580086c0a9008ec0a80021e1a800d662a800d2
:10576800d642a8001500370020b58000ec0f500085
:1057780012003a00d000200020b588005001200017
:1057880030b588000000eb0030088800c1b5800003
:10579800f0b58000008050006008880084c0a9002f
:1057a8008cc0a80011e1a800d662a900d642a900c1
:1057b800d622a90086c0a9008ec0a9000080fa00e0
:1057c8003400f9004f00be0000400600809fbe0074
:1057d8003400f80000002000a00188000000fa0052
:1057e80084c0a90030b280000000e80030b2880010
:1057f80030b58000e30f50000c003a004000200054
:1058080030b588000000eb0030088800f0b5800053
:105818006008880084c0a9008cc0a80011e1a80015
:10582800d662a800d622a8008f00370030b58000c5
:10583800e40f50000f003a005000200030b58800f7
:105848000000eb0030088800c1b58000f0b580008a
:10585800008050006008880084c0a9008cc0a8009f
:1058680011e1a800d662a900d642a900d622a90053
:105878007d00370030b58000e50f50000c003a007d
:105888006000200030b588000000eb003008880078
:10589800f0b580006008880084c0a9008cc0a8000a
:1058a80011e1a800d642a800d622a8006e00370051
:1058b80030b58000e60f50000f003a00700020005d
:1058c80030b588000000eb0030088800c1b58000c2
:1058d800f0b58000008050006008880084c0a900ee
:1058e8008cc0a80011e1a800d662a900d642a90080
:1058f800d622a9005c00370030b58000e70f5000c1
:105908000c003a008000200030b588000000eb0051
:1059180030088800f0b580006008880084c0a900bd
:105928008cc0a80011e1a800d642a800d662a80041
:105938004d00370030b58000e80f50000f003a00e6
:105948009000200030b588000000eb003008880087
:10595800c1b58000f0b58000008050006008880064
:1059680084c0a9008cc0a80011e1a800d662a900d3
:10597800d642a900d622a9003b00370030b58000e6
:10598800e90f50000c003a00a000200030b5880054
:105998000000eb0030088800f0b58000600888003f
:1059a80084c0a9008cc0a80011e1a800d622a800d4
:1059b800d662a8002c00370030b58000ea0f5000ee
:1059c8000f003a00b000200030b588000000eb005e
:1059d80030088800c1b58000f0b580000080500014
:1059e8006008880084c0a9008cc0a80011e1a80044
:1059f800d662a900d642a900d622a9001a0037000b
:105a080030b58000eb0f50000c003a00c0002000b9
:105a180030b588000000eb0030088800f0b5800041
:105a28006008880084c0a9008cc0a80011e1a80003
:105a3800d622a800d642a8000b00370030b5800057
:105a4800ec0f500008003a00d000200030b5880064
:105a5800d662a900d642a900d622a90084c0a9000e
:105a68008cc0a90011e1a90030b58000f50f5000e5
:105a78000c003a006001200030b588000000eb00ff
:105a880030088800f0b580006008880084c0a9004c
:105a98008cc0a80011e1a800d642a800d622a80010
:105aa8008f00370030b58000f60f50000f003a0025
:105ab8007001200030b588000000eb003008880035
:105ac800c1b58000f0b580000080500060088800f3
:105ad80084c0a9008cc0a80011e1a800d662a90062
:105ae800d642a900d622a9007d00370030b5800033
:105af800f70f50000c003a008001200030b58800f4
:105b08000000eb0030088800f0b5800060088800cd
:105b180084c0a9008cc0a80011e1a800d662a80022
:105b2800d622a8006e00370030b58000f80f50006c
:105b38000f003a009001200030b588000000eb000b
:105b480030088800c1b58000f0b5800000805000a2
:105b58006008880084c0a9008cc0a80011e1a800d2
:105b6800d662a900d642a900d622a9005c00370057
:105b780030b58000f90f50000c003a00a001200059
:105b880030b588000000eb0030088800f0b58000d0
:105b98006008880084c0a9008cc0a80011e1a80092
:105ba800d642a800d662a8004d00370030b5800064
:105bb800fa0f50000f003a00b001200030b58800fd
:105bc8000000eb0030088800c1b58000f0b5800007
:105bd800008050006008880084c0a9008cc0a8001c
:105be80011e1a800d662a900d642a900d622a900d0
:105bf8003b00370030b58000fb0f50000c003a0026
:105c0800c001200030b588000000eb003008880093
:105c1800f0b580006008880084c0a9008cc0a80086
:105c280011e1a800d622a800d642a8002c0037000f
:105c380030b58000fc0f50000f003a00d001200062
:105c480030b588000000eb0030088800c1b580003e
:105c5800f0b58000008050006008880084c0a9006a
:105c68008cc0a80011e1a800d662a900d642a900fc
:105c7800d622a9001a00370030b58000fd0f500069
:105c88000c003a00e001200030b588000000eb006d
:105c980030088800f0b580006008880084c0a9003a
:105ca8008cc0a80011e1a800d622a800d662a800de
:105cb8000b00370030b58000fe0f500008003a0096
:105cc800f001200030b58800d662a900d642a900ac
:105cd800d622a90084c0a9008cc0a90011e1a9009e
:105ce8000080fa003400f9004f00be0000400600b2
:105cf8003400f800881f780008002000a8018800f8
:105d08004f0478000000fa000080fa003400f9001f
:105d180000400600809fbe00821f78003400f80013
:105d280000002000a00188000000fa0085e0a9001a
:105d3800d4c2bf000080fb004600de00e1406000e6
:105d4800c0b180006140600080cf50000d0032007b
:105d5800d4c2bf000080fb004600de006140600046
:105d68000080fb0061016000c1b18000e0ff2f00ee
:105d78000080600002007000c0b188000000eb00e5
:105d8800d0b18800d4c2bf000080fb004500de000f
:105d9800e1406000c0b180000000d10061406000b7
:105da80080cf50000e003200d4c2bf000080fb003c
:105db8004500de00614060000080fb00610060007b
:105dc80000014000c1b18000d0ff2f0000806000ba
:105dd80002007000c0b188000000eb00e0b188004c
:105de800d4c2bf000080fb004400de00e140600038
:105df800c0b180004200de006140600080cf5000ea
:105e08000e003200d4c2bf000080fb004400de0058
:105e1800614060000080fb00610060004201dd001d
:105e2800c1b18000b0ff2f00008060000200700048
:105e3800c0b188000000eb00f0b1880000b380001a
:105e4800e30f50006800320000b38000e40f5000f8
:105e58006500320020938000fb0f5000620036007e
:105e6800c0b18000610060000000e00006003a0058
:105e780040b580000000e00003003a001000200058
:105e880040b5880058003700c0b18000610060004c
:105e98000000e0000800320040b58000e10f50002b
:105ea80005003a002000200040b588005008800016
:105eb800e0b288004c003700c0b18000620060008a
:105ec8000000e0004800320040b58000e20f5000ba
:105ed80045003a000000eb0040b5880050088000fb
:105ee800d0b28800d1b28000e0b28000808f50002c
:105ef80005003600d0b28000e1b2800001005000f9
:105f0800c0b2880009003700e0b280008000780045
:105f18000080eb0001005000c0b28800c1b28000d0
:105f2800d0b2800000804000c0b28800c1b28000ba
:105f380070322200808f500016003e0090b2800020
:105f48000000e80090b288000000eb00a0b28800d2
:105f58000000eb00b0b2880090b28000e60f50005d
:105f6800210036008952a9005000200040b5880061
:105f78000000eb0090b28800d18e80000020200045
:105f8800008060000000e00017003200db11a9006b
:105f980015003700a0b280000000e800a0b2880019
:105fa8000000eb0090b288000000eb00b0b288005f
:105fb800a0b28000e60f50000b0036008952a800fe
:105fc8005000200040b588000000eb00a0b2880017
:105fd800d18e800000202000008060000000e000da
:105fe80001003200db11a8000080fa003400f9003b
:105ff8004f0178004f00be00004006000000fa0084
:10600800d0b580000000e00006003a00d4c2bf000e
:106018000044b2000004e00002003a001000200032
:10602800d0b58800d0b58000e10f500008003a00d4
:10603800d4c2bf000044b2000004e00004003200f3
:1060480020002000d0b5880050088000f0ad8800fe
:10605800d0b58000e20f500006003a00d5c2bf005c
:10606800684060000004e00002003a0030002000b0
:10607800d0b58800d0b58000e30f50001a003a0070
:10608800d5c2bf00684060000004e000160032007e
:1060980050088000e0ad8800e1ad8000f0ad8000e0
:1060a800808f500005003600e0ad8000f1ad800023
:1060b8000100500020ab880009003700f0ad8000d7
:1060c800800078000080eb000100500020ab8800c1
:1060d80021ab8000e0ad80000080400020ab88004c
:1060e80040002000d0b58800d0b58000e40f5000f3
:1060f8001b003a005197800020ab8000808f500031
:10610800110031004197800020ab8000808f500043
:106118000d00360000ae80000000e80000ae8800e8
:1061280000ae8000e30f5000040036000000eb00d2
:1061380010ab88000000eb0000ae88000000eb0008
:10614800d0b58800060037000000eb0000ae8800dc
:106158001000200010ab88000000eb00d0b58800cc
:106168000080fa00000006000000fa004094800059
:10617800620060000000e0001a003200600a80003f
:1061880090ad880091ad8000a0ad8000808f500058
:106198000500360090ad8000a1ad800001005000e0
:1061a80080ad880009003700a0ad8000800078002d
:1061b8000080eb000100500080ad880081ad8000b8
:1061c80090ad80000080400080ad880090ad8000d8
:1061d800a0ad88000000eb0070ab88008832a900f1
:1061e8000300370070ab80000000e80070ab880047
:1061f80081ad800000e82300808f50000a0036003f
:1062080081ad8000f05e2500808f500006003e00c2
:106218000000eb0050ab880060ab80000000e80095
:1062280060ab88000500370050ab80000000e80034
:1062380050ab88000000eb0060ab880060ab8000ca
:10624800e30f5000010036008932a80050ab8000ef
:10625800e30f5000010036008932a90080ad8000ac
:106268000000e0001000320081ad800000e823004b
:10627800808f50000c00360081ad8000701a260017
:10628800808f500008003e0082ad80000068290021
:1062980081092000811f7800110009004288d80078
:1062a800cf007800e093880080ad80006200200075
:1062b800110009000280d80030ab880031ab8000a3
:1062c800c0a82000808f50000b00360031ab800042
:1062d80070d42000808f500007003e00d08e8000d0
:1062e800620060000000e0000300320030ab800074
:1062f800c0b588000a003700d08e80000100210058
:10630800010060000000e00003003a0050d02000c7
:10631800c0b588000200370090ad2000c0b58800e5
:106328000080fa00000006000000fa0090b4800027
:10633800e30f50002b003a00e08e8000010021009e
:10634800010060000000e000260032005193800048
:10635800509380000100b800009b8800119b8800c2
:10636800c09b8000d19b8000e00f5000e08f580058
:106378000e003500c09b8000d19b80000001be004c
:10638800009b8000119b800002014000838148002f
:10639800209b8000319b80000000510081805900c3
:1063a800c09b8800d19b8800030037006000b800bc
:1063b800c09b8800d19b8800c09b8000d19b800037
:1063c800429b8000539b8000820f5000838f5800af
:1063d80004003400d831a8006000b800c09b8800d1
:1063e800d19b880090b48000e40f50002b003a0045
:1063f800e08e800001002200010060000000e00043
:106408002600320051938000509380000100b800ac
:10641800009b8800119b8800e09b8000f19b800016
:10642800e00f5000e08f58000e003500e09b800020
:10643800f19b80000001be00009b8000119b800042
:106448000201400083814800209b8000319b80002e
:106458000000510081805900e09b8800f19b880072
:10646800030037006000b800e09b8800f19b8800bb
:10647800e09b8000f19b8000629b8000739b800002
:10648800820f5000838f580004003400d831a800d0
:106498006000b800e09b8800f19b88000080fa004b
:1064a800000006000000fa0000b380000000e000d1
:1064b8002a003a0070ad80000000e00027003a0092
:1064c80060ad80000000e80060ad880060ad80002d
:1064d800ea0f5000210036000000eb0060ad880094
:1064e800d09a80000000e0000a003a00e09a80009c
:1064f8000000e00007003a001000200070ad88009e
:106508000000eb00d09a88000000eb00e09a8800b9
:1065180012003700d09a80000000e00009003a001d
:10652800e09a80000000e00006003200b00320007e
:10653800d09a8800e09a80000000e900e09a88007c
:1065480006003700d09a80000000e0000300320007
:10655800d09a80000000e900d09a88000080fa00f4
:10656800000006000000fa00219380006096800079
:10657800808f50000400390080ab80000000e800e4
:1065880080ab8800020037000000eb0080ab880079
:106598003193800060968000808f5000040039009d
:1065a800a0ab80000000e800a0ab88000200370024
:1065b8000000eb00a0ab880041938000609680004b
:1065c800808f500004003900c0ab80000000e80054
:1065d800c0ab8800020037000000eb00c0ab8800a9
:1065e800a199800080ab8000808f5000080039009e
:1065f800a1998000a0ab8000808f50000400390072
:10660800a1998000c0ab8000808f50000700310046
:10661800d971a8000000eb0080ab88000000eb00f7
:10662800a0ab88000000eb00c0ab88000080fa0037
:10663800000006000000fa00219380007096800098
:10664800808f500004003e00e0ab80000000e800ae
:10665800e0ab8800020037000000eb00e0ab8800e8
:106668003193800070968000808f500004003e00b7
:1066780000ac80000000e80000ac88000200370091
:106688000000eb0000ac8800419380007096800009
:10669800808f500004003e0020ac80000000e8001d
:1066a80020ac8800020037000000eb0020ac880016
:1066b800b1998000e0ab8000808f5000080039005d
:1066c800b199800000ac8000808f50000400390030
:1066d800b199800020ac8000808f50000700310005
:1066e800d991a8000000eb00e0ab88000000eb00a7
:1066f80000ac88000000eb0020ac8800b0b180003e
:10670800ea0f500001003600d951a8000080fa00b5
:10671800000006000000fa00819380003099800094
:10672800808f50000900390000ad80000000e800ab
:1067380000ad88004199800000ad8000808f500036
:1067480004003100d9b1a800020037000000eb00b6
:1067580000ad88000080fa00000006000000fa0082
:1067680051938000909a8000808f50000900390072
:1067780040ac80000000e80040ac880081998000af
:1067880040ac8000808f500004003100d871a80010
:10679800020037000000eb0040ac880071938000d5
:1067a800909a8000808f50000900390080ac8000ea
:1067b8000000e80080ac88008199800080ac8000ef
:1067c800808f500004003100d8b1a80002003700c3
:1067d8000000eb0080ac88000080fa000000060092
:1067e8000000fa005193800050998000808f50007b
:1067f80009003900a0ac80000000e800a0ac8800c7
:1068080061998000a0ac8000808f500004003100a6
:10681800d871a800020037000000eb00a0ac880087
:106828007193800050998000808f500009003900d2
:10683800e0ac80000000e800e0ac880061998000ce
:10684800e0ac8000808f500004003100d8b1a8006f
:10685800020037000000eb00e0ac88000080fa007e
:10686800000006001400fa00519380006093800035
:1068780000805000b093880061938000709380007e
:1068880000805000c093880071938000509380006e
:1068980000805000d0938800b09380000000e00092
:1068a80003003d00b09380000000ea00b093880028
:1068b800c09380000000e00003003d00c09380000a
:1068c8000000ea00c0938800d09380000000e00038
:1068d80003003d00d09380000000ea00d0938800b8
:1068e800b1938000c0938000808f500002003d006b
:1068f800c0938000b0938800b1938000d09380004b
:10690800808f500002003d00d0938000b093880033
:1069180051938000609380008080400070938000d5
:10692800008040000100200010079800210798000f
:106938001e009000ae00900032002000811f7800f9
:10694800110009004288d800cf007800300798006d
:10695800b0938000cf80de007ee60700000f98002d
:10696800110f98003e009000cf80de0079e6070006
:1069780060079800710798003e0090000000e00052
:1069880007003d0002002000037824006e009000fc
:10699800fe00900077e707006007980071079800ed
:1069a8006e019000fe0190000e0890009e08900075
:1069b800e9e6070040079800510798000200200008
:1069c800832c24004e009000de00900024e707008e
:1069d800c5e70700000f7800b09a80009e0f5000ae
:1069e80012003e00a29e8000b39e8000a0002000fe
:1069f80001002000800f5100818f59000b003400e6
:106a080020ad80000000e80020ad8800919980004a
:106a180020ad8000808f500001003100d8d1a8003f
:106a28000000eb0030ad88000500370030ad800075
:106a38000000e80030ad88000000eb0020ad8800c1
:106a48000080fa00000006000000fa002093800091
:106a5800f30f50000a003e0040ab80000000e80041
:106a680040ab880040ab8000ea0f500006003600bb
:106a7800d951a8000000eb0040ab880002003700a5
:106a88000000eb0040ab88000080fa000000060020
:106a98000000fa00d0b180000000e800d0b1880002
:106aa800e0b180000000e800e0b18800f0b18000ab
:106ab8000000e800f0b18800d1b180002003200078
:106ac800808f500008003e00e1b1800020032000c4
:106ad800808f500004003e00f1b1800020032000a8
:106ae800808f500001003600d851a80000b3800004
:106af800e40f500006003a000000eb00d0b1880017
:106b08000000eb00e0b188000000eb00f0b1880065
:106b18000080fa00000006000000fa0020938000c0
:106b2800e90f50000a003e0040ad80000000e80078
:106b380040ad880040ad8000ea0f500007003600e5
:106b48005e76a8000000eb0040b58800030037001f
:106b58000000eb0040ad88005e76a9000080fa00d6
:106b6800000006000000fa0090b48000e20f500018
:106b780009003a00e08e8000700060000000e0002c
:106b880005003200b18e8000a0aa2a00808f500034
:106b980001003200beff070090b48000e10f5000f2
:106ba8000d00360090b48000e30f50000a003e004c
:106bb800e08e800001022000010060000000e0007b
:106bc80005003200b18e8000a0aa2a00808f5000f4
:106bd800010032009cff070090b48000e20f5000d3
:106be8000300320090b48000e30f500005003a0023
:106bf800e08e8000620060000000e00001003200ca
:106c08008cfe070090b48000e30f500010003a009b
:106c1800e08e8000610060000000e00001003200aa
:106c280050fe0700e08e8000640060000000e00075
:106c380001003200c9fe0700e08e80000104200038
:106c4800010060000000e00001003200b1fe070012
:106c580090b48000e40f500018003a00e08e8000e5
:106c680001082000010060000000e000010032007f
:106c78003cfe0700e08e800001102000010060004b
:106c88000000e000010032006afe0700e08e80008c
:106c980001202000010060000000e0000100320037
:106ca800cffe0700e08e8000018020000100600018
:106cb8000000e0000100320096fe07000080fa00a4
:106cc800000006000000fa00d08e80006800600016
:106cd8000000e00028003a00d4c2bf0001c8b30099
:106ce800014060000004e0000d003a000000eb00e5
:106cf800e0ae8800d0ae80000000e800d0ae88008a
:106d0800d0ae8000ea0f5000070036000000eb000c
:106d1800d0ae8800d815a800d835a90002003700e1
:106d28000000eb00d0ae8800e0c2bf006140600008
:106d38000004e0000d003a000000eb0020af8800de
:106d480010af80000000e80010af880010af80008e
:106d5800ea0f5000550036000000eb0010af880025
:106d6800d835a800d815a900500037000000eb005e
:106d780010af88004d003700d4c2bf0001c8b3006f
:106d8800014060000004e0000e003a0090b480006a
:106d9800e10f50000b003a00f0ae80000000e80060
:106da800f0ae8800f0ae8000e50f50000700360016
:106db8000000eb00f0ae8800d815a800d835a9006f
:106dc800020037000000eb00f0ae8800d4c2bf001c
:106dd80001c8b300014060000004e0001300320065
:106de80090b48000e20f50001000360090b480008c
:106df800ea0f50000d003e0030af80000000e800b0
:106e080030af880030af8000e50f50000900360031
:106e18000000eb0030af8800d835a800d815a900cd
:106e28000000eb0090b58800020037000000eb007e
:106e380030af8800c0ae8000610060000000e00054
:106e48000b0032000000eb00f0ae880000af8000bd
:106e58000000e80000af880000af8000e50f500098
:106e6800030036000000eb0000af8800d815a90029
:106e7800c0ae8000620060000000e0000b0032003d
:106e88000000eb0030af880040af80000000e80051
:106e980040af880040af8000e50f50000300360087
:106ea8000000eb0040af8800d835a900c0ae8000d4
:106eb800610060000000e0000b0032000000eb0001
:106ec800d0ae8800e0ae80000000e800e0ae8800a8
:106ed800e0ae8000e50f5000030036000000eb0034
:106ee800e0ae8800d815a900c0ae8000620060003e
:106ef8000000e0000b0032000000eb0010af88003b
:106f080020af80000000e80020af880020af80009c
:106f1800ea0f5000030036000000eb0020af8800a5
:106f2800d835a900e0c2bf00624060000004e0005c
:106f38000c003a000000eb0060af880050af800002
:106f48000000e80050af880050af8000e50f500007
:106f58000f0036006000200050af8800d855a80008
:106f68000b0037000000eb0050af880060af8000d6
:106f78000000e80060af880060af8000e50f5000b7
:106f8800030036006000200060af8800d855a900d3
:106f9800e6c2bf00624060000004e0000c003a0056
:106fa8000000eb0080af880070af80000000e800b0
:106fb80070af880070af8000ea0f50000f003600f5
:106fc800b000200070af8800d875a8000b0037000b
:106fd8000000eb0070af880080af80000000e80080
:106fe80080af880080af8000ea0f500003003600b1
:106ff800b000200080af8800d875a900e6c2bf00a5
:10700800614060000004e0000c003a000000eb0062
:10701800a0af880090af80000000e80090af880023
:1070280090af8000e50f50000f0036006000200090
:1070380090af8800d895a8000b0037000000eb003f
:1070480090af8800a0af80000000e800a0af8800e3
:10705800a0af8000e50f500003003600600020005c
:10706800a0af8800d895a900cfc2bf000042b200e7
:107078000004e00011003a00d08e8000018020005a
:10708800010060000000e0000c0032000000eb008e
:10709800c0af8800b0af80000000e800b0af880043
:1070a800b0af8000e50f50001800360060002000e7
:1070b800b0af88003cefa80014003700cfc2bf0073
:1070c8000042b2000004e00010003200d08e8000c0
:1070d80001802000010060000000e0000b00320089
:1070e8000000eb00b0af8800c0af80000000e800ef
:1070f800c0af8800c0af8000e50f50000300360025
:1071080060002000c0af88003cefa900cfc2bf00dc
:107118000044b2000004e0000c003a000000eb005c
:10712800e0af8800d0af80000000e800d0af880052
:10713800d0af8000e50f50000f003600600020003f
:10714800d0af8800d8d5a8000b0037000000eb00ae
:10715800d0af8800e0af80000000e800e0af880012
:10716800e0af8000e50f500003003600600020000b
:10717800e0af8800d8d5a900c8c2bf00644060004d
:107188000004e0000c003a000000eb0000b08800aa
:10719800f0af80000000e800f0af8800f0af80009a
:1071a800e20f50000f00360030002000f0af8800da
:1071b800d8f5a8000b0037000000eb00f0af8800fe
:1071c80000b080000000e80000b0880000b0800037
:1071d800e20f5000030036003000200000b08800a5
:1071e800d8f5a900c0ae8000620060000000e00091
:1071f80001003200d815a900f09980000000e000d5
:1072080008003a0080ae800061406000c700dd00e1
:10721800e8c2bf000074a10001407000e8e2b700b6
:1072280048003700f0998000e10f50000a003a004a
:10723800e9c2bf000080fb004400de00614060003e
:10724800c700dd00e8c2bf000074a1000140700063
:10725800e8e2b7003b003700f0998000e20f5000e9
:1072680009003a00c0ae80004300de0061406000c3
:10727800c700dd00e8c2bf000074a1000140700033
:10728800e8e2b7002f003700f0998000e30f5000c4
:107298000a003a00d0c2bf000080fb004200de00b6
:1072a80061406000c700dd00e8c2bf000074a100b3
:1072b80001407000e8e2b70022003700f099800032
:1072c800e40f500008003a00a0ae80006140600062
:1072d800c700dd00e8c2bf000074a10001407000d3
:1072e800e8e2b70017003700f0998000e50f50007a
:1072f80009003a00f0b280004400de0061406000fe
:10730800c700dd00e8c2bf000074a10001407000a2
:10731800e8e2b7000b003700f0998000e60f500054
:1073280008003a00f0b280004500de0061406000cd
:10733800c700dd00e8c2bf000074a1000140700072
:10734800e8e2b700009a80000000e0000c003a0074
:10735800d0c2bf000080fb004200de006140600038
:1073680061416000912e200091407800e0cfb30089
:1073780000c0600002407000e9e2b7005200370028
:10738800009a8000e10f50000a003a0080ae8000a9
:107398006140600061416000912e200091407800ba
:1073a800e0cfb30000c0600002407000e9e2b7001f
:1073b80045003700009a8000e20f50000c003a00a8
:1073c800e9c2bf000080fb004400de0061406000ad
:1073d80061416000912e200091407800e0cfb30019
:1073e80000c0600002407000e9e2b70036003700d4
:1073f800009a8000e30f50000b003a00c0ae8000f6
:107408004300de006140600061416000912e200071
:1074180091407800e0cfb30000c0600002407000e7
:10742800e9e2b70028003700009a8000e40f500016
:107438000a003a00a0ae800061406000614160002f
:10744800912e200091407800e0cfb30000c060008a
:1074580002407000e9e2b7001b003700009a800084
:10746800e50f50000b003a00f0b280004400de0047
:107478006140600061416000912e200091407800d9
:10748800e0cfb30000c0600002407000e9e2b7003e
:107498000d003700009a8000e60f50000a003a00fd
:1074a800f0b280004500de0061406000614160008c
:1074b800912e200091407800e0cfb30000c060001a
:1074c80002407000e9e2b700109a80000000e00076
:1074d8000b003a00a0ae800061406000614060008f
:1074e80000414000912e200091407800d0cfb30099
:1074f80000c0600002407000e9e2b7005a0037009f
:10750800109a8000e10f50000b003a0080ae800016
:10751800614060006140600000414000912e200001
:1075280091407800d0cfb30000c0600002407000e6
:10753800e9e2b7004c003700109a8000e20f5000d3
:107548000d003a00e9c2bf000080fb004400de00e5
:10755800614060006140600000414000912e2000c1
:1075680091407800d0cfb30000c0600002407000a6
:10757800e9e2b7003c003700109a8000e30f5000a2
:107588000c003a00c0ae80004300de00614060009d
:107598006140600000414000912e20009140780039
:1075a800d0cfb30000c0600002407000e9e2b7002d
:1075b8002d003700109a8000e40f50000d003a00ab
:1075c800d0c2bf000080fb004200de0061406000c6
:1075d8006140600000414000912e200091407800f9
:1075e800d0cfb30000c0600002407000e9e2b700ed
:1075f8001d003700109a8000e50f50000c003a007b
:10760800f0b280004400de0061406000614060002c
:1076180000414000912e200091407800d0cfb30067
:1076280000c0600002407000e9e2b7000e003700b9
:10763800109a8000e60f50000b003a00f0b280006c
:107648004500de006140600061406000004140008c
:10765800912e200091407800d0cfb30000c0600088
:1076680002407000e9e2b700209a80000000e000c4
:107678000c003a00c0ae80004300de0061406000ac
:10768800614060004601dd00812e200091407800b5
:10769800f0cbb30000c0600002407000e8e2b70021
:1076a80059003700209a8000e10f50000b003a0083
:1076b80080ae800061406000614060004601dd00ee
:1076c800812e200091407800f0cbb30000c060000c
:1076d80002407000e8e2b7004b003700209a8000b3
:1076e800e20f50000d003a00e9c2bf000080fb0025
:1076f8004400de0061406000614060004601dd003a
:10770800812e200091407800f0cbb30000c06000cb
:1077180002407000e8e2b7003b003700209a800082
:10772800e30f50000d003a00d0c2bf000080fb00fc
:107738004200de0061406000614060004601dd00fb
:10774800812e200091407800f0cbb30000c060008b
:1077580002407000e8e2b7002b003700209a800052
:10776800e40f50000b003a00a0ae800061406000ba
:10777800614060004601dd00812e200091407800c4
:10778800f0cbb30000c0600002407000e8e2b70030
:107798001d003700209a8000e50f50000c003a00c9
:1077a800f0b280004400de0061406000614060008b
:1077b8004601dd00812e200091407800f0cbb30017
:1077c80000c0600002407000e8e2b7000e00370019
:1077d800209a8000e60f50000b003a00f0b28000bb
:1077e8004500de0061406000614060004601dd0048
:1077f800812e200091407800f0cbb30000c06000db
:1078080002407000e8e2b700f0b28000700060004b
:107818000000e0000900320010b080000000e8001d
:1078280010b0880010b08000f40f5000030036003c
:107838000000eb0010b088005e96a900f0b280004e
:1078480001022000010060000000e0000900320091
:1078580020b080000000e80020b0880020b0800040
:10786800f40f5000030036000000eb0020b0880041
:107878005eb6a9000080fa0000000600809fbe00e6
:107888003400f80000002000a00188000000fa0081
:10789800a2d6bf00e14f500012003a00a3d6bf00a5
:1078a8000040e800a3f6b700a3d6bf00ee4f500093
:1078b8000c0036000040eb00a3f6b7000040eb00d8
:1078c800a2f6b70087a0a900e11420009140780033
:1078d80080cfb30000c060000014a0004ee1b700e4
:1078e8008fa0a8009616a800c0b480000000e80089
:1078f800c0b48800d0b480000000e800d0b488008c
:10790800e0b480000000e800e0b48800f0b4800033
:107918000000e800f0b48800c0b48000e90f50000f
:10792800030036009656a8000000eb00c0b488009b
:10793800d0b48000e40f5000030036009636a8004b
:107948000000eb00d0b48800e0b48000ee0f5000d7
:10795800030036009676a8000000eb00e0b488002b
:10796800f1b4800030062000808f500003003600fc
:1079780096d6a8000000eb00f0b488008460a90047
:107988000080fa003400f9004f00be0000400600f5
:107998000000fa00a0958000b195800061004000c9
:1079a800e0804800a0958800b1958800a2958000e5
:1079b800b39580004006200001002000800f510090
:1079c800818f59000c0036004094800061006000ef
:1079d8000000e00008003a00a0958000b195800002
:1079e80042062000811f7800110009004288d80053
:1079f800cf00780080948800909480000000e00018
:107a0800a3003a00409480000108200001006000b3
:107a18000000e00061003a00f095800080007800e6
:107a2800509a8000808f5000170036001196800011
:107a380020968000808f50000a0034005295800004
:107a480063958000809580000000d100010020002f
:107a58000000510081805900509588006195880088
:107a68001100370052958000639580008095800052
:107a780001002000000051008180590050958800c5
:107a88006195880008003700529580006395800052
:107a9800809580000100200000005100818059007d
:107aa8005095880061958800319680004096800046
:107ab800808f50001000340052958000639580003c
:107ac800809580000100200000005100818059004d
:107ad80050958800619588005295800063958000d4
:107ae800809580000100200000005100818059002d
:107af80050958800619588005095800061958000b8
:107b0800d2998000e3998000820f5000838f58003b
:107b180004003100d0998000e199800050958800d8
:107b280061958800409480000104200001006000f5
:107b38000000e00009003a00509680006a0040000a
:107b4800509688005096800080007800b09680009b
:107b5800808f500001003600d911a800a29580003e
:107b6800b39580007094800001002000800f5100c0
:107b7800818f590001003600d931a8005095800046
:107b8800619580004609dd004a00de0000007100b2
:107b9800ca08de00709588006401370000b58000cf
:107ba8000000e80000b5880000b58000f30f500021
:107bb8000b003600e11420009140780080cfb3001c
:107bc80000c060000014a0004ee1b70087a0a80024
:107bd8000000eb00b0b188000000eb0000b58800a1
:107be80052958000639580008095800001002000f8
:107bf80000005100818059005095880061958800e7
:107c08005295800063958000d0998000e1998000aa
:107c1800800f5100818f590015003100d0998000e4
:107c2800e19980005095880061958800b0948000a3
:107c38000000e800b0948800b1948000800c200017
:107c4800808f50000500360040948000640060007a
:107c58000000e000010032008812a800b194800002
:107c680080252000808f500001003600d931a800ff
:107c780050958000619580004609dd004a00de00cd
:107c880000007100ca08de007095880027013700df
:107c980090948000e10f500071003a0051938000e9
:107ca800a0948000808f50002a00310051938000fa
:107cb800609a8000808f50000b0031005295800040
:107cc8006395800081958000e09680000088b90067
:107cd8000100200000005100818059005095880063
:107ce800619588002c00370051938000709a8000bd
:107cf800808f50000b003100529580006395800002
:107d080081958000f09680000088b900010020006d
:107d180000005100818059005095880061958800c5
:107d28001d0037005495800065958000809580007f
:107d380002978000110009000280d800010020008d
:107d48000000520081805a00509588006195880093
:107d580011003700109780000000e00003003a008f
:107d680040002000109788000b00370054958000d1
:107d780065958000809580001297800011000900a9
:107d88000280d800010020000000520081805a00c3
:107d98005095880061958800509580006195800015
:107da800d2998000e3998000820f5000838f580099
:107db80004003100d0998000e19980005095880036
:107dc8006195880040948000010420000100600053
:107dd8000000e00009003a00509680006a00400068
:107de800509688005096800080007800b0968000f9
:107df800808f500001003600d911a800a29580009c
:107e0800b39580007094800001002000800f51001d
:107e1800818f590001003600d931a8008194800073
:107e2800c0948000808f5000050036004094800088
:107e3800640060000000e000010032008812a80021
:107e480050958000619580004609dd004a00de00fb
:107e580000007100ca08de0070958800b300370082
:107e680090948000e20f50002c003a005295800058
:107e7800639580008095800001002000000051007b
:107e8800818059005095880061958800529580003e
:107e980063958000d0998000e1998000800f51009f
:107ea800818f590015003100d0998000e199800038
:107eb8005095880061958800b09480006a00400061
:107ec800b0948800b1948000007d2000808f50001d
:107ed8000500360040948000640060000000e00067
:107ee800010032008812a800b194800000772100b8
:107ef800808f500001003600d931a80050958000cd
:107f0800619580004609dd004a00de00000071002e
:107f1800ca08de00709588008400370090948000bd
:107f2800e30f500080003a0010b680000000e00027
:107f380005003a001000200010b688006000b80064
:107f4800a0958800b195880010b68000e10f500018
:107f580011003a005295800063958000a098800037
:107f680001002000000051008180590050958800d0
:107f780061958800a2958000b395800030988000b4
:107f880001002000800f5100818f59000200390044
:107f98002000200010b6880010b68000e20f5000c4
:107fa80013003a005295800063958000b0988000d5
:107fb8000100200000005100818059005095880080
:107fc80061958800a2958000b39580003198800063
:107fd800409880000080400001002000800f510080
:107fe800818f5900020039003000200010b6880047
:107ff80010b68000e30f500015003a00529580003b
:1080080063958000c09880000100200000005100a6
:10801800818059005095880061958800a29580005c
:10802800b39580003198800040988000808040009f
:10803800509880000080400001002000800f51000f
:10804800818f5900020039004000200010b68800d6
:1080580010b68000e40f500017003a0052958000d7
:1080680063958000d0988000010020000000510036
:10807800818059005095880061958800a2958000fc
:10808800b39580003198800040988000808040003f
:1080980050988000808040006098800000804000f8
:1080a80001002000800f5100818f59000200390023
:1080b800a000200010b6880010b68000ea0f50001b
:1080c80006003a00d08e8000010820000100600000
:1080d8000000e000010032008812a80050958000de
:1080e80061958000d2998000e3998000820f50004a
:1080f800838f580004003100d0998000e1998000f6
:1081080050958800619588005095800061958000a1
:108118004609dd004a00de0000007100ca08de00e2
:1081280070958800010037000000000071958000fc
:10813800a0a08000808f500002003100a0a0800025
:10814800709588000080fa00000006000000fa0020
:10815800a0958000b195800061004000e080480053
:10816800a0958800b1958800a2958000b3958000fd
:108178004006200001002000800f5100818f590027
:1081880008003600a0958000b195800042062000c6
:10819800811f7800110009004288d800cf007800bc
:1081a80080948800a2958000b3958000500020003c
:1081b80001002000800f5100818f5900080036000f
:1081c800e9e2a900d022a800d08e80000100240096
:1081d800010060000000e000010032005e96a80087
:1081e800a2958000b3958000c012200001002000f5
:1081f800800f5100818f590016003600d022a90047
:10820800d08e800001002400010060000000e00022
:10821800010032005e96a900c0ae800068006000d0
:108228000000e0000b003200d08e80000104200026
:10823800010060000000e00006003200e08e8000cf
:1082480001002800010060000000e0000100320089
:10825800d811a80052958000639580002095800071
:1082680001002000020040008380480050958800eb
:108278006195880050958000619580004609dd0071
:108288004a00de0000007100ca08de007095880010
:108298008852a8008912a8005000200000b3880066
:1082a800a2958000b3958000d09480000100200042
:1082b800800f5100818f5900040036000000eb0048
:1082c80010b38800d000200090b488000080fa0025
:1082d800000006000000fa00a0958000b19580001b
:1082e80061004000e0804800a0958800b1958800b2
:1082f800a2958000b3958000400620000100200070
:10830800800f5100818f590008003600a095800029
:10831800b195800042062000811f780011000900f5
:108328004288d800cf007800809488005295800059
:108338006395800020958000010020000200400025
:108348008380480050958800619588005295800088
:10835800639580005094800061948000800f5100e4
:10836800818f590004003600509480006194800089
:10837800509588006195880050958000619580002f
:108388004609dd004a00de0000007100ca08de0070
:10839800709588008852a8008912a8005000200013
:1083a80000b38800a2958000b3958000e095800016
:1083b80001002000800f5100818f59000400360011
:1083c8000000eb0010b38800d000200090b48800b3
:1083d8000080fa00000006000000fa00889fbe0036
:1083e8008a9fbe00649c8000759c8000c0a08000ad
:1083f8006101b8000400be00c7df0700d5df070031
:10840800ffdf070033e00700409e8800519e880088
:10841800549d8000659d8000c0a080006101b80067
:108428000400be00bcdf0700cadf0700f4df070056
:1084380028e00700609e8800719e8800749d800077
:10844800859d8000c0a080006101b8000400be00c6
:10845800b1df0700bfdf0700e9df07001de0070005
:10846800809e8800919e8800849c8000959c800056
:10847800c0a080006101b8000400be00a6df0700ac
:10848800b4df0700dedf070012e00700a09e8800c7
:10849800b19e8800c49c8000d59c8000c0a080004c
:1084a8006101b8000400be009bdf0700a9df0700d8
:1084b800d3df070007e00700e09e8800f19e8800f0
:1084c800a49c8000b59c8000c0a080006101b80019
:1084d8000400be0090df07009edf0700c8df07002a
:1084e800fcdf0700c09e8800d19e8800e49c8000c5
:1084f800f59c8000c0a080006101b8000400be00a7
:1085080085df070093df0700bddf0700f1df070005
:10851800009f8800119f8800a09e8000b19e800067
:1085280000017800409e8000519e80000280b900c2
:10853800209f8800319f8800109d8000219d800029
:1085480084df07000005be00c0a080006104b800f9
:10855800269f8000379f80008800780006007800fa
:10856800000ab80007c0b900050178000001410001
:1085780009b0b90000014100820278000400be0081
:1085880074df07000001be000a00be00f2df07002a
:10859800609f8800719f8800609f8000719f8000a5
:1085a80002002000832c24002de00700c9df07000b
:1085b800e09f880051938000509a8000808f50007f
:1085c80008003e0061938000509a8000808f500020
:1085d80004003e0071938000509a8000808f500004
:1085e80013003600e08e80000100240001006000c6
:1085f8000000e0000e003200d09f80000000e00084
:1086080009003d00c0b380000000e800c0b3880046
:10861800c1b3800040062000808f5000040036005f
:10862800d911a800020037000000eb00c0b3880091
:10863800e09f8000e10f50003e00340090b48000bd
:10864800e30f50003b003a00409480006100600056
:108658000000e00037003a0080948000e10f5000ed
:1086680002003a00e09f8000c09f8800e19f8000e0
:10867800c09f8000808f500002003d00e09f800076
:10868800c09f8800e19f8000b09f8000808f5000cd
:1086980002003400e09f8000b09f88005193800062
:1086a80040a08000808f5000140036005093800056
:1086b80040a088002093800060a0880051a080001e
:1086c80060a080000080500070a0880071a0800029
:1086d800400620000008b80070a0880052a0800062
:1086e80070a0800001002000811f7800110009009f
:1086f8004288d800cf00780070a08800719380006d
:1087080040a08000808f50000200360070938000e7
:1087180040a088008194800030a08000808f5000a5
:10872800020032008094800030a08800e09f800022
:10873800d09f8800a09e8000b19e800080007800b5
:10874800909d80000100b800f0b3880001b4880053
:10875800f0b3800001b48000d2042000811f7800ab
:10876800110009004288d800cf0078005093880093
:10877800c09e8000d19e800080007800909d80007f
:108788000100b800f0b3880001b48800f0b380009d
:1087980001b48000d2042000811f78001100090074
:1087a8004288d800cf00780060938800e09e80005f
:1087b800f19e800080007800909d80000100b80044
:1087c800f0b3880001b48800f0b3800001b48000e1
:1087d800d2042000811f7800110009004288d800c7
:1087e800cf00780070938800009f8000119f800060
:1087f80080007800c09d80000100b800f0b38800b8
:1088080001b48800f0b3800001b48000d2042000d5
:10881800811f7800110009004288d800cf00780035
:108828008093880050938000e04088006093800027
:10883800f04088007093800000418800409e8000ce
:10884800519e800080007800a09d80000100b80043
:10885800f0b3880001b48800f0b3800001b4800050
:10886800c2302000811f7800110009004288d8001a
:10887800cf007800209388002093800030938800f0
:1088880020938000409388000000eb00a0938800ac
:10889800f1a08000a01320000100b800f0b3880008
:1088a80001b48800f0b3800001b480001270220087
:1088b800811f7800110009004288d800cf00780095
:1088c800909388004f05be004f04be000080fa0058
:1088d800000006000000fa0090b48000e30f50008a
:1088e80057013a0040948000011020000100600008
:1088f8000000e00052013a0051938000509a800035
:10890800808f500008003e0061938000509a8000dc
:10891800808f500004003e0071938000509a8000c0
:10892800808f50000100360088d2a8005093800044
:10893800f0958800f1958000009680000080500036
:108948001096880001968000f09580000080500005
:1089580030968800f095800000968800519380003a
:1089680020a18000808f50000e00310040948000cc
:10897800680060000000e0000a00320000a18000ea
:108988000000e80000a1880001a180004006200046
:10899800808f5000230034000000eb0000a1880005
:1089a800200037005093800021a18000810f5000e3
:1089b8001b00360040948000680060000000e00062
:1089c80017003a0010a180000000e80010a18800fc
:1089d80010a180008000780070998000808f50007e
:1089e8000700360051938000509a8000808f500015
:1089f800030036008872a8000000eb0000a1880080
:108a080051938000609a8000808f500005003600e6
:108a18008872a8000000eb0000a188000100370060
:108a2800000000005093800020a18800519380002e
:108a380030a18000808f50000300360050938000e2
:108a480030a18800600037005093800031a1800079
:108a5800810f50005b003100409480006800600086
:108a68000000e0005800320021938000200320001d
:108a7800808f50005400360030a180000080d10063
:108a880010b488005193800010b48000808f50008b
:108a980019003100d08e8000010220000100600022
:108aa8000000e00014003a0090ad200030b48800c7
:108ab800d0998000e19980005095880061958800e0
:108ac800a0b380000000e800a0b38800719880007f
:108ad800a0b38000808f50003b003100e08e800002
:108ae80001002400010060000000e00036003a00a8
:108af8008812a8003400370051938000509a8000f3
:108b0800808f500020003100d08e800001022000ac
:108b1800010060000000e0001b003200209380008c
:108b2800f40f500018003600a0b380000000e800e1
:108b3800a0b38800a0b38000e20f50000600360002
:108b4800e08e800001002400010060000000e000c9
:108b580001003a008812a800d09f800080007800a9
:108b680060978000808f500017003900e08e8000e9
:108b780001002400010060000000e0001200320043
:108b88008812a80010003700d09f8000800078006d
:108b980060978000808f500007003900e08e8000c9
:108ba80001002400010060000000e0000200320023
:108bb8008812a800040037000000eb00a0b388006a
:108bc800010037000000000070938000a1a1800020
:108bd800810f50000f0031004094800001022000f6
:108be800010060000000e0000a00320080a180005f
:108bf8000000e80080a1880081a1800040062000d4
:108c0800808f5000240034000000eb0080a1880011
:108c18002100370070938000a1a18000810f5000cf
:108c28001c00360040948000010220000100600012
:108c38000000e00017003a0090a180000000e80062
:108c480090a1880090a18000800078007099800031
:108c5800808f50000700360071938000509a800082
:108c6800808f50000300360088b2a8000000eb0097
:108c780080a1880071938000609a8000808f5000e6
:108c88000500360088b2a8000000eb0080a188002b
:108c9800010037000000000070938000a0a1880048
:108ca80071938000b0a18000808f500003003600cf
:108cb80070938000b0a18800610037007093800035
:108cc800b1a18000810f50005c0031004094800009
:108cd80001022000010060000000e000580032009e
:108ce8002193800020032000808f5000540036001c
:108cf800b0a180000080d10010b48800719380007a
:108d080010b48000808f500019003100d08e800090
:108d180001022000010060000000e00014003a0099
:108d280090ad200030b48800d0998000e19980008f
:108d38005095880061958800b0b380000000e80075
:108d4800b0b3880071988000b0b38000808f500065
:108d58003b003100e08e800001002400010060002b
:108d68000000e00036003a008812a80034003700fe
:108d780071938000509a8000808f5000200031004d
:108d8800d08e800001022000010060000000e00099
:108d98001b00320020938000f40f500018003600aa
:108da800b0b380000000e800b0b38800b0b3800022
:108db800e20f500006003600e08e8000010024001b
:108dc800010060000000e00001003a008812a800dd
:108dd800d09f80008000780060978000808f5000ce
:108de80017003900e08e80000100240001006000b7
:108df8000000e000120032008812a80010003700be
:108e0800d09f80008000780060978000808f50009d
:108e180007003900e08e8000010024000100600096
:108e28000000e000020032008812a80004003700a9
:108e38000000eb00b0b3880001003700000000001c
:108e48000080fa00000006000000fa000080eb0035
:108e580040158800a902a900a922a900a942a900d1
:108e6800a962a900a982a900a9a2a900a9c2a9006a
:108e7800a9e2a9000000eb0010158800a3c2bf00fa
:108e88007f40600001c6b30001407000a3e2b70054
:108e9800a342a800212a20009140780030ccb300da
:108ea80000c06000c041b300a2e2b700a222a9003e
:108eb800a202a9000000eb0020158800512a20001a
:108ec8009140780000ceb30000c06000b040b3000d
:108ed800a5e2b700a4e2a900412a20009140780049
:108ee80000ccb30000c06000f041b300a4e2b700ba
:108ef8000000eb0030158800612a200091407800be
:108f080000cfb30000c060000034a000a6e2b700a4
:108f1800a682a9000000eb0050158800ab02a8004b
:108f2800ab22a800ab42a800ab62a800ab82a800a5
:108f3800aba2a800abc2a800abe2a8000000eb00ff
:108f480000158800112a200091407800c0cfb30096
:108f580000c060000004a000a1e2b700012a2000c0
:108f68009140780000ceb30000c07000a0e2b700c6
:108f7800a042a800a1e2a800910920009140780031
:108f8800f0c8b30000c0600001c5b3000140700024
:108f980099e0b7008560a9008d60a8000000eb008b
:108fa800109c88000080fa00000006003600f800d7
:108fb800809fbe00829fbe003400f80000002000a1
:108fc800a00188004e00fa0040012000000f780040
:108fd800119c8000b0a08000808f50000e003e00e1
:108fe800109c80000000e800109c8800401480005d
:108ff8000000e000080032009e0078004014800065
:10900800808f50000400360040148000000f780064
:109018001e00780080a0880000148000109e880040
:1090280010148000209e8800109e80008000ea00b6
:10903800209e800000805000309e88003014800000
:10904800009e880040148000d09d8800d09d80003c
:109058000000e00005003400d09d800081a0800061
:1090680001005000d09d880004003700d09d80008a
:1090780081a0800001005000d09d8800601480000d
:10908800f09d8800f09d80000000e000050034009d
:10909800f09d800081a0800001005000f09d8800b4
:1090a80004003700f09d800081a08000010050007e
:1090b800f09d8800d09d80008000ea00f09d80002f
:1090c80000805000e09d880070148000009d88009a
:1090d800019d80000080200000804000009d8800e5
:1090e800d2a08000e3a08000009d8000cf80de0039
:1090f8000200400083804800d0a08800e1a08800da
:10910800219c8000c0a0800080805000b0a080001a
:1091180000804000b2a08000110009000280d80041
:109128008000fd0060279800b1a080006e209000ac
:109138000080400064005000b2a0800011000900c7
:109148000280d8008000fd0050279800219c8000f4
:10915800b0a080000080400064005000b2a08000f1
:10916800110009000280d8008000fd004027980007
:10917800219c8000b0a08000008040000000e90031
:10918800b2a08000110009000280d8008000fd0014
:1091980020279800209c8000129e800080004000bc
:1091a800208220000080400002087800209c800077
:1091b80080004000208220000080400010017800dc
:1091c800209c800080004000208220000080400019
:1091d800100078000280b900701f980001279800dd
:1091e8006e20900080004000208220000080400017
:1091f800100178006e20900080004000208220003e
:1092080000804000100078000280b900501f9800cc
:10921800611f9800629c8000739c80007e189000fb
:109228008e20900002014000838148005e18900063
:10923800ee1890000000510081805900609c880061
:10924800719c8800209c8000229e80008000400045
:10925800c08e20000080400002087800209c80001a
:1092680080004000c08e200000804000100178007f
:10927800209c800080004000c08e200000804000bc
:10928800100078000280b900301f9800411f980034
:109298006e20900080004000c08e200000804000ba
:1092a800100178006e20900080004000c08e2000e1
:1092b80000804000100078000280b900101f98005c
:1092c800211f9800529d8000639d80003e189000e9
:1092d800ce18900002014000838148001e189000bb
:1092e800ae1890000000510081805900509d880000
:1092f800619d8800209c8000329e80008000400094
:10930800609b20000080400002087800209c8000bc
:1093180080004000609b2000008040001001780021
:10932800209c800080004000609b2000008040005e
:10933800100078000280b90070179800011f98008b
:109348006e20900080004000609b2000008040005c
:10935800100178006e20900080004000609b200083
:1093680000804000100078000280b9005017980073
:1093780061179800729d8000839d80007e10900088
:109388008e18900002014000838148005e10900012
:10939800ee1090000000510081805900709d8800f7
:1093a800819d8800209c8000d29d80008000400024
:1093b80000a820000080400002087800209c80005f
:1093c8008000400000a820000080400010017800c4
:1093d800209c80008000400000a820000080400001
:1093e800100078000280b9003017980041179800e3
:1093f8006e2090008000400000a8200000804000ff
:10940800100178006e2090008000400000a8200025
:1094180000804000100078000280b9001017980002
:1094280021179800829c8000939c80003e10900039
:10943800ce10900002014000838148001e10900069
:10944800ae1090000000510081805900809c880077
:10945800919c8800209c8000f29d80008000400044
:1094680040c120000080400002087800209c800055
:109478008000400040c120000080400010017800ba
:10948800209c80008000400040c1200000804000f7
:10949800100078000280b900300f9800410f980042
:1094a8006e2090008000400040c1200000804000f5
:1094b800100178006e2090008000400040c120001c
:1094c80000804000100078000280b900100f98005a
:1094d800210f9800c29c8000d39c80003e08900019
:1094e800ce08900002014000838148001e089000c9
:1094f800ae0890000000510081805900c09c88008f
:10950800d19c8800209c8000e29d80008000400063
:10951800a0b420000080400002087800209c800051
:1095280080004000a0b420000080400010017800b6
:10953800209c800080004000a0b4200000804000f3
:10954800100078000280b900700f98000117980089
:109558006e20900080004000a0b4200000804000f1
:10956800100178006e20900080004000a0b4200018
:1095780000804000100078000280b900500f980069
:10958800610f9800a29c8000b39c80007e08900028
:109598008e10900002014000838148005e08900010
:1095a800ee0890000000510081805900a09c8800be
:1095b800b19c8800e18e800000802000008060005f
:1095c8000000e00005003a00e08e80000104200061
:1095d800010060000000e0002c003200209c8000a8
:1095e800029e800080004000e0cd20000080400006
:1095f80002087800209c800080004000e0cd200018
:109608000080400010017800209c8000800040000d
:10961800e0cd200000804000100078000280b900f2
:1096280070079800010f98006e209000800040009d
:10963800e0cd200000804000100178006e209000ee
:1096480080004000e0cd200000804000100078003d
:109658000280b9005007980061079800e29c8000da
:10966800f39c80007e0090008e089000020140006c
:10967800838148005e009000ee00900000005100d9
:1096880081805900e09c8800f19c8800d08e800081
:1096980001102000010060000000e0002e003a00e8
:1096a800209c80008000400000a82000008040002e
:1096b800100178004e209000800040002082200099
:1096c80000804000100078000280b9003007980040
:1096d80041079800209c8000c200dd0080da20004d
:1096e800008040003e019000ce0190000288be003c
:1096f8006e2090008000400000a8200000804000fc
:10970800100178005e209000800040002082200038
:1097180000804000100078000280b900100798000f
:1097280021079800129d8000239d80003e00900034
:10973800ce00900002014000838148001e00900086
:10974800ae0090000000510081805900109d8800f3
:10975800219d88002d0037004e2090008000400099
:1097680000a820000080400010017800209c8000a4
:109778008000400020822000008040001000780017
:109788000280b9003007980041079800209c8000ab
:10979800c200dd0080da2000008040003e01900019
:1097a800ce0190000288be005e209000800040003c
:1097b80000a8200000804000100178006e20900072
:1097c80080004000208220000080400010007800c7
:1097d8000280b9001007980021079800129d8000a8
:1097e800239d80003e009000ce00900002014000c2
:1097f800838148001e009000ae00900000005100d8
:1098080081805900109d8800219d8800209c80003f
:109818000000e800209c8800219c8000b0a0800007
:10982800808f50000d003900b2a08000d0a08000c9
:10983800e1a08000811f7800110009004288d8004b
:10984800cf007800f0a088006000b800d0a08800a1
:10985800e1a088000000eb00209c88008560a9003a
:109868000080fa003400f9004f01be004f00be002e
:109878003600f900004006000000fa00004421000c
:1098880010007800620060000000e000080032006c
:1098980090a280000000e80090a2880090a28000ba
:1098a800ea0f5000020036000000eb0040a28800da
:1098b8000ec2bf00684060000004e00008003a00e3
:1098c8000ec2bf00624060000004e00004003a00dd
:1098d8000ec2bf00644060000004e00001003200d6
:1098e800cc0007000080fa00000006000000fa0023
:1098f80000ab80000000e80000ab880001ab8000ee
:10990800401f2000808f50000c003600c100070067
:109918000000eb0040a2880001442100d0ff2f0086
:1099280091086000e2c2a900004421001020a000b4
:1099380001442100100020009000980000442100fc
:1099480010007800640060000000e0000d003200a4
:109958000044210010009000e10f500009003a0077
:1099680001442100b0ff2f0091086000014421004c
:109978000000eb00900098000000eb0000ab8800ae
:109988001400070000442100100078006400600003
:109998000000e0000d00320000442100200090008b
:1099a800e10f500009003a0001442100b0ff2f00e8
:1099b80091086000014421000000eb00a00098001d
:1099c8000000eb0000ab8800740007000080fa007c
:1099d800000006000200fa00e0012000000f7800f5
:1099e8001e007800000040008000780000c02f00b2
:1099f80000804000a08e88001e0078000000400013
:109a080080007800001e21000080400000017800de
:109a1800a08e800080007800f0072000130020004e
:109a280043020700f0012000000f78001e007800b4
:109a3800000040008000780000c02f000080400037
:109a4800a08e88001e00780000004000800078008a
:109a5800001e21000080400000017800a08e8000d8
:109a680080007800f0072000130020003002070073
:109a78002097800060f4b70030c0b30061f4b700ed
:109a8800e0c0b30062f4b70000b380004800de0015
:109a980063f4b70000b3800064f4b700c08e8000a0
:109aa8004800de0065f4b700c08e800066f4b70099
:109ab80000b38000e30f500007003200509380008d
:109ac800e50f500004003e000040eb0067f4b700cb
:109ad8000040eb0068f4b70000b38000e30f5000cb
:109ae8000800320050938000e50f50000500360052
:109af800509380004800de0067f4b7005093800060
:109b080068f4b700209380004800de0069f4b700cd
:109b1800209380006af4b700909380004800de002c
:109b28006bf4b700909380006cf4b700e09080006d
:109b38004800de006df4b700e09080006ef4b700d6
:109b4800f09080004800de006ff4b700f0908000cd
:109b580070f4b70011c1b300004621004d010700a1
:109b6800b0a28800b0a280004800de0071f4b700ff
:109b7800b0a2800072f4b70040012000e0a2880083
:109b88000000eb00f0a2880060d4bf000080fb005a
:109b9800801088000080fa00000006000000fa002b
:109ba8002097800060f4b70020c0b30061f4b700cc
:109bb80020c0b30062f4b700c08e80004800de0009
:109bc80063f4b700c08e800064f4b70051c0b300de
:109bd800004621002f010700b0a28800b0a2800033
:109be8004800de0065f4b700b0a2800066f4b70054
:109bf80080002000e0a288000000eb00f0a28800ae
:109c080060d4bf000080fb00801088000080fa004c
:109c1800000006000000fa00309780006101b800db
:109c280000122a0071002000bbd907000000e900db
:109c3800a01088000000eb00601088000de2a8006a
:109c48000da2a8000ca2a900c12020009140780014
:109c580090cfb30000c060000ce2b7000c02a9006e
:109c68000000eb00701088000f42a8000fe2a80067
:109c78000ec2bf00f043b2000ee2b7008540a90053
:109c88008520a900910920009140780080cfb30079
:109c980000c060000024a00099e0b70081092000fe
:109ca80091407800f0c8b30000c0600001c4b30060
:109cb8000140700098e0b7008d40a8008d20a800f2
:109cc8000000eb0010178800dec2a900e2c2a8005d
:109cd8000080fa00000006003600f800809fbe00f1
:109ce800829fbe00849fbe00869fbe003400f8009d
:109cf80000002000a00188000000fa000ec2bf008a
:109d0800624060000004e000010032000e22a90059
:109d1800004421001010a0000000eb0090a2880071
:109d28000044210010007800640060000000e0009a
:109d3800b3003a000ec2bf00644060000004e000b7
:109d4800b1003a0040a280000000e0000d003a0097
:109d5800901080004af4b7004ad4bf008080fb000e
:109d680020978000808f500003003a0010002000e8
:109d780040a28800a40037000000eb0040a2880041
:109d8800a100370040a28000e10f50001a003a00fd
:109d9800901080004bf4b7004bd4bf00e34f500045
:109da800030032004bd4bf00e64f500006003a00d3
:109db8002000200040a2880001442100100020005b
:109dc80090009800900037004bd4bf00e24f50003d
:109dd80006003a002000200040a28800014421002b
:109de80010002000a0009800870037000000eb005a
:109df80040a288008400370040a28000e20f500093
:109e080005003a003000200040a288009010800031
:109e18004cf4b7007c00370040a28000e30f5000ec
:109e280005003a004000200040a288009010800001
:109e38004df4b7007400370040a28000e40f5000d2
:109e480005003a005000200040a2880090108000d1
:109e58004ef4b7006c00370040a28000e50f5000b8
:109e680005003a006000200040a2880090108000a1
:109e78004ff4b7006400370040a28000e60f50009e
:109e880005003a007000200040a288009010800071
:109e980051f4b7005c00370040a28000e70f500083
:109ea80052003a009010800050f4b7004ad4bf0026
:109eb800e0f4b7004bd4bf00e1f4b7004cd4bf00c6
:109ec800e2f4b7004dd4bf00e3f4b7004ed4bf00ae
:109ed800e4f4b7004fd4bf00e5f4b70051d4bf0095
:109ee800e6f4b70050d4bf00e7f4b70061c0b30090
:109ef800004e210067000700d0a28800e7d4bf0009
:109f08008080fb00e6d4bf000080fb004800dd0035
:109f180000804000c0a288004bd4bf00e64f50002c
:109f280011003a004cd4bf000004e0000e003a00d3
:109f3800d14421009140780040c6b30080cf500042
:109f480009003a004ed4bf000004e00006003a00c1
:109f5800f144210091407800a0cab30080cf50009e
:109f680001003a00d815a8004bd4bf00e64f5000b6
:109f780011003a004cd4bf000004e0000e003a0083
:109f8800d14421009140780050c6b30080cf5000e2
:109f980009003a004ed4bf000004e00006003a0071
:109fa800f144210091407800b0cbb30080cf50003d
:109fb80001003a00d835a800d1a28000c0a28000d4
:109fc800808f500010003a00004421001020a000ab
:109fd8000000eb0040a2880001442100d0ff2f00c0
:109fe80091086000e2c2a900070037000000eb00fa
:109ff80040a28800901080004af4b70002003700a1
:10a00800901080004af4b7008520a9000080fa006b
:10a018003400f9004f03be004f02be004f01be00de
:10a028004f00be003600f90000400600809fbe00c9
:10a038003400f80000002000a00188000000fa00a9
:10a048008540a900f0a280000000e800f0a2880086
:10a05800f1a28000e0a28000808f5000080031004b
:10a06800f0a28000f80040008044210000804000f9
:10a07800104078000080fb00801088000100370045
:10a08800e2c2a8000080fa003400f9004f00be00c8
:10a09800004006000a00fa0030079800014f9800b7
:10a0a8000080eb00200798000040eb002047980054
:10a0b8000040eb0010479800200037003e00900059
:10a0c800104078008080fb002e009000010068009e
:10a0d800200798003e0090000000e8003007980034
:10a0e8000040eb00004f78000e0037002e00900073
:10a0f800610060000004e000060032002e009000bd
:10a108008000d10010002a00008068002007980015
:10a11800030037002e0090000000d10020079800af
:10a128001e4fe80070c0b3009e4f1000efff3600ce
:10a138001e4090000040e800104798009e409000a4
:10a148000e48900080cf5000dcff39002e009000b0
:10a158004800de00204798002e009000c800dd006f
:10a168002e4090000080fb00008070000080fa0004
:10a17800000006000200fa002f01070040c7bf00d8
:10a18800624060000004e000fcff32001fe40700aa
:10a1980094e80700bae8070061ec07002afb07000b
:10a1a80045ec07005be207009afe0700d3e80700ca
:10a1b80090028000000f7800ff3ffc0042c0bf0003
:10a1c8007f40600001c6b3000140700042e0b70064
:10a1d8001e00780090028800a0968000e09a88000f
:10a1e800000037000060fe00b0b48000610060002d
:10a1f8000000e000010032009616a900b0b480000b
:10a2080001042000010060000000e000220032008c
:10a2180096d6a90040f20700a2f0070042f0070016
:10a2280090b48000e30f500004003a00e08e8000f4
:10a23800680060000000e00008003a0090b4800068
:10a24800e40f500006003a00e08e80000140200034
:10a25800010060000000e0000100320081f1070009
:10a2680098f20700b18e8000a0aa2a00808f5000c3
:10a2780008003a00909480000000e00005003a00d1
:10a2880020938000fd0f500002003e0088f2a800d5
:10a298000100370088f2a900b0b4800062006000b5
:10a2a8000000e000010032009636a900b0b480003a
:10a2b800640060000000e000caff320046f80700b2
:10a2c80084f9070040948000010820000100600024
:10a2d8000000e00001003a0022f207006ae90700e6
:10a2e80090b48000e30f500001003a00a8f5070081
:10a2f80090b48000ec0f500001003a0093f707007b
:10a3080090b48000f20f500001003a00f1f7070006
:10a318003aef070094ef07009656a900e0d9070026
:10a3280055fd0700fad9070070fd0700adff37009b
:10a338003200f800900188006118e1000400320042
:10a348007018e10002003200f0ff2f000300370010
:10a358003119ba008301e900fdff3a003200f90023
:10a3680000000600849fbe004220a9004404240087
:10a378006110e1000a003200540424007010e1006a
:10a388000700320064042400f5ff2f000510e100e7
:10a3980003003200f0ff2f004f02be00000006004d
:10a3a8003200f800203b8800113b8800043b8800fd
:10a3b8004200f800000e20004220b700500520009f
:10a3c800303b8800a00a2000303b880061e7a800e5
:10a3d800000000000000000061e7af00feff37004a
:10a3e8000000eb004200f9003200f9004f02be0005
:10a3f80000000600841f78004220a90044002400c1
:10a408006118e10006003200540024007018e100d1
:10a41800030032004f027800f0ff2f000000060012
:10a428003200f80091018800821f78003019bb00c3
:10a438008301e900fdff3a00213b88004f017800c5
:10a44800123b8800043b88004200f800000e200000
:10a458004220b70050052000303b8800a00a2000a9
:10a46800303b880061e7a800000000000000000001
:10a4780061e7af00feff37000000eb004200f90083
:0ca488003200f9004f02780000000600ce
:020000040000fa
:10a49400bc160000020000000200000000000000e2
:10a4a400000800003c0700000000000074160000d3
:10a4b4001400000000000000ac16000006000000bc
:10a4c40000000000be1600000200000000000000b2
:10a4d400b2160000060000000200000000000000a8
:10a4e40000000000d015000066000000000000001d
:10a4f400c01600000200000002000000000000007e
:10a50400d41100006c02000000000000a21600003c
:10a514000a0000000200000000000000000000002b
:10a5240000000000000000003616000028000000b3
:10a5340000000000b8160000040000000200000043
:10a54400050d000000000000621500006e00000010
:10a5540000000000881600000e0000000200000049
:10a5640000000000000000000000000000000000e7
:10a57400000000005e16000016000000000000004d
:10a58400c2160000020000000200000000000000eb
:10a59400961600000c0000000000000040140000ab
:10a5a40022010000000000003c0f0000980200009f
:10a5b40000000000c41600000200000000000000bb
:04a5c4000000000093
:020000040000fa
:10a5c8000000fa000000eb0060b5880005003700c5
:10a5d800000000000000000060b580000000e800f6
:10a5e80060b5880061b58000f0f32100808f5000cd
:10a5f800f7ff36000080fa00000006000000fa00ad
:10a608000000eb0080b5880005003700ecff07006c
:10a61800acf1070080b580000000e80080b5880034
:10a6280081b58000b0122000808f5000f7ff3600ff
:10a638000080fa00000006000000fa000000eb00ad
:10a6480070b588000b003700ddff0700b0b480004c
:10a65800640060000000e000030032009656a90084
:10a668002bd90700a1fc070070b580000000e800a6
:10a6780070b5880070b58000e50f5000f2ff360015
:08a688000080fa00000006004a
:020000040000fa
:04a690000000fe00c8
:020000040000fa
:0200000400fffb
:10f80000180000003c0000005e010000390000000c
:10f8100002000000640000002c0100003f00000016
:10f8200000000000f401000032000000230000008e
:10f83000280000003c000000780000005500000097
:10f8400046000000140000000000000088130000c3
:10f85000401f0000c8190000040000000100000063
:10f8600002000000320000000100000080250000be
:10f870004b000000000200003700000028000000dc
:10f880001500000019000000220000002300000005
:10f89000230000000500000003000000030000003a
:10f8a0000300000003000000030000000a00000045
:10f8b0007017000032000000f40100000a00000090
:10f8c00064000000030000005f000000140000005e
:10f8d0000a0000001e0000000a00000032000000c4
:10f8e0000000000000000000000000000000000018
:10f8f0008200000041000000000000000000000045
:10f9000000000000000000000000000000000000f7
:10f9100000000000000000000000000000000000e7
:10f9200000000000000000000000000000000000d7
:10f9300000000000000000000000000000000000c7
:10f9400000000000000000000000000000000000b7
:10f9500000000000000000000000000000000000a7
:10f960000000000000000000000000000000000097
:10f970000000000000000000000000000000000087
:10f980000000000000000000000000000000000077
:10f990000000000000000000000000000000000067
:10f9a0000000000000000000000000000000000057
:10f9b0000000000000000000000000000000000047
:10f9c0000000000000000000000000000000000037
:10f9d0000000000000000000000000000000000027
:10f9e0000000000000000000000000000000000017
:10f9f0000000000000000000000000000000000007
:00000001FF
