:020000040000fa
:080000000001040000000000f3
:020000040000fa
:10020000cf712100007f2100000188000000000064
:100210000c000700408525000100200011000700a8
:10022000000020000000e000020032000000020098
:1002300000000000c6560200000000000040da0086
:100240000000fe004440a900000020000000e00083
:100250000300320000002000a00188004440a800f4
:100260000000060091018800800078000000eb008b
:1002700015003700e280400032a0b4009101ba00be
:10028000e280400032a0b4009102ba00e280400057
:1002900032a0b4000002eb00472bde00f507b200ed
:1002a000602ce10004003a000059eb008301e900f2
:1002b000fdff3e00040037006128e100010032002c
:1002c0000082eb00040007001101ba000200e00008
:1002d000e8ff3a00000006003159ba008301e90046
:1002e0000c0032002159ba008301e90008003200f5
:1002f0000400e00003003a00e280400032a0b400b5
:10030000f5ff370011d9ba008301e900faff3a007e
:100310008100e800e180400032a0b4000000060047
:10032000839f68000100e00002003d0060001000b3
:10033000e08018000300e00002003d0060011100b1
:10034000e0811900fc0007004f00e00002003b00c4
:1003500060001000e080180000000600889fbe00ca
:100360008a9fbe00010578000100e000040035000e
:1003700008003c000000e0002000320005003700cb
:1003800060001000e080180002003b0001f02c002b
:100390001a0037000004be006011b8006b0920008d
:1003a0000982cf00020039000882cf000441b0006a
:1003b000694252000e00320008003b008281710049
:1003c000610164008904d1000884d3008b05e80032
:1003d0000442e800f9ff3a00050037000804440031
:1003e00089844c008b05e9000442e900fbff3a00d8
:1003f0005a0107000af0a70001f0a0004f05be0057
:100400004f04be0000000600889fbe008a9fbe0009
:100410008c1f78000004be00760107000478a3005a
:1004200026003a006120e1002500320009f8a3000f
:1004300025003a006420e10021003200f507b100f8
:100440000508a3000200320000004000818048003f
:100450006044b800031020000200200000004000ab
:10046000818048000805440089854c000a05410048
:100470008b8549000a0550008b8558000300330026
:100480000a00be0002047400838474008301d1005a
:100490000281d300830f7100f0ff3a008904d1007c
:1004a0000884d3006001490082017800c1adde00fc
:1004b000fb07b000290107006c0137000960a000ac
:1004c0000800be006901370012022000d2b888007f
:1004d000f0ff2f00f1ff2700640137000001be008c
:1004e000440107000470a70003f0a1006509b100f2
:1004f000160032000d0035006828e10006003500c6
:10050000f0ff2f00f1ff27000300e00013003b0085
:100510000100280000000500000040008180480024
:100520008502e900fcff3a0008003700f88f42001e
:1005300002003c008000eb00000005008100d100bb
:100540000080d3008502e800fcff3a000300e000d1
:1005500002003b0060001000e08018000000060070
:10056000889fbe008a9fbe008c1f7800460107004e
:100570003501330003866c006450e1002e00320028
:100580006420e100330032006150e1002f003200ae
:100590006120e1003100320085855500eb07b00095
:1005a000090020000804200005003700080444006a
:1005b00089844c000a0031000603430087834b0006
:1005c0000001530081815b00f8ff33000203be008d
:1005d0000800a0000804440089844c00f6ff39009c
:1005e000c639dd00830173000100320013002000d2
:1005f0008904d1000884d3000998a30005003200c3
:100600000800a7000300a0008904d1000884d300db
:100610008b05e8008904d1000884d3000001eb00b9
:100620000281d200cd00070001f0a1000cf0a7006c
:1006300001f0a0000d0137006420e1000f0132003d
:100640000801be000200be00f7ff37006120e10094
:100650000a0132006000b800f3ff370000002000fc
:1006600001f82700f0ff3700889fbe008a9fbe0078
:100670008c1f780004010700f300330003866c0030
:100680006450e100240032006420e10027003200c1
:100690006150e100220032006120e10021003200bf
:1006a0008b854200eb07b1000134b800003ab80076
:1006b0000804420089844a00013ab8000030b800ba
:1006c0008880400009014a00040033000000400017
:1006d00081804800020149008b05e900c909dd005d
:1006e000830170000100320013002000c814de00f6
:1006f0004814dd004709de001200b200c808de0021
:10070000088470009500070001f0a1000cf0a7001c
:1007100001f0a000d50037006120e100d7003200d1
:100720000801be000200be00f7ff37006150e10083
:10073000fcff3a00d10037006022b800060220001a
:100740000000d0008180d2000482d2008582d200d5
:100750000000a0000202520083825a000300310010
:100760000202420083824a000000a1000603e90061
:10077000f3ff3a000000060003f0a200889fbe00cd
:100780008a9fbe008c1f7800bf000700ae003300b8
:100790006450e1004f0032006420e100520032005a
:1007a00003826c0007003b000905d0000306d0005f
:1007b000820f54000c065d00020039000200320076
:1007c00089017800030678008582550004003d0009
:1007d0000003fd008103fd008502ea008b854200d5
:1007e000840f720002003b0060001000e0801800df
:1007f0006011b8000005eb007a28e1000a0039001a
:1008000006007800c75ddd00f707b200878075003d
:100810002d003700828171000a01780061056000b7
:100820008180d1000080d3008502e900f9ff3b0000
:10083000060440008784480002003b006004140066
:10084000e0841c000988a300070032008a8171003f
:1008500082817100610164008904d1000884d300a1
:100860008b05e800170037000978a30013003a0051
:100870000b00e000130034008b05e900080444007d
:1008800089844c000a4474000978a3000d003a00e2
:100890000b00e000070034008b05e9000804440069
:1008a00089844c0001003a000b0020000978a30065
:1008b000f7ff32000001eb00020037008281710077
:1008c0000a017800250007000cf0a70001f0a00045
:1008d000660037006420e10002003a00838f6c005c
:1008e000660033000801be000200be005f00370052
:1008f0000001be003f0007000470a70003f0a10044
:1009000003f8a30013003a006509b100100032009b
:10091000090035006928e1000200350001002800c7
:100920000000050000004000818048008502e900c9
:10093000fcff3a0000000600f88f42000500350079
:100940008100d1000080d3008502e800fcff3a005e
:10095000000006008000eb00000005008100200080
:10096000618055000b003d000b00200061fe2f0050
:100970000100e1001d00340082817100610164000a
:100980008904d1000884d3000000e800faff3a008f
:10099000710020006100640003007000020060002c
:1009a0000900320061044400e0844c000988a5007d
:1009b000050032008b05e8006808e10002003a00fb
:1009c0008904d1000884d300f20f20000258e1000e
:1009d00005003d00c75ddd00f907b20089807500a4
:1009e00008007800000006000bf827008b00780054
:1009f00000000500c70ade00f107b200f50fb200e3
:100a000008003200e1cf4200020032000170a00075
:100a100024000500810f7000010032000408050069
:100a200044000500810f700002003a001400050028
:100a30008502e9000000400081c04800fcff3b0047
:100a40000170a000240005000200be006450e10017
:100a5000050036006420e100020036000968a300aa
:100a600001003a000800be000160a0004f067800b7
:100a70004f05be004f04be0000000600f0ff2f002f
:100a8000f1ff2700f9ff37000004be00d9ff07007f
:100a90000003be000405be000200be00d5ff070033
:080aa000844f75000000060000
:020000040000fa
:0200000401f009
:04000000f6ff000007
:020000040000fa
:0200000401f009
:04000400ff7f00007a
:020000040000fa
:0200000401f009
:04000c00ffff0000f2
:020000040000fa
:0200000401f009
:04001000ffff0000ee
:020000040000fa
:0200000401f009
:04001400ffff0000ea
:020000040000fa
:10000800525900005259000052590000525900003c
:10001800525900005259000052590000525900002c
:100028005259000052590000525900005640000031
:100038005259000052590000c626000052590000cb
:1000480052590000042e00001a2f00000a52000026
:10005800525900005259000052590000a4290000ca
:1000680052590000525900005259000052590000dc
:100078005259000052290000722500005259000010
:10008800d4150000141700005259000052590000fe
:1000980052590000c624000052590000525900006d
:1000a800525900005259000052590000525900009c
:1000b800525900005259000052590000525900008c
:1000c800525900005259000052590000525900007c
:1000d800525900005259000052590000525900006c
:1000e800525900005259000052590000525900005c
:0800f8005259000052590000aa
:020000040000fa
:10010800525900005259000052590000525900003b
:10011800525900005259000052590000525900002b
:100128005259000052590000525900005640000030
:100138005259000052590000c626000052590000ca
:1001480052590000042e00001a2f00000a52000025
:10015800525900005259000052590000a4290000c9
:1001680052590000525900005259000052590000db
:10017800525900005229000072250000525900000f
:10018800d4150000141700005259000052590000fd
:1001980052590000c624000052590000525900006c
:1001a800525900005259000052590000525900009b
:1001b800525900005259000052590000525900008b
:1001c800525900005259000052590000525900007b
:1001d800525900005259000052590000525900006b
:1001e800525900005259000052590000525900005b
:0801f8005259000052590000a9
:020000040000fa
:100aa8000000fa008720a9008f20a800e00f20008e
:100ab800d01088000080fa00000006000000fa004c
:100ac80020998000610060000000e000080032000a
:100ad80070a180000000e80070a1880070a180006b
:100ae800ea0f5000020036000000eb003099880041
:100af80018c2bf00684060000004e00008003a0027
:100b080018c2bf00624060000004e00004003a0020
:100b180018c2bf00644060000004e0000100320019
:100b2800f70707000080fa00000006000000fa003e
:100b380010a680000000e80010a6880011a680001a
:100b4800401f2000808f500005003600ec0707008a
:100b58000000eb00309988002413a90025b3a800f1
:100b680020998000620060000000e000040032006c
:100b7800f80807002433a9000000eb0010a688003d
:100b880020998000680060000000e0000400320046
:100b9800a200070061000700990907002473a90053
:100ba8002099800001202000010060000000e00082
:100bb80004003200d400070068000700900907000d
:100bc8002533a90050a68000610060000000e00005
:100bd80004003200070107007000070088090700b9
:100be800ca14a90050a68000700060000000e00050
:100bf8000400320040010700780007008009070060
:100c0800ca94a90020998000700060000000e000ec
:100c180004003200790107002493a9000000eb00ca
:100c280010a6880020998000014020000100600083
:100c38000000e00004003200c40107002553a900a9
:100c48000000eb0010a6880050a68000620060003b
:100c58000000e0000400320011020700ca34a900b5
:100c68000000eb0010a6880050a6800001022000ba
:100c7800010060000000e000040032005e0207008e
:100c8800cab4a9000000eb0010a6880020998000d3
:100c980001022000010060000000e00004003200b2
:100ca800ab02070024b3a9000000eb0010a68800df
:100cb8002099800001802000010060000000e00011
:100cc800040032002e0307002573a9000000eb0082
:100cd80010a6880020998000010022000100600011
:100ce8000000e000040032002b05070025b3a9002e
:100cf8000000eb0010a68800209980000104200065
:100d0800010060000000e000020032003c0707001c
:100d180024d3a9000080fa00000006000000fa00b1
:100d2800a00a2000a0a1880000022000b0a188002d
:100d380030082000c0a188000000eb00e0a1880076
:100d4800b00b2000e0a588000000eb0090a188000f
:100d580053ff07000080fa00000006000000fa00b8
:100d6800a00a2000a0a1880000022000b0a18800ed
:100d780030072000c0a188000000eb00e0a1880037
:100d8800b00b2000e0a588000000eb0090a18800cf
:100d980043ff07000080fa00000006000000fa0088
:100da800a00a2000a0a1880000022000b0a18800ad
:100db80030062000c0a188000000eb00e0a18800f8
:100dc800b00b2000e0a588000000eb0090a188008f
:100dd80033ff07000080fa00000006000000fa0058
:100de800a00a2000a0a1880000022000b0a188006d
:100df80030052000c0a188000000eb00e0a18800b9
:100e0800b00b2000e0a588000000eb0090a188004e
:100e180023ff07000080fa00000006000600fa0021
:100e28000000eb002007980090028000100798004f
:100e3800ff3ffc00210420009140780000ceb30061
:100e480000c0700042e0b7001e00900090028800c9
:100e58008d60a9000000eb00200798001a003700f9
:100e68002e009000000040008000780000c02f0095
:100e780000804000707c8800707c800080007800d2
:100e8800f0072000120020003b280700707c80003b
:100e980000017800f0072000000278002e00900082
:100ea8000000400080007800603b21000080400086
:100eb8001300200084007800532807002e009000bb
:100ec8000000e800200798002e009000ed0f500069
:100ed800e3ff360090028000000f7800ff3ffc001f
:100ee80042c0bf007f40600001c6b30001407000ef
:100ef80042e0b7001e007800900288008d60a800cc
:100f08000080fa00000006000600fa000000eb006e
:100f1800200798009002800010079800ff3ffc000f
:100f2800210420009140780000ceb30000c070007a
:100f380042e0b7001e009000900288008d60a90072
:100f48000000eb00200798001a0037002e009000e0
:100f5800000040008000780000c02f0000804000a2
:100f6800707c8800707c800080007800f00720008a
:100f78001200200000280700707c80000001780023
:100f8800f0072000000278002e00900000004000ca
:100f980080007800603b21000080400013002000a2
:100fa80084007800182807002e0090000000e80050
:100fb800200798002e009000fd0f5000e3ff360038
:100fc80090028000000f7800ff3ffc0042c0bf0085
:100fd8007f40600001c6b3000140700042e0b700e6
:100fe8001e007800900288008d60a8000080fa003a
:100ff800000006000800fa000000eb003007980027
:101008000000eb002007980090028000100798006d
:10101800ff3ffc00210420009140780000ceb3007f
:1010280000c0700042e0b7001e00900090028800e7
:101038008d60a90000022000300798001d003700cd
:101048003e009000000040008000780000c02f00a3
:1010580000804000707c8800707c800080007800f0
:10106800f007200012002000c3270700707c8000d2
:1010780000017800f0072000000278002e009000a0
:101088000000400080007800603b210000804000a4
:101098001300200084007800db2707002e00900052
:1010a8000000e800200798003e0090000000e800db
:1010b80030079800be009000d0032000808f5000b9
:1010c800dfff360090028000000f7800ff3ffc0031
:1010d80042c0bf007f40600001c6b30001407000fd
:1010e80042e0b7001e007800900288008d60a800da
:1010f8000080fa00000006000800fa000000eb007b
:10110800300798000000eb0020079800900280004c
:1011180010079800ff3ffc00210420009140780050
:1011280000ceb30000c0700042e0b7001e0090007f
:10113800900288008d60a900e00320003007980025
:101148001d0037003e00900000004000800078003d
:1011580000c02f0000804000707c8800707c8000f8
:1011680080007800f0072000120020008227070086
:10117800707c800000017800f007200000027800f1
:101188002e0090000000400080007800603b2100a5
:101198000080400013002000840078009a27070090
:1011a8002e0090000000e800200798003e00900004
:1011b8000000e80030079800be009000b00520004d
:1011c800808f5000dfff360090028000000f78000b
:1011d800ff3ffc0042c0bf007f40600001c6b30073
:1011e8000140700042e0b7001e00780090028800bd
:1011f8008d60a8000080fa00000006000400fa00d4
:101208000000eb00100798000000eb00000f7800ca
:10121800a00a2000a0a1880000012000b0a1880039
:1012280020082000c0a18800c0012000e0a188009b
:101238000000eb0010079800140037001e00900013
:10124800000040008000780000c02f0000804000af
:10125800707c88001e00900000004000800078002c
:10126800a0f920000080400000017800707c800018
:1012780080007800f00720001300200031270700c5
:101288001e0090000000e800100798001e00900063
:10129800ef0f5000e9ff36000000eb001007980040
:1012a800200037001e0190001e00780080004000da
:1012b800a0f920000080400010007800c801de007e
:1012c80002004100e11120008080400060322100ce
:1012d80000804000030878001e0090000000e8002d
:1012e800100798001e0190001e0078008000400042
:1012f800a0f9200000804000900178000200410021
:10130800e111200080804000603221000080400010
:10131800030878001e0090000000e80010079800fd
:101328001e0fe8001e009000ff0f5000ddff360082
:10133800b00b2000e0a588000000eb0090a1880019
:10134800d7fd07000080fa00000006000400fa003c
:101358000000eb00100798000000eb00000f780079
:10136800a00a2000a0a1880000012000b0a18800e8
:1013780020072000c0a18800c0032000e0a1880049
:101388000000eb0010079800140037001e009000c2
:10139800000040008000780000c02f00008040005e
:1013a800707c88001e0090000000400080007800db
:1013b800a0f920000080400000017800707c8000c7
:1013c80080007800f007200013002000dd260700c9
:1013d8001e0090000000e800100798001e00900012
:1013e800ff0f5000e9ff36000000eb0010079800df
:1013f800200037001e0190001e0078008000400089
:10140800a0f920000080400010007800c801de002c
:1014180002004100e111200080804000603221007c
:1014280000804000030878001e0090000000e800db
:10143800100798001e0190001e00780080004000f0
:10144800a0f92000008040009001780002004100cf
:10145800e1112000808040006032210000804000bf
:10146800030878001e0090000000e80010079800ac
:101478001e0fe8009e009000f0032000808f5000af
:10148800dcff3600b00b2000e0a588000000eb0070
:1014980090a1880082fd07000080fa000000060085
:1014a8000400fa000000eb0010079800000220007a
:1014b800000f7800a00a2000a0a1880000012000e9
:1014c800b0a1880020062000c0a18800c003200029
:1014d800e0a18800000220001007980014003700df
:1014e8001e009000000040008000780000c02f001f
:1014f80000804000707c88001e00900000004000c2
:1015080080007800a0f920000080400000017800e9
:10151800707c800080007800f00720001300200015
:10152800882607001e0090000000e80010079800b9
:101538009e009000d0032000808f5000e8ff360006
:101548000000eb0010079800200037001e019000f3
:101558001e00780080004000a0f9200000804000b4
:1015680010007800c801de0002004100e1112000ef
:10157800808040006032210000804000030878002d
:101588001e0090000000e800100798001e0190005f
:101598001e00780080004000a0f920000080400074
:1015a8009001780002004100e11120008080400095
:1015b8006032210000804000030878001e0090007f
:1015c8000000e800100798001e0fe8009e00900039
:1015d800b0032000808f5000dcff3600b00b2000e5
:1015e800e0a588000000eb0090a188002cfd070012
:1015f8000080fa00000006000400fa000000eb007a
:101608001007980000022000000f7800a00a2000b0
:10161800a0a1880000012000b0a1880020052000ba
:10162800c0a18800c0032000e0a18800e0032000da
:1016380010079800140037001e00900000004000ba
:101648008000780000c02f0000804000707c880077
:101658001e0090000000400080007800a0f92000e3
:101668000080400000017800707c800080007800d5
:10167800f007200013002000322607001e0090000b
:101688000000e800100798009e009000b0052000b8
:10169800808f5000e8ff36000000eb00100798002c
:1016a800200037001e0190001e00780080004000d6
:1016b800a0f920000080400010007800c801de007a
:1016c80002004100e11120008080400060322100ca
:1016d80000804000030878001e0090000000e80029
:1016e800100798001e0190001e007800800040003e
:1016f800a0f920000080400090017800020041001d
:10170800e11120008080400060322100008040000c
:10171800030878001e0090000000e80010079800f9
:101728001e0fe8009e009000b0032000808f50003c
:10173800dcff3600b00b2000e0a588000000eb00bd
:1017480090a18800d6fc07000080fa00000006007f
:101758000000fa00a00a2000a0a1880000012000d3
:10176800b0a1880010082000c0a1880060012000f6
:10177800e0a1880090b58000e30f5000030032001c
:1017880090b58000e40f500010003a0060438000dc
:101798004800de0020a288006043800030a2880054
:1017a800704380004800de0040a28800704380003b
:1017b80050a28800d08e80004800de0060a2880019
:1017c800d08e800070a288000c0037000000eb006b
:1017d80020a288000000eb0030a288000000eb0087
:1017e80040a288000000eb0050a288000000eb0037
:1017f80060a288000000eb0070a28800f0808000e2
:101808004800de0080a28800f080800090a2880056
:10181800008180004800de00a0a2880000818000ce
:10182800b0a28800108180004800de00c0a28800b5
:1018380010818000d0a28800508280004800de001d
:10184800e0a2880050828000f0a2880090b5800055
:101858004800de0000a3880090b5800010a388002f
:1018680010a380000000e00009003a000000eb002f
:1018780010a38800817c8000a0aa2a00808f5000d5
:1018880029003a004000200010a3880026003700f5
:1018980010a38000e10f500009003a00100020005a
:1018a80010a38800817c8000a0aa2a00808f5000a5
:1018b8001d003a004000200010a388001a003700dd
:1018c80010a38000e20f500003003a00200020001f
:1018d80010a388001400370010a38000e30f500005
:1018e80003003a002000200010a388000e003700f3
:1018f80010a38000e40f500003003a0030002000dd
:1019080010a388000800370010a38000e50f5000de
:1019180003003a005000200010a38800020037009e
:101928000000eb0010a38800608180004800de0002
:1019380020a388006081800030a38800907c80000c
:101948004800de0040a38800907c800050a38800f7
:10195800508280004800de0060a38800508280002a
:1019680070a38800b00b2000e0a588000000eb0001
:1019780090a188004afc07000080fa0000000600d9
:101988000000fa00a00a2000a0a1880000012000a1
:10199800b0a1880010072000c0a18800a002200084
:1019a800e0a1880090b58000e30f500003003200ea
:1019b80090b58000e40f500010003a0060438000aa
:1019c8004800de0020a288006043800030a2880022
:1019d800704380004800de0040a288007043800009
:1019e80050a28800804380004800de0060a2880082
:1019f8008043800070a288000c0037000000eb00d4
:101a080020a288000000eb0030a288000000eb0054
:101a180040a288000000eb0050a288000000eb0004
:101a280060a288000000eb0070a28800f0808000af
:101a38004800de0080a28800f080800090a2880024
:101a4800412d20009140780000c8b30000c060001c
:101a58000004e00004003a0030a680000000a00066
:101a680030a688000400370030a68000e1ff2f0070
:101a78000100600030a68800e0c2bf00614060003d
:101a88000004e00004003a0030a680000010a00026
:101a980030a688000400370030a68000d1ff2f0050
:101aa8000100600030a68800e0c2bf00624060000c
:101ab8000004e00004003a0030a680000020a000e6
:101ac80030a688000400370030a68000b1ff2f0040
:101ad8000100600030a68800e6c2bf0062406000d6
:101ae8000004e00004003a0030a680000030a000a6
:101af80030a688000400370030a6800071ff2f0050
:101b08000100600030a68800e6c2bf0061406000a6
:101b18000004e00004003a0030a680000040a00065
:101b280030a688000400370030a68000f1fe2f00a0
:101b38000100600030a68800cfc2bf000042b2009a
:101b48000004e00005003a0030a6800001022000f1
:101b58000100700030a688000400370030a680001d
:101b6800f1fd2f000100600030a68800cfc2bf0041
:101b78000044b2000004e00005003a0030a68000ee
:101b8800010420000100700030a68800040037001e
:101b980030a68000f1fb2f000100600030a688000d
:101ba800c8c2bf00644060000004e00005003a00bd
:101bb80030a68000010820000100700030a68800cf
:101bc8000400370030a68000f1f72f000100600004
:101bd80030a68800c8c2bf00684060000004e0006a
:101be80005003a0030a680000110200001007000b6
:101bf80030a688000400370030a68000f1ef2f00df
:101c08000100600030a68800c8c2bf0070406000b4
:101c18000004e00005003a0030a680000120200002
:101c28000100700030a688000400370030a680004c
:101c3800f1df2f000100600030a68800a07c800042
:101c480001102000010060000000e00005003200e3
:101c580030a68000010028000100700030a688002e
:101c68000400370030a68000f1ff27000100600063
:101c780030a68800e9c2bf000044b2000004e000ba
:101c88000400320040a680000000a00040a68800a2
:101c98000400370040a68000e1ff2f00010060002b
:101ca80040a68800e9c2bf00704060000004e00060
:101cb8000400320040a680000010a00040a6880062
:101cc8000400370040a68000d1ff2f00010060000b
:101cd80040a68800e9c2bf000042b2000004e0004c
:101ce8000400320040a680000020a00040a6880022
:101cf8000400370040a68000b1ff2f0001006000fb
:101d080040a68800e9c2bf0001c8b30001406000d6
:101d18000004e0000400320040a680000030a0006b
:101d280040a688000400370040a6800071ff2f00fd
:101d38000100600040a68800d0c2bf006240600079
:101d48000004e0000400320040a680000040a0002b
:101d580040a688000400370040a68000f1fe2f004e
:101d68000100600040a68800d0c2bf006440600047
:101d78000004e0000500320040a6800001022000b7
:101d88000100700040a688000400370040a68000cb
:101d9800f1fd2f000100600040a68800e8c2bf00e6
:101da80001c8b300014060000004e00005003200f3
:101db80040a68000010420000100700040a68800b1
:101dc8000400370040a68000f1fb2f0001006000ee
:101dd80040a68800e9c2bf00614060000004e0003e
:101de8000500320040a680000108200001007000b4
:101df80040a688000400370040a68000f1f72f00b5
:101e08000100600040a68800e9c2bf00624060008f
:101e18000004e0000500320040a680000110200008
:101e28000100700040a688000400370040a680002a
:101e3800f1ef2f000100600040a68800e8c2bf0053
:101e48000044b2000004e0000500320040a6800013
:101e5800012020000100700040a68800040037001f
:101e680040a68000f1df2f000100600040a6880036
:101e780030a680004800de00a0a2880030a68000be
:101e8800b0a2880040a680004800de00c0a28800fa
:101e980040a68000d0a28800108980004800de009b
:101ea800e0a2880010898000f0a2880090b5800028
:101eb8004800de0000a3880090b5800010a38800c9
:101ec80010a380000000e00009003a000000eb00c9
:101ed80010a38800817c8000a0aa2a00808f50006f
:101ee80029003a004000200010a38800260037008f
:101ef80010a38000e10f500009003a0010002000f4
:101f080010a38800817c8000a0aa2a00808f50003e
:101f18001d003a004000200010a388001a00370076
:101f280010a38000e20f500003003a0020002000b8
:101f380010a388001400370010a38000e30f50009e
:101f480003003a002000200010a388000e0037008c
:101f580010a38000e40f500003003a003000200076
:101f680010a388000800370010a38000e50f500078
:101f780003003a005000200010a388000200370038
:101f88000000eb0010a38800608180004800de009c
:101f980020a388006081800030a38800907c8000a6
:101fa8004800de0040a38800907c800050a3880091
:101fb800508280004800de0060a3880050828000c4
:101fc80070a38800b08180004800de0080a38800ec
:101fd800b081800090a3880070002000a0a3880032
:101fe800c07d2000b0a38800f0b180004800de006a
:101ff800c0a38800f0b18000d0a38800e0b18000c1
:10200800e10f500004003a0020a680000000a00064
:1020180020a688000400370020a68000e1ff2f00da
:102028000100600020a68800f0ae80006400600017
:102038000000e0000400320020a680000010a0008c
:1020480020a688000400370020a68000d1ff2f00ba
:102058000100600020a6880080b38000e10f5000d6
:1020680004003a0020a680000020a00020a68800d6
:102078000400370020a68000b1ff2f000100600097
:1020880020a6880061818000f0888000808f500041
:1020980004003900a07c8000700060000000e000af
:1020a80004003a0020a680000030a00020a6880086
:1020b8000400370020a6800071ff2f000100600097
:1020c80020a6880020a680004800de00e0a3880043
:1020d80020a68000f0a38800a17c800000002200d8
:1020e800008060000000e00006003a0070b8800040
:1020f8004800de0000a4880070b8800010a48800a2
:1021080005003700508180004800de0000a48800e8
:102118005081800010a48800608380004800de00a1
:1021280020a488006083800030a4880030b7800035
:102138004800de0040a4880030b7800050a4880022
:10214800108e80004880de0060a48800108e800019
:1021580070a48800008180004800de0080a4880008
:102168000081800090a48800108180004800de0073
:10217800a0a4880010818000b0a48800b00b2000c3
:10218800e0a588000000eb0090a1880044fa070051
:102198000080fa00000006000000fa00a00a2000f3
:1021a800a0a1880000012000b0a1880050072000ed
:1021b800c0a18800c0032000e0a1880090b580007d
:1021c800e30f50000300320090b58000e40f500088
:1021d80010003a00604380004800de0020a288001a
:1021e8006043800030a28800704380004800de0011
:1021f80040a288007043800050a28800804380007d
:102208004800de0060a288008043800070a2880039
:102218000c0037000000eb0020a288000000eb0053
:1022280030a288000000eb0040a288000000eb000c
:1022380050a288000000eb0060a288000000eb00bc
:1022480070a28800f08080004800de0080a288002c
:10225800f080800090a28800412d200091407800f5
:1022680000c8b30000c060000004e00004003a00a9
:1022780030a680000000a00030a6880004003700c7
:1022880030a68000e1ff2f000100600030a6880022
:10229800e0c2bf00614060000004e00004003a00b2
:1022a80030a680000010a00030a688000400370087
:1022b80030a68000d1ff2f000100600030a6880002
:1022c800e0c2bf00624060000004e00004003a0081
:1022d80030a680000020a00030a688000400370047
:1022e80030a68000b1ff2f000100600030a68800f2
:1022f800e6c2bf00624060000004e00004003a004b
:1023080030a680000030a00030a688000400370006
:1023180030a6800071ff2f000100600030a6880001
:10232800e6c2bf00614060000004e00004003a001b
:1023380030a680000040a00030a6880004003700c6
:1023480030a68000f1fe2f000100600030a6880052
:10235800cfc2bf000042b2000004e00005003a000e
:1023680030a68000010220000100700030a688001d
:102378000400370030a68000f1fd2f000100600046
:1023880030a68800cfc2bf000044b2000004e000bd
:1023980005003a0030a6800001042000010070000a
:1023a80030a688000400370030a68000f1fb2f001b
:1023b8000100600030a68800c8c2bf006440600009
:1023c8000004e00005003a0030a680000108200063
:1023d8000100700030a688000400370030a6800095
:1023e800f1f72f000100600030a68800c8c2bf00c6
:1023f800684060000004e00005003a0030a6800054
:10240800011020000100700030a688000400370089
:1024180030a68000f1ef2f000100600030a6880090
:10242800c8c2bf00704060000004e00005003a0028
:1024380030a68000012020000100700030a688002e
:102448000400370030a68000f1df2f000100600093
:1024580030a68800a07c80000110200001006000e8
:102468000000e0000500320030a6800001002800ce
:102478000100700030a688000400370030a68000f4
:10248800f1ff27000100600030a68800e9c2bf0004
:102498000044b2000004e0000400320040a68000be
:1024a8000000a00040a688000400370040a6800075
:1024b800e1ff2f000100600040a68800e9c2bf00cc
:1024c800704060000004e0000400320040a6800074
:1024d8000010a00040a688000400370040a6800035
:1024e800d1ff2f000100600040a68800e9c2bf00ac
:1024f8000042b2000004e0000400320040a6800060
:102508000020a00040a688000400370040a68000f4
:10251800b1ff2f000100600040a68800e9c2bf009b
:1025280001c8b300014060000004e000040032006c
:1025380040a680000030a00040a6880004003700b4
:1025480040a6800071ff2f000100600040a68800af
:10255800d0c2bf00624060000004e0000400320006
:1025680040a680000040a00040a688000400370074
:1025780040a68000f1fe2f000100600040a6880000
:10258800d0c2bf00644060000004e00005003200d3
:1025980040a68000010220000100700040a68800cb
:1025a8000400370040a68000f1fd2f000100600004
:1025b80040a68800e8c2bf0001c8b300014060001f
:1025c8000004e0000500320040a68000010420005d
:1025d8000100700040a688000400370040a6800073
:1025e800f1fb2f000100600040a68800e9c2bf008f
:1025f800614060000004e0000500320040a6800051
:10260800010820000100700040a68800040037007f
:1026180040a68000f1f72f000100600040a6880066
:10262800e9c2bf00624060000004e000050032001b
:1026380040a68000011020000100700040a688001c
:102648000400370040a68000f1ef2f000100600071
:1026580040a68800e8c2bf000044b2000004e000c1
:102668000500320040a68000012020000100700013
:1026780040a688000400370040a68000f1df2f0044
:102688000100600040a6880030a680004800de00f7
:10269800a0a2880030a68000b0a2880040a68000d2
:1026a8004800de00c0a2880040a68000d0a28800b2
:1026b800108980004800de00e0a2880010898000b0
:1026c800f0a2880090b580004800de0000a38800d2
:1026d80090b5800010a3880010a380000000e000df
:1026e80009003a000000eb0010a38800817c8000fc
:1026f800a0aa2a00808f500029003a00400020003c
:1027080010a388002600370010a38000e10f5000b6
:1027180009003a001000200010a38800817c800086
:10272800a0aa2a00808f50001d003a004000200017
:1027380010a388001a00370010a38000e20f500091
:1027480003003a002000200010a38800140037007e
:1027580010a38000e30f500003003a00200020007f
:1027680010a388000e00370010a38000e40f50006b
:1027780003003a003000200010a38800080037004a
:1027880010a38000e50f500003003a00500020001d
:1027980010a38800020037000000eb0010a3880097
:1027a800608180004800de0020a3880060818000ee
:1027b80030a38800907c80004800de0040a3880099
:1027c800907c800050a38800508280004800de0082
:1027d80060a388005082800070a38800b0818000c8
:1027e8004800de0080a38800b081800090a38800a4
:1027f80070002000a0a38800c07d2000b0a388003e
:10280800f0b180004800de00c0a38800f0b180006d
:10281800d0a38800e0b18000e10f500004003a0026
:1028280020a680000000a00020a688000400370031
:1028380020a68000e1ff2f000100600020a688008c
:10284800f0ae8000640060000000e0000400320088
:1028580020a680000010a00020a6880004003700f1
:1028680020a68000d1ff2f000100600020a688006c
:1028780080b38000e10f500004003a0020a68000d9
:102888000020a00020a688000400370020a68000b1
:10289800b1ff2f000100600020a688006181800040
:1028a800f0888000808f500004003900a07c8000f0
:1028b800700060000000e00004003a0020a68000dc
:1028c8000030a00020a688000400370020a6800061
:1028d80071ff2f000100600020a6880020a680005c
:1028e8004800de00e0a3880020a68000f0a388004e
:1028f800a17c800000002200008060000000e00051
:1029080006003a0070b880004800de0000a4880085
:1029180070b8800010a4880005003700508180003e
:102928004800de0000a488005081800010a48800c0
:10293800608380004800de0020a488006083800057
:1029480030a4880030b780004800de0040a488002a
:1029580030b7800050a48800008e80004880de00d8
:1029680060a48800008e800070a488000081800028
:102978004800de0080a488000081800090a48800c0
:10298800108180004800de00a0a48800108180002b
:10299800b0a48800e08d80004880de00c0a48800d4
:1029a800e08d8000d0a48800708e80004800de0092
:1029b800e0a48800708e8000f0a48800608e8000fb
:1029c8004800de0000a58800608e800010a5880001
:1029d800a08e80004800de0020a58800a08e800020
:1029e80030a58800b00b2000e0a588000000eb00af
:1029f80090a188002af807000080fa00000006006d
:102a08000200fa00a00a2000a0a18800000120000e
:102a1800b0a1880040082000c0a188004000200024
:102a2800e0a18800e0012000000f78001e00780077
:102a3800000040008000780000c02f0000804000a7
:102a4800707c88001e00780000004000800078003c
:102a5800a0f920000080400000017800707c800010
:102a680080007800f00720001300200035210700bf
:102a7800f0012000000f78001e00780000004000e0
:102a88008000780000c02f0000804000707c880023
:102a98001e0078000000400080007800a0f92000a7
:102aa8000080400000017800707c80008000780081
:102ab800f00720001300200022210700b07e8000cc
:102ac8004800de0020a28800b07e800030a2880086
:102ad800c07e80004800de0040a28800c07e8000e2
:102ae80050a28800b00b2000e0a588000000eb0091
:102af80090a18800eaf707000080fa0000000600ad
:102b08000000fa0030032000f01088000000eb00fd
:102b1800b010880017e2a80017a2a80016a2a90002
:102b2800612120009140780090cfb30000c0600080
:102b380016e2b7001602a9000000eb00c0108800da
:102b48001942a80019e2a90018c2bf00f043b20058
:102b580018e2b7008720a9008700a900010a200011
:102b680091407800f0c8b30000c0600001c4b30011
:102b780001407000a0e0b700010a200091407800f1
:102b880080cfb30000c060000024a000a0e0b70020
:102b98008f20a9008f00a8000080fa00000006001e
:102ba800809fbe00821f78003400f80000002000db
:102bb800a00188000000fa0018c2bf00624060004f
:102bc8000004e000010032001822a9002413a80024
:102bd8000000eb0070a1880020998000620060006e
:102be8000000e00086003a0018c2bf0064406000a0
:102bf8000004e00084003a00309980000000e00002
:102c08000b003a00e010800040998800419980004c
:102c1800a00a2000808f50007b003a00100020009e
:102c2800309988000000eb00909988007600370002
:102c380030998000e10f500005003a002000200084
:102c480030998800e0108000509988006e003700a5
:102c580030998000e20f500005003a003000200053
:102c680030998800e010800060998800660037007d
:102c780030998000e30f500022003a004000200005
:102c880030998800e0108000809988008099800041
:102c98007099880080998000fc0f500003003a006a
:102ca8007003200030998800570037008199800010
:102cb800c0032000808f500003003a0080032000ea
:102cc800309988005000370080998000e10f50004b
:102cd80003003a0040002000309988004a0037007d
:102ce800809980000000e00003003a0040002000c6
:102cf80030998800440037000000eb0030998800c4
:102d08004100370030998000e40f50000b003a0072
:102d1800e0108000809d8800819d8000b00b20001d
:102d2800808f500002003a002433a8002413a90021
:102d38000000eb003099880033003700319980009b
:102d480070032000808f500013003a0080998000a3
:102d58000000e9008099880090998000e2108000c6
:102d680000004000f2004000603221000080400076
:102d780002087800909980000000e8009099880087
:102d8800809980000000e0001f003a004000200009
:102d9800309988001c00370031998000800320009a
:102da800808f500013003a00809980000000e900ed
:102db8008099880090998000e2108000000040000f
:102dc800f2004000603221000080400002087800d4
:102dd800909980000000e800909988008099800010
:102de8000000e00008003a00400020003099880008
:102df800050037000000eb0030998800020037001a
:102e0800e0108000409988008700a9000080fa003f
:102e18003400f9004f0178004f00be000040060062
:102e2800809fbe003400f80000002000a001880048
:102e38000000fa0090a180000000e00005003a00c0
:102e4800a0a18000d01088001000200090a1880068
:102e58003b00370090a18000e10f500005003a00c8
:102e68002000200090a18800b0a18000d010880028
:102e78003300370090a18000e20f500005003a00af
:102e88003000200090a18800c0a18000d0108800e8
:102e98002b00370090a18000e30f500007003a0094
:102ea8004000200090a18800e0a18000d010880098
:102eb8000000eb00f0a188002100370090a18000fd
:102ec800e40f50001b003a00e0a180000000e00081
:102ed80007003a002004200090a18800b00b2000d1
:102ee800d01088002453a8008f20a90014003700b0
:102ef8004000200090a18800f0a180000000400060
:102f0800e1112000808040006032210000804000f4
:102f180010007800d0108800f0a180000000e800c0
:102f2800f0a18800e0a180000000e900e0a188008d
:102f3800030037002004200090a188008f20a900fa
:102f48008720a9000080fa003400f9004f00be0075
:102f5800004006000000fa008700a9008f00a900c1
:102f68000000eb00a09988000000eb00b0998800f1
:102f78000000eb00b09988002700370070998000a6
:102f88000000e90070998800709980000000e9004d
:102f980070998800a199800001804000720140006a
:102fa800603221000000410010007800909d8800e8
:102fb8000100e800a0998800a199800001804000e4
:102fc80072014000603221000000410010007800ca
:102fd800a09d88000100e800a0998800909d8000cd
:102fe8004800dd00909d8800b2998000919d800086
:102ff800a09d80008081400002004100010920005e
:103008008080400060322100008040000308780082
:103018000200e800b099880070998000e10f500024
:10302800d6ff3e0050998000f00f500057003a003c
:103038006199800010082000808f500002003a003b
:1030480024b3a8006b0037006199800010072000a6
:10305800808f500002003a002573a80065003700f1
:103068006199800050072000808f500002003a00cc
:1030780025b3a8005f003700619980002008200070
:10308800808f500002003a002493a80059003700ae
:103098006199800020072000808f500002003a00cc
:1030a8002553a800530037006199800020062000ae
:1030b800808f500002003a00ca34a8004d00370043
:1030c8006199800020052000808f500002003a009e
:1030d800cab4a80047003700619980004008200062
:1030e800808f500002003a0024d3a8004100370026
:1030f8006199800050082000808f500006003a0037
:1031080080998000e10f50003a003a0024f3a800ab
:103118002513a90037003700619980006008200056
:10312800808f500005003a0080998000e10f500020
:1031380030003a002513a8002e003700619980005e
:1031480070082000808f500005003a0080998000a8
:10315800e10f500027003a00de15a80025003700cf
:103168006199800080082000808f500005003a0097
:1031780080998000e10f50001e003a00de35a8005b
:103188001c003700000000001a0037005199800029
:1031980000022000808f500015003a0061998000dd
:1031a80030082000808f500001003a002473a800e6
:1031b8006199800030072000808f500001003a009c
:1031c8002533a8006199800030062000808f5000c8
:1031d80001003a00ca14a800619980003005200057
:1031e800808f500003003a00ca94a80001003700fd
:1031f800000000008f00a8000080fa000000060010
:103208004400fa00889fbe000000eb0010279800d9
:103218000000eb0010279800140037001e209000d3
:10322800000040008000780000c02f0000804000af
:10323800707c88001e20900000004000800078000c
:10324800a0f920000080400000017800707c800018
:1032580080007800f007200013002000391f0700c5
:103268001e2090000000e800102798009e20900083
:10327800d0032000808f5000e8ff3600d07f800008
:10328800f0878800f08780000000e00002003a0024
:1032980050d02000f0878800f087800001002000cf
:1032a8004a09dd00c600de00810071004a00dd0029
:1032b8000088880011888800a07e8000800078003f
:1032c8000000210000806000002798008e209000f8
:1032d80000002100808f500002003a00958fa8005e
:1032e80001003700958fa900d17c80006004200080
:1032f800808f50000300360050012000d07c8800e9
:1033080007003700d07c8000e90f500003003e0022
:1033180050012000d07c8800010037000000000028
:10332800d17c8000400620000088b900d07c88004d
:10333800a17c800000002100008060000000e00007
:103348000f003a00d17c800000f4210001005000f9
:1033580001002000208288003182880020828000bd
:10336800318280004a09dd00c600de00810071005c
:103378004a00dd0020828800318288000e00370074
:10338800d17c8000a0a02100010050000100200095
:10339800208288003182880020828000318280006b
:1033a8004a09dd00c600de00810071004a00dd0028
:1033b8002082880031828800e17c8000800720001c
:1033c800808f50000200360080022000e07c8800d8
:1033d800e17c8000400620000088b9004082880017
:1033e800228280003382800000888000118880005b
:1033f800000051008180590002fa200003002000db
:10340800cbf407007083880022828000338280001a
:1034180000888000118880000000510081805900d8
:10342800027d200003002000c1f40700808388008b
:10343800017d8000007d2000808f50000300360051
:10344800800c2000007d880001003700000000008b
:10345800007d800080888800f17c8000401f20006b
:10346800808f500003003600e0152000f07c8800b3
:1034780008003700f17c800030062000808f500063
:1034880003003e00e0152000f07c880001003700b2
:1034980000000000f07c8000a2002000110009005c
:1034a8000280d800f07c8800808880006104b80021
:1034b800f07c80006102b800880078000400780081
:1034c800000bb80005c0b9000701780000014100f1
:1034d80009a0b9000001410082037800a200200081
:1034e800030020000600be008bf3070070828800ee
:1034f800107d8000e30f5000030036000000eb0051
:10350800107d88000100370000000000107d800059
:1035180060828800207d8000d08b8800307d80000c
:1035280052002000110009000280d800c08b8800da
:10353800407d800090828800517d8000c00320007b
:10354800808f50000200360040012000507d880026
:10355800517d8000400620000088b900a0828800c4
:10356800607d8000c0888800717d8000c0122000c6
:10357800808f50000300360020032000707d8800f3
:1035880007003700707d8000e90f500003003e00ff
:1035980020032000707d8800010037000000000033
:1035a800707d8000e0888800817d800060042000b4
:1035b800808f50000200360030022000807d880095
:1035c800807d8000f0888800917d80006004200064
:1035d800808f50000300360080022000907d880014
:1035e80007003700907d8000fd0f500003003e006b
:1035f80080022000907d8800010037000000000054
:10360800917d8000400620000088b900010020005c
:10361800b0828800c1828800a17d800060042000fb
:10362800808f500003003600c0032000a07d880072
:1036380007003700a07d8000fd0f500003003e000a
:10364800c0032000a07d88000100370000000000b2
:10365800a17d8000400620000088b90001002000fc
:10366800d0828800e1828800d2828000e3828000d4
:10367800b0828000c1828000800f5100818f590084
:1036880009003600d0828000e1828000b28280008a
:10369800c3828000020050008380580000838800a5
:1036a8001183880008003700d0828000e182800002
:1036b800b2828000c38280000200500083805800dc
:1036c80000838800118388000083800011838000b4
:1036d8004a09dd00c600de00810071004a00dd00f5
:1036e800008388001183880004838000158380008c
:1036f800a08280006101b8000400be000cf407003d
:10370800f0828800b0828000c18280004a09dd0012
:10371800c600de00810071004a00dd00b08288002a
:10372800c1828800d0828000e18280004a09dd00e1
:10373800c600de00810071004a00dd00d0828800ea
:10374800e1828800b07d800060848800c07d8000b0
:1037580070848800d07d800080848800e07d8000af
:1037680090848800f07d8000a084880080b3800069
:103778000000e00004003a00f07d80001089880015
:103788000000eb0000898800007e8000b08488007b
:10379800107e800040858800207e8000508588004b
:1037a800307e8000e0848800407e8000f0848800bd
:1037b800507e800000858800607e8000108588002b
:1037c800707e800020858800807e8000308588009b
:1037d800907e800060858800a07e80006100600087
:1037e800701f98007e189000e10f500002003a0008
:1037f800940fa80001003700940fa900a07e800054
:1038080062006000601f98006e189000e20f500080
:1038180002003a00942fa80001003700942fa90055
:10382800a07e800064006000501f98005e18900021
:10383800e40f500002003a00944fa800010037003e
:10384800944fa900a07e800068006000401f980087
:103858004e189000e80f500002003a00946fa8003c
:1038680001003700946fa900a07e800070006000fe
:10387800301f98003e189000f00f500002003a00e8
:10388800948fa80001003700948fa900a07e8000c3
:10389800800078000002200000806000201f98004f
:1038a800ae18900000022000808f500002003a00fd
:1038b80094afa8000100370094afa900a07e800053
:1038c800800078000004200000806000101f98002d
:1038d8009e18900000042000808f500002003a00db
:1038e80094cfa8000100370094cfa900a07e8000e3
:1038f800800078000008200000806000001f980009
:103908008e18900000082000808f500002003a00b6
:1039180094efa8000100370094efa900a07e800072
:103928008000780000202000008060007017980058
:10393800fe10900000202000808f500002003a0006
:10394800952fa80001003700952fa900a07c8000c2
:1039580001202000010060000000e0000a003a0099
:10396800a07e80008000780000102000008f60009a
:10397800001020009e0f100002003a00950fa800ca
:1039880001003700950fa900a07e80008000780014
:10399800004020000080600060179800ee10900042
:1039a80000402000808f500002003a00954fa80088
:1039b80001003700954fa900a07e800080007800a4
:1039c800008020000080600050179800de109000f2
:1039d80000802000808f500002003a00956fa800f8
:1039e80001003700956fa900a07c8000010021002c
:1039f800010060000000e00005003a0040062000d9
:103a0800e08e880020032000f08e88000400370034
:103a180040052000e08e8800a0022000f08e88007b
:103a2800a07e8000800078000000220000806000f6
:103a380040179800ce10900000002200808f5000a0
:103a480002003a0095afa8000100370095afa90021
:103a5800a07e8000800078000000240000806000c4
:103a680030179800be10900000002400808f50008e
:103a780002003a0095cfa8000100370095cfa900b1
:103a8800a07e800080007800000028000080600090
:103a980020179800ae10900000002800808f50007a
:103aa80002003a0095efa8000100370095efa90041
:103ab800b07e8000d0808800c07e8000e0808800d2
:103ac800d07e80006103b8008600780000002900dd
:103ad8000009b8006130b900030278000002420012
:103ae8000000290000b8b9000002420084017800f3
:103af8000200be007085880081858800e07e800015
:103b08006103b80086007800000029000009b800a9
:103b18006130b90003027800000242000000290069
:103b280000b8b90000024200840178000200be001b
:103b380090858800a1858800f07e80006103b80028
:103b480086007800000029000009b8006130b9003b
:103b580003027800000242000000290000b8b90002
:103b680000024200840178000200be00b08588008f
:103b7800c1858800007f80006103b8008600780056
:103b8800000029000009b8006130b900030278007c
:103b9800000242000000290000b8b90000024200fb
:103ba800840178000200be00d0858800e185880085
:103bb800107f80006103b8008600780000002900ab
:103bc8000009b8006130b900030278000002420021
:103bd8000000290000b8b900000242008401780002
:103be8000200be00f085880001868800207f8000e2
:103bf800010020001086880021868800317f80001f
:103c0800400620000088b90030868800407f800088
:103c1800d0878800507f8000e0878800607f800020
:103c280090878800717f8000400620000088b900d6
:103c380070868800d17e8000400620000088b90088
:103c48008000780000f421000100500001002000ed
:103c58008086880091868800808680009186800012
:103c68004a09dd00c600de00810071004a00dd005f
:103c7800808688009186880092858000a3858000d0
:103c88007085800081858000800f5100818f5900e8
:103c98000f003900308680000000e0000c00320080
:103ca80092858000a38580007085800081858000d2
:103cb8000002510081825900308680006101b800fd
:103cc8000400be009af20700a086880002003700b0
:103cd8000000eb00a0868800b2858000c3858000c4
:103ce80090858000a1858000800f5100818f590048
:103cf8000f003900408680000000e0000c00320010
:103d0800b2858000c385800090858000a1858000f1
:103d18000002510081825900408680006101b8008c
:103d28000400be0082f20700b08688000200370057
:103d38000000eb00b0868800d2858000e385800013
:103d4800b0858000c1858000800f5100818f5900a7
:103d58000f003900508680000000e0000c0032009f
:103d6800d2858000e3858000b0858000c185800011
:103d78000002510081825900508680006101b8001c
:103d88000400be006af20700c086880002003700ff
:103d98000000eb00c0868800f28580000386800062
:103da800d0858000e1858000800f5100818f590007
:103db8000f003900608680000000e0000c0032002f
:103dc800f285800003868000d0858000e185800030
:103dd8000002510081825900608680006101b800ac
:103de8000400be0052f20700d086880002003700a7
:103df8000000eb00d0868800807f80003087880034
:103e0800308780000000e00002003a00a000200097
:103e180030878800907f8000408788004087800036
:103e28000000e00002003a00c0122000408788002d
:103e3800a07f8000f08b8800f08b80000000e000fd
:103e480002003a0020032000f08b8800b07f800039
:103e580050878800508780000000e00002003a0088
:103e6800401f200050878800c07f8000608788003e
:103e7800608780000000e00002003a00a0002000f7
:103e880060878800e07f800061006000101798005c
:103e98001e109000e10f500002003a0097efa800b2
:103ea8000100370097efa900e07f80006200600002
:103eb800001798000e109000e20f500002003a0020
:103ec800980fa80001003700980fa900e07f800034
:103ed80064006000700f98007e089000e40f5000a6
:103ee80002003a00982fa80001003700982fa90077
:103ef800e07f800068006000700f98007e089000e6
:103f0800e80f500002003a00984fa800010037005f
:103f1800984fa900f07f800061006000700f980042
:103f28007e089000e10f500002003a00960fa800aa
:103f380001003700960fa900f07f80006200600042
:103f4800600f98006e089000e20f500002003a00df
:103f5800962fa80001003700962fa900f07f800057
:103f680064006000500f98005e089000e40f500055
:103f780002003a00964fa80001003700964fa900aa
:103f8800f07f800068006000400f98004e089000a5
:103f9800e80f500002003a00966fa80001003700b1
:103fa800966fa900f07f800070006000300f9800c5
:103fb8003e089000f00f500002003a00968fa800cb
:103fc80001003700968fa900f07f800080007800fc
:103fd8000002200000806000200f9800ae089000ca
:103fe80000022000808f500002003a0096cfa800ff
:103ff8000100370096cfa900f07f8000800078008c
:104008000004200000806000100f98009e089000b7
:1040180000042000808f500002003a0096afa800ec
:104028000100370096afa900f07f8000800078007b
:104038000008200000806000000f98008e089000a3
:1040480000082000808f500002003a0096efa80078
:104058000100370096efa900f07f8000800078000b
:10406800001020000080600070079800fe0090009b
:1040780000102000808f500002003a00970fa8001f
:1040880001003700970fa900f07f800080007800ba
:10409800002020000080600060079800ee0090007b
:1040a80000202000808f500002003a00972fa800bf
:1040b80001003700972fa900f07f8000800078006a
:1040c800004020000080600050079800de0090004b
:1040d80000402000808f500002003a00974fa8004f
:1040e80001003700974fa900f07f8000800078001a
:1040f800008020000080600040079800ce009000fb
:1041080000802000808f500002003a00976fa800be
:1041180001003700976fa900f07f800080007800c9
:10412800000021000080600030079800be00900069
:1041380000002100808f500002003a00978fa800ed
:1041480001003700978fa900f07f80008000780079
:10415800000022000080600020079800ae00900058
:1041680000002200808f500002003a0097afa8009c
:104178000100370097afa900f07f80008000780029
:104188000000240000806000100798009e00900046
:1041980000002400808f500002003a0097cfa8004a
:1041a8000100370097cfa900008080006a00b9009d
:1041b80070878800708780000000e00002003a00e5
:1041c8006009200070878800108080008087880040
:1041d800808780000000e00002003a00a000200074
:1041e8008087880020808000a0878800a0878000c2
:1041f8000000e00002003a0040062000a087880086
:1042080030808000b0878800b08780000000e00020
:1042180002003a0040062000b087880040808000f5
:10422800c0878800c08780000000e00002003a00d4
:1042380040062000c08788005080800020888800c1
:104248006080800030888800708080004088880006
:104258008080800050888800908080006088880076
:10426800a08080007088880080888000010020007d
:10427800a20020000300200027f007002084880007
:1042880080888000010020005200200003002000e8
:1042980021f0070040848800708280006103b80024
:1042a80086007800d0052000000ab8006030b90008
:1042b8000501780000014100d005200000b8b900d0
:1042c800000141008202780042062000030020001d
:1042d8000400be0010f007009088880070828000fb
:1042e8006103b8008600780020062000000ab800a4
:1042f8006030b90005017800000141002006200067
:1043080000b8b9000001410082027800420620008e
:10431800030020000400be00ffef0700a08888000b
:10432800207d8000a2002000110009000280d80032
:10433800b088880080888000a20020001100090051
:104348000280d800d088880081888000808880001a
:104358000100b80050898800618988006188800060
:10436800000520000100b800708988008189880054
:104378007889800089898000568980006789800053
:104388008800780006007800000ab80007c0b90065
:10439800050178000001410009b0b90000014100a1
:1043a8008202780074898800858988007188800075
:1043b800000520000100b80090898800a1898800c4
:1043c80098898000a98980005689800067898000c3
:1043d8008800780006007800000ab80007c0b90015
:1043e800050178000001410009b0b9000001410051
:1043f8008202780094898800a58988004f04be004d
:104408000080fa00000006000000fa00d2e2a800ce
:10441800de02a800de22a800e422a800e402a80028
:10442800d362a8000000eb00801688000000eb00b3
:10443800401788000000eb00b0168800e5c2a9000c
:10444800e582a900e5a2a900e5e2a900cc22a9001d
:10445800cc42a900e4c2a900e4e2a900e502a9004f
:10446800e522a900d262a900d242a900d222a9005d
:10447800e9c2a900e982a900d042a9000000eb0026
:10448800a0ae88000000eb00b0ae88000000eb0092
:10449800c0ae88000000eb0090b588000080fa00ec
:1044a800000006000000fa000000eb002008880069
:1044b8000000eb000008880005a1a9000421a9005c
:1044c8004110200091407800f0ccb30000c060009b
:1044d80004e1b70005e1a80000f4210010088800f5
:1044e8005109200091407800f0c8b30000c0600076
:1044f80001c5b3000140700095e0b7008460a900d1
:104508008c60a80042c0bf007f40600001c6b300b5
:104518000140700042e0b7000080fa000000060089
:104528000000fa00d2c2a800d2a2a800d282a80035
:104538000000eb00000688000000eb001006880071
:10454800c1a0a800c1c0a800c1e0a8000000eb00fd
:10455800200688000000eb0030068800c5a0a900ee
:10456800c5c0a900c5e0a900b109200091407800a4
:10457800f0c8b30000c0600001c5b300014070007e
:104588009be0b70085e0a9008de0a8000080fa0054
:10459800000006000600fa006000b8001007980046
:1045a800210798000040eb00004f78000e0037000c
:1045b8001e80fb0000004000e4004000e01f2100d6
:1045c80000804000100078006101b8001e009000d3
:1045d800ae0090000000410081804900100798005b
:1045e800210798001e4fe80030c0b3009e4f10000e
:1045f800efff36001e009000ae0090004e09dd006f
:104608004200de0000007100c208de000080fa00ef
:10461800000006000800fa00100798009e009000ad
:10462800b0bd2400808f5000040036009e0090002a
:10463800c03f2500808f50000900360092d6bf0089
:104648000040e80092f6b70092d6bf00e24f500053
:10465800190036000000eb003007980018003700fa
:104668000040eb0092f6b700caff0700000f780081
:104678009e0090001e0078000080500020079800df
:104688002e0090000000e00003003d002e00900086
:104698000000ea00200798002e0090009e00780095
:1046a800c208de00810f5000030036000000eb0056
:1046b80030079800020037001000200030079800eb
:1046c8003e0090000080fa00000006000000fa009a
:1046d8001fe1a9000000eb00a008880000908000fe
:1046e800803eb000d00888001fe1a8000080fa00d2
:1046f800000006000000fa001082800064006000dc
:104708000000e0001c0032000000eb00c008880038
:10471800a17c800000002100008060000000e00013
:1047280003003a0030682000e008880002003700e3
:10473800d0562000e008880086c0a9008ec0a800d6
:1047480021e1a8001000200060b7880010c0b30065
:10475800eaf6b70010002000e0ae880087a0a900a4
:10476800e11420009140780080cfb30000c06000c1
:104778004ee1b7008fa0a9000080fa0000000600f3
:104788000000fa000000eb0080b788000000eb0092
:10479800700a88004ee1a900e114200091407800d9
:1047a800f0c9b30000c060004ee1b700e11420007a
:1047b8009140780080cfb30000c060003040b30063
:1047c8004ee1b700210a20009140780000c7b300ed
:1047d80000c07000a2e0b70087a0a9008fa0a800c1
:1047e8000080fa00000006000000fa000000eb005c
:1047f800800888000000eb003008880011a1a9009b
:1048080010c1a9001021a9000111200091407800d1
:10481800f0ccb30000c060000044a00010e1b70075
:104828001061a90011e1a9000080eb006008880070
:10483800710920009140780080cfb30000c060006b
:104848006040b30097e0b70084c0a9008cc0a900fd
:104858000000eb00900888000000eb00500888007a
:1048680013a1a90012c1a9001221a9002111200039
:1048780091407800f0ccb30000c060000044a00074
:1048880012e1b70013e1a8000080eb00700888006f
:104898007109200091407800f0c8b30000c06000a2
:1048a80001c6b3000140700097e0b70084e0a9009a
:1048b8008ce0a9000000eb00f00888000000eb0085
:1048c800a008880000e22400d00888001fa1a800e2
:1048d8001ec1a9001e21a900e11120009140780005
:1048e800f0ccb30000c060000044a0001ee1b70097
:1048f8001fe1a9001e61a900e1092000914078008c
:10490800f0c8b30000c0600001c6b30001407000e9
:104918009ee0b70086a0a9008ea0a8000000eb00ca
:10492800000988000000eb00c008880021a1a80049
:1049380020c1a9002021a90001122000914078007f
:10494800f0ccb30000c060000044a00020e1b70034
:1049580021e1a900a0b88000e0088800f109200042
:104968009140780080cfb30000c060006040b30081
:104978009fe0b70086c0a9008ec0a9000080fa0099
:10498800000006003600f800809fbe00829fbe002f
:10499800849fbe00869fbe003400f80000002000ff
:1049a800a00188000000fa004230a80087a0a900f2
:1049b800e11420009140780080cfb30000c060006f
:1049c8003040b3004ee1b7000000eb00a0b488000f
:1049d800600a800060b5880061b58000a0b78000db
:1049e800808f50000500390060b58000a1b78000b5
:1049f8000100500070b588000500370061b58000df
:104a0800a0b78000008050000000e90070b5880061
:104a180071b58000c0bd2400808f5000140036009e
:104a280071b58000b03f2500808f500010003e0017
:104a38000ad2bf000080fb0072b580000000400071
:104a4800e4004000e01f21000080400002087800d8
:104a58000ad2bf000080fb000000e80042002000ee
:104a6800110009000200d8008000fd000af2b7001a
:104a7800c8fe0700f08f880070b58000e5fe0700cb
:104a88000bf2b7000bd2bf000004e00005003200b3
:104a9800f08f8000009088000cff070010c0b30062
:104aa8009ef6b70060b58000a0b788000bd2bf00a3
:104ab8000004e000010032000eff07000080fa0049
:104ac8003400f9004f03be004f02be004f01be0084
:104ad8004f00be003600f90000400600809fbe006f
:104ae8003400f80000002000a00188000000fa004f
:104af80060b78000e10f500015003a00d5c2bf0032
:104b0800684060000004e00011003a000bd2bf00ca
:104b18000004e0000e0032000000eb0060b78800df
:104b280021e1a90086c0a9008ec0a90087a0a9001c
:104b38008fa0a800e11420009140780080cfb30036
:104b480000c060003040b3004ee1b70020003700dd
:104b580060b78000e10f500011003a00d5c2bf00d5
:104b6800684060000004e0000d0032000bd2bf0076
:104b78000004e0000a0032002000200060b788002e
:104b880087a0a9008fa0a900e11420009140780017
:104b980080cfb30000c060004ee1b7000c003700c2
:104ba80060b78000e10f500009003a00d5c2bf008d
:104bb800684060000004e00005003a000bd2bf0026
:104bc8000004e00002003a002000200060b78800de
:104bd80060b78000e20f50001d003a000000eb00b3
:104be800c008880060838000e00888009fd6bf0066
:104bf800e14f500006003a000040eb009ff6b70076
:104c0800e108800080c12f0000804000e008880093
:104c1800c0b68000a0b8880086c0a9008ec0a800d1
:104c280021e1a800a17c8000001020000080600025
:104c38000000e00003003a003000200060b7880060
:104c48004c003700b000200060b7880049003700ea
:104c580060b78000e30f50000c003a0040002000cd
:104c680060b788000000eb00c0088800a0b880008a
:104c7800e008880086c0a9008ec0a80021e1a8002d
:104c8800d662a800d642a8003a00370060b7800074
:104c9800e40f500013003a005000200060b788006d
:104ca8003000200070b788000000eb003008880052
:104cb80071b88000a0b880000080500060088800ab
:104cc80084c0a9008cc0a80011e1a800d662a90080
:104cd800d642a900d622a90086c0a9008ec0a90084
:104ce8002400370060b78000eb0f50000c003a003a
:104cf800c000200060b788000000eb00c0088800f2
:104d0800a0b88000e008880086c0a9008ec0a8006e
:104d180021e1a800d662a800d642a80015003700f5
:104d280060b78000ec0f500012003a00d00020005d
:104d380060b788005001200070b788000000eb00c1
:104d48003008880071b88000a0b88000008050004a
:104d58006008880084c0a9008cc0a80011e1a800e0
:104d6800d662a900d642a900d622a90086c0a90009
:104d78008ec0a9000080fa003400f9004f00be0080
:104d880000400600809fbe003400f80000002000ac
:104d9800a00188000000fa0084c0a90070b7800054
:104da800e30f50000c003a004000200070b7880064
:104db8000000eb0030088800a0b880006008880078
:104dc80084c0a9008cc0a80011e1a800d662a80080
:104dd800d622a8008f00370070b78000e40f50007b
:104de8000f003a005000200070b788000000eb0068
:104df8003008880071b88000a0b88000008050009a
:104e08006008880084c0a9008cc0a80011e1a8002f
:104e1800d662a900d642a900d622a9007d00370093
:104e280070b78000e50f50000c003a0060002000c9
:104e380070b788000000eb0030088800a0b8800038
:104e48006008880084c0a9008cc0a80011e1a800ef
:104e5800d642a800d622a8006e00370070b780009e
:104e6800e60f50000f003a007000200070b788006d
:104e78000000eb003008880071b88000a0b88000fe
:104e8800008050006008880084c0a9008cc0a80079
:104e980011e1a800d662a900d642a900d622a9002d
:104ea8005c00370070b78000e70f50000c003a0034
:104eb8008000200070b788000000eb0030088800f0
:104ec800a0b880006008880084c0a9008cc0a80031
:104ed80011e1a800d642a800d662a8004d0037000c
:104ee80070b78000e80f50000f003a0090002000d3
:104ef80070b788000000eb003008880071b88000a7
:104f0800a0b88000008050006008880084c0a90014
:104f18008cc0a80011e1a800d662a900d642a90059
:104f2800d622a9003b00370070b78000e90f500077
:104f38000c003a00a000200070b788000000eb00c9
:104f480030088800a0b880006008880084c0a900e4
:104f58008cc0a80011e1a800d622a800d662a8003b
:104f68002c00370070b78000ea0f50000f003a009d
:104f7800b000200070b788000000eb0030088800ff
:104f880071b88000a0b880000080500060088800d8
:104f980084c0a9008cc0a80011e1a800d662a900ad
:104fa800d642a900d622a9001a00370070b780009f
:104fb800eb0f50000c003a00c000200070b78800ca
:104fc8000000eb0030088800a0b880006008880066
:104fd80084c0a9008cc0a80011e1a800d622a800ae
:104fe800d642a8000b00370070b78000ec0f5000c5
:104ff80008003a00d000200070b78800d662a900e7
:10500800d642a900d622a90084c0a9008cc0a90054
:1050180011e1a90070b78000f50f50000c003a00ac
:105028006001200070b788000000eb00300888009d
:10503800a0b880006008880084c0a9008cc0a800bf
:1050480011e1a800d642a800d622a8008f00370098
:1050580070b78000f60f50000f003a007001200072
:1050680070b788000000eb003008880071b8800035
:10507800a0b88000008050006008880084c0a900a3
:105088008cc0a80011e1a800d662a900d642a900e8
:10509800d622a9007d00370070b78000f70f5000b6
:1050a8000c003a008001200070b788000000eb0077
:1050b80030088800a0b880006008880084c0a90073
:1050c8008cc0a80011e1a800d662a800d622a800ca
:1050d8006e00370070b78000f80f50000f003a00dc
:1050e8009001200070b788000000eb0030088800ad
:1050f80071b88000a0b88000008050006008880067
:1051080084c0a9008cc0a80011e1a800d662a9003b
:10511800d642a900d622a9005c00370070b78000eb
:10512800f90f50000c003a00a001200070b7880069
:105138000000eb0030088800a0b8800060088800f4
:1051480084c0a9008cc0a80011e1a800d642a8001c
:10515800d662a8004d00370070b78000fa0f5000e3
:105168000f003a00b001200070b788000000eb0083
:105178003008880071b88000a0b880000080500016
:105188006008880084c0a9008cc0a80011e1a800ac
:10519800d662a900d642a900d622a9003b00370052
:1051a80070b78000fb0f50000c003a00c0012000cf
:1051b80070b788000000eb0030088800a0b88000b5
:1051c8006008880084c0a9008cc0a80011e1a8006c
:1051d800d622a800d642a8002c00370070b780005d
:1051e800fc0f50000f003a00d001200070b7880073
:1051f8000000eb003008880071b88000a0b880007b
:10520800008050006008880084c0a9008cc0a800f5
:1052180011e1a800d662a900d642a900d622a900a9
:105228001a00370070b78000fd0f50000c003a00dc
:10523800e001200070b788000000eb00300888000b
:10524800a0b880006008880084c0a9008cc0a800ad
:1052580011e1a800d622a800d662a8000b003700ea
:1052680070b78000fe0f500008003a00f0012000df
:1052780070b78800d662a900d642a900d622a90034
:1052880084c0a9008cc0a90011e1a9000080fa001f
:105298003400f9004f00be00004006003600f80058
:1052a800809fbe00829fbe00849fbe00869fbe0076
:1052b8003400f80000002000a00188000000fa0077
:1052c80000908000d00888000040eb000bf2b70087
:1052d8000bd2bf000004e00001003a0005fd070002
:1052e8009ed6bf000004e000080032000040eb003a
:1052f8009ef6b70010c0b3009ff6b700019080007b
:1053080080c12f0000804000d00888000000eb001a
:10531800a008880086a0a9008ea0a8001fe1a80008
:105328000080fa003400f9004f03be004f02be00af
:105338004f01be004f00be003600f90000400600d5
:10534800809fbe00821f78003400f8000000200013
:10535800a00188000000fa0085e0a900d4c2bf00bf
:105368000080fb004600de00e1406000b0b4800031
:105378006140600080cf50000d003200d4c2bf00f1
:105388000080fb004600de00614060000080fb00fa
:1053980061016000b1b48000e0ff2f000080600070
:1053a80002007000b0b488000000eb00c0b48800b0
:1053b800d4c2bf000080fb004500de00e140600071
:1053c800b0b480000000d1006140600080cf500080
:1053d8000e003200d4c2bf000080fb004500de0092
:1053e800614060000080fb00610060000001400037
:1053f800b1b48000d0ff2f00008060000200700070
:10540800b0b488000000eb00d0b48800d4c2bf005c
:105418000080fb004400de00e1406000b0b4800082
:105428004200de006140600080cf50000e00320074
:10543800d4c2bf000080fb004400de006140600071
:105448000080fb00610060004201dd00b1b4800013
:10545800b0ff2f000080600002007000b0b4880028
:105468000000eb00e0b4880090b58000e30f500026
:105478006800320090b58000e40f500065003200eb
:10548800f0808000fb0f500062003600b0b480004e
:10549800610060000000e00006003a0080b780006c
:1054a8000000e00003003a001000200080b78800e8
:1054b80058003700b0b48000610060000000e000d0
:1054c8000800320080b78000e10f500005003a0064
:1054d8002000200080b788005008800050b5880060
:1054e8004c003700b0b48000620060000000e000ab
:1054f8004800320080b78000e20f500045003a00b3
:105508000000eb0080b788005008800040b5880094
:1055180041b5800050b58000808f500005003600ee
:1055280040b5800051b580000100500030b58800ba
:105538000900370050b58000800078000080eb003b
:105548000100500030b5880031b5800040b58000ba
:105558000080400030b5880031b5800070322200ec
:10556800808f500016003e0000b580000000e80063
:1055780000b588000000eb0010b588000000eb00c3
:1055880020b5880000b58000e60f500021003600e5
:105598004350a9005000200080b788000000eb00ad
:1055a80000b58800a17c80000020200000806000f9
:1055b8000000e00017003200950fa9001500370021
:1055c80010b580000000e80010b588000000eb006e
:1055d80000b588000000eb0020b5880010b58000f9
:1055e800e60f50000b0036004350a8005000200082
:1055f80080b788000000eb0010b58800a17c80000f
:1056080000202000008060000000e000010032005f
:10561800950fa8000080fa003400f9004f017800c7
:105628004f00be00004006001200fa0015d3bf006c
:105638000004e0005801320012d2bf008080fb0055
:1056480020858000808f50004f013a0092d2bf0021
:10565800e34f50004c01360092d2bf0000c0e90071
:10566800804078002021210094030700300798002b
:1056780092d2bf000080fb008080e9002021210039
:1056880000804000104078000080fb004801dd00e9
:1056980092d2bf000080fb008000e9002021210099
:1056a80000804000104078000080fb00000071007e
:1056b80020079800be0090002e009000808f5000b8
:1056c80031013a0013d2bf000080fb007007980038
:1056d8007e009000e60f500060003200fe0090004f
:1056e800f08f5000c30032007e019000e30f51009c
:1056f800010032002401370092d2bf00e84f500069
:1057080021013a0014d2bf000080fb00c800dd0070
:1057180015d2bf000080fb00008070006007980071
:1057280016d2bf000080fb00c800dd0017d2bf0002
:105738000080fb0000807000500798005e00900019
:105748000000e00010013200de009000d0032000cd
:10575800808f50000c013e00ee009000f007200002
:10576800808f500008013e00010820006e00900064
:10577800808050005e009000808f50000201390048
:105788002085800093f2b70030c0b30094f2b700d0
:105798005e0090000000400095f2b7000000eb00aa
:1057a80040079800240037004e0090000000400099
:1057b800e3014000ee0090004e00900000804000a1
:1057c80080004000c04c210000804000100078009c
:1057d8004800de0000417800010820008380400076
:1057e8002021210000804000124098004e009000c7
:1057f80000004000e4014000ee0090004e009000e0
:105808000080400080004000c04c21000080400023
:1058180010007800004178000108200083804000d3
:105828002021210000804000124098004e00900086
:105838000000e80040079800ce0090005e0090004d
:10584800808f5000d8ff39005e00900000004000b3
:105858006340400025010700cb00370092d2bf000b
:10586800e84f5000c8003a0014d2bf000080fb0087
:10587800c800dd0015d2bf000080fb00008070006a
:105888006007980016d2bf000080fb00c800dd004a
:1058980017d2bf000080fb0000807000100798003e
:1058a800ee009000f0072000808f5000b6003e0008
:1058b8006e00900080004000c04c21000080400035
:1058c8009e009000010878006e019000020f980079
:1058d800600620008e089000808f50002200320061
:1058e800600620000e099000800f510009003e005c
:1058f800400620008e089000808f50000e00320075
:10590800500620000e099000800f51001000320050
:1059180022003700700620008e089000808f50000b
:1059280019003200800620000e099000800f5100f7
:1059380018003200190037009e009000a00a2000cd
:10594800808f500015003a00de15a80013003700bc
:105958009e009000b00b2000808f50000f003a008e
:10596800de35a8000d0037009e009000c00c200016
:10597800808f500009003a000000eb00907c8800fe
:10598800deb5a800050037001e009000b08388002f
:105998000200370040002000608288000000eb0011
:1059a800400798000d0037004e019000ce0090008f
:1059b800202121000080400090417800010820004b
:1059c8008280400020212100008040001340980080
:1059d8004e0090000000e800400798004e0090003c
:1059e800e50f5000f0ff360060c0b300bf000700ad
:1059f8006500370092d2bf00e84f500062003600c1
:105a080014d2bf000080fb00c800dd0015d2bf0023
:105a18000080fb00008070006007980016d2bf006d
:105a28000080fb00c800dd0017d2bf000080fb002b
:105a3800008070005007980018d2bf000080fb005b
:105a4800000f78005e0090000000e0004e00320079
:105a5800de009000b0032000808f50004a003e0016
:105a68005e009000000040009e0f500046003a0083
:105a780092d2bf008080fb001e01780069004100bf
:105a8800808f500040003a00ee009000f0072000a0
:105a9800808f50003c003e00010820006e009000fe
:105aa800808050005e009000808f500036003900e2
:105ab8000000eb00400798001a003700ee00900045
:105ac8004e009000808140004e0090000000400091
:105ad800e7004000202121000080400010407800ad
:105ae8000080fb004801dd004e00900000004000ef
:105af800e80040002021210000804000104078008c
:105b08000080fb000001710083804100c04c21002f
:105b180000804000020878004e0090000000e80075
:105b280040079800ce0090005e009000808f5000e3
:105b3800e2ff39000000eb00400798000d00370035
:105b48004e019000ce0090002021210000804000ee
:105b58009041780001082000828040002021210027
:105b680000804000134098004e0090000000e800bc
:105b7800400798004e009000e50f5000f0ff3600f7
:105b880060c0b300590007000040eb0092f2b70074
:105b98000040eb0015f3b7000080fa000000060093
:105ba8000000fa00de42a800de62a90021e2a90096
:105bb800308580006101b80000122a0071002000c1
:105bc800d5e907000000e900a01088000000eb00fc
:105bd800601088000de2a8000d42a9000000eb004b
:105be800701088000f42a8008520a9008d20a80009
:105bf800dec2a900e2c2a8000080fa000000060088
:105c0800809fbe003400f80000002000a00188003a
:105c18000200fa000ec2bf00624060000004e0000b
:105c2800070032000e22a900c0988000d198800099
:105c380061004000e0804800c0988800d198880042
:105c48000ec2bf00644060000004e0001e00320085
:105c58000e42a9001c00370090108000004f780009
:105c680015d3bf000004e00011003a0092d2bf0033
:105c78000004e0000b00350092d2bf008080fb00da
:105c880020212100008040001e48780092d2bf00e9
:105c98000040e80092f2b7000000eb00b0988800de
:105ca800090037000040eb0092f2b7000600370009
:105cb800c0988000d198800061004000e0804800d2
:105cc800c0988800d19888000ec2bf00614060006b
:105cd8000004e000e0ff3a008520a9000080fa00f7
:105ce8003400f9004f00be00004006000800fa002a
:105cf80060479800ee409000e0c7b30080cf5000a6
:105d080007003600c0988000d198800061004000ec
:105d1800e0804800c0988800d1988800410037008a
:105d2800ee40900030292100e40107002007980088
:105d38006e4090008080fb002e0090004800de003e
:105d4800004178000108b0002021210000804000b7
:105d5800124098006e4090000080fb008000e80030
:105d68002e009000004178000108b0002021210099
:105d780000804000124098006e40900000c0e8008b
:105d880013f3b7000040eb0014f3b700e2c2a90018
:105d98000000eb00100798000f0037000fc2bf008b
:105da800624060000004e000fcff3a001e00900022
:105db8000108200080804000202121000080400050
:105dc800104090000080fb00801088001e009000aa
:105dd8000000e8001007980013d3bf008080fb0084
:105de8001e009000808f5000ecff3e000fc2bf00e5
:105df800614060000004e000fcff32000200370050
:105e080090108000004f78000ec2bf006140600013
:105e18000004e000faff3a000e22a9008520a9003c
:105e2800e2c2a8000080fa0000000600809fbe00c1
:105e3800821f78003400f80000002000a0018800cc
:105e48000000fa008540a900413121009140780006
:105e580013d3bf0080cf50000d0031004231210024
:105e6800124178000280fb00010820008080400079
:105e78002021210000804000104090000080fb009d
:105e8800801088000240e80014f3b70005003700ce
:105e98000fc2bf00614060000004e000fcff320058
:105ea800e2c2a8000080fa003400f9004f0178002f
:105eb8004f00be00004006000800fa000000eb009a
:105ec800300798000000eb00200798000000eb0066
:105ed800100798000000eb00000f780090b58000d4
:105ee800e30f50000300320090b58000e40f50002b
:105ef80007003a006043800060a688007043800075
:105f080070a688008043800080a6880006003700bd
:105f18000000eb0060a688000000eb0070a6880077
:105f28000000eb0080a68800f080800090a6880022
:105f380000818000a0a6880010818000b0a688009b
:105f4800412d20009140780000c8b30000c06000d7
:105f58000004e00003003a003e0090000000a000aa
:105f680030079800e0c2bf00614060000004e00014
:105f780003003a003e0090000010a000300798008f
:105f8800e0c2bf00624060000004e00003003a0085
:105f98003e0090000020a00030079800e6c2bf0035
:105fa800624060000004e00003003a003e009000f8
:105fb8000030a00030079800e6c2bf0061406000d2
:105fc8000004e00003003a003e0090000040a000fa
:105fd80030079800cfc2bf000042b2000004e000c2
:105fe80004003a003e009000010220000100700009
:105ff80030079800cfc2bf000044b2000004e000a0
:1060080004003a003e0090000104200001007000e6
:1060180030079800c8c2bf00644060000004e00078
:1060280004003a003e0090000108200001007000c2
:1060380030079800c8c2bf00684060000004e00054
:1060480004003a003e00900001102000010070009a
:1060580030079800c8c2bf00704060000004e0002c
:1060680004003a003e00900001202000010070006a
:1060780030079800a07c800001102000010060001b
:106088000000e000040032003e00900001002800fb
:1060980001007000300798003e009000c0a68800fc
:1060a800e9c2bf000044b2000004e000030032006f
:1060b8002e0090000000a00020079800e9c2bf0051
:1060c800704060000004e000030032002e009000e1
:1060d8000010a00020079800e9c2bf000042b200eb
:1060e8000004e000030032002e0090000020a00011
:1060f80020079800e9c2bf0001c8b3000140600052
:106108000004e000030032002e0090000030a000e0
:1061180020079800d0c2bf00624060000004e00081
:10612800030032002e0090000040a00020079800d5
:10613800d0c2bf00644060000004e00004003200e8
:106148002e00900001022000010070002007980036
:10615800e8c2bf0001c8b300014060000004e000cd
:10616800040032002e00900001042000010070009d
:1061780020079800e9c2bf00614060000004e00009
:10618800040032002e009000010820000100700079
:1061980020079800e9c2bf00624060000004e000e8
:1061a800040032002e009000011020000100700051
:1061b80020079800e8c2bf000044b2000004e000d5
:1061c800040032002e009000012020000100700021
:1061d800200798002e009000d0a6880090b5800077
:1061e800000f78001e00e0000300320010002000bd
:1061f8009e0f10000a003a00817c8000a0aa2a00a5
:10620800808f500003003a0040002000e0a688007c
:106218001a0037001e007800e0a688001700370033
:10622800200020009e0f10000300320030002000e4
:106238009e0f100003003a0020002000e0a688000e
:106248000e003700400020009e0f100003003a00a7
:1062580030002000e0a68800080037005000200029
:106268009e0f100003003a0050002000e0a68800ae
:10627800020037000000eb00e0a688006081800083
:10628800f0a68800907c800000a7880050828000db
:1062980010a78800b081800020a78800c07d20005a
:1062a80030a78800f0b1800040a7880010898000de
:1062b80050a78800e0b18000e10f500003003a00c9
:1062c8001e0090000000a00010079800f0ae8000ab
:1062d800640060000000e000030032001e0090002f
:1062e8000010a0001007980080b38000e10f500054
:1062f80003003a001e0090000020a000100798003c
:1063080061818000f0888000808f5000040039008f
:10631800a07c8000700060000000e00003003a00ec
:106328001e0090000030a000100798001e0090008a
:1063380060a78800a07c80000100220001006000a6
:106348000000e00003003a0070b8800070a78800e1
:10635800020037005081800070a7880060838000a9
:1063680080a7880030b7800090a78800008e800042
:10637800a0a78800e08d8000b0a78800708e8000fc
:10638800c0a78800608e8000d0a78800a08e8000fb
:10639800e0a788000080fa00000006000400fa0068
:1063a800889fbe0000888000118880000001be0020
:1063b8002082800031828000800f5100818f590037
:1063c8003700310000888000118880004609dd0010
:1063d8004a00de0000007100ca88de00000f780065
:1063e80020828000318280004609dd004a00de00fc
:1063f80000007100ca08de00100798001e00900017
:106408001e0050000100200080ae880091ae880078
:10641800b08380006104b80086ae800097ae80002b
:106428008800780006007800000ab80007c0b900a4
:10643800050178000001410009b0b90000014100e0
:106448008202780064ae880075ae880000888000fb
:10645800118880000004be0062ae800073ae800028
:10646800f0ff230001002000020040008380480064
:10647800f2ff270003002000ade807004a09dd000d
:10648800c600de00810071004a00dd0008004000ff
:106498008980480020838800318388000400370001
:1064a8002082800031828000208388003183880028
:1064b8004f04be000080fa00000006000a00fa003f
:1064c80030079800014f98000080eb0020079800e3
:1064d8000040eb00204798000040eb001047980070
:1064e800200037003e009000104078008080fb00bc
:1064f8002e00900001006800200798003e009000e0
:106508000000e800300798000040eb00004f7800da
:106518000e0037002e009000610060000004e000cb
:10652800060032002e0090008000d10010002a00e2
:106538000080680020079800030037002e009000b4
:106548000000d100200798001e4fe80070c0b3007b
:106558009e4f1000efff36001e4090000040e800fc
:10656800104798009e4090000e48900080cf500041
:10657800dcff39002e0090004800de00204798001c
:106588002e009000c800dd002e4090000080fb0027
:10659800008070000080fa00000006000000fa0089
:1065a80080252000c0b688000000eb00b0b6880047
:1065b8004250a9004310a90042d0a9004210a900e6
:1065c8004270a9004290a90042b0a9000000eb0067
:1065d800808288000000eb0010b78800608280008d
:1065e800e20f500005003e002082800031828000ca
:1065f800408388005183880007003700608280004c
:10660800e30f500004003a008086800091868000e5
:1066180040838800518388000000eb00c0b88800e0
:106628000000eb00808288006000b800908388003a
:10663800a18388000000eb00508288000000eb0076
:10664800508488000000eb0000848800930fa900a4
:10665800932fa900b076a900b016a900b036a900fa
:106668000000eb00308f88000000eb00408f8800ae
:106678000000eb00608f88000000eb00508f88005e
:106688000000eb00708f88000000eb00808f88000e
:106698000000eb00a08f88000000eb00908f8800be
:1066a8000000eb00b08f88000000eb00c08f88006e
:1066b8000000eb00e08f88000000eb00d08f88001e
:1066c8000080fa00000006000000fa004250a9000d
:1066d8004310a9002513a900e982a90087a0a900f1
:1066e800e11420009140780080cfb30000c0600022
:1066f8003040b3004ee1b7008fa0a800d662a900d1
:10670800d642a900d622a90037f807000000eb00fe
:1067180060b788000000eb0070b788000080fa00be
:10672800000006000000fa00f0b680000000e0005b
:1067380009003a0080b58000620060000000e000b7
:1067480005003a0010002000f0b688000000eb00b9
:1067580000b78800b036a9000080fa0000000600e3
:106768000000fa00f0b680000000e0000f003200e0
:10677800e9e2a900d022a80000b780000000e800e4
:1067880000b7880001b78000c0122000808f500039
:1067980006003600d022a9000000eb0000b78800f0
:1067a8000000eb00f0b68800b036a8000080fa00c0
:1067b800000006000000fa0080b58000610060005b
:1067c8000000e00028003a00b036a900e0c2bf008f
:1067d800614060000004e00003003200d022a900fc
:1067e800e9e2a80001003700e9e2a90010b780003b
:1067f8000000e80010b7880011b78000401f200093
:10680800808f500018003600e9e2a9000000eb0074
:1068180010b78800b016a8004210a900aaff070008
:10682800aa0207000000eb0050828800f0ae80004a
:10683800680060000000e0000b003a00a07c8000c7
:1068480001042000010060000000e00006003200a2
:10685800b07c800001002800010060000000e0001a
:1068680001003200920fa8000080fa000000060024
:106878000000fa006000b80090838800a1838800b7
:106888000000eb00c0b88800b0b6a800b096a90018
:10689800e9e2a9004210a9008bff0700a1ff070049
:1068a800a07c8000640060000000e000020032006c
:1068b80010002000c0ae880020b680000000e8006c
:1068c80020b6880021b68000c0122000808f5000ba
:1068d800180036000000eb0020b688000000eb002e
:1068e800c0ae8800b036a800f0ae80006800600036
:1068f8000000e0000b003200a07c800001042000b2
:10690800010060000000e00006003200b07c80005a
:1069180001002800010060000000e00001003200d2
:10692800920fa8000000eb0090b588000000eb0073
:1069380030b788000080fa00000006000000fa0066
:1069480030b780000000e00026003a00f0ae80007a
:10695800640060000000e00022003200208980000e
:106968000000e0001f003a0080b38000e10f5000f3
:106978001c003a00a07c8000010028000100600093
:106988000000e00017003a0061818000f088800074
:10699800808f500004003900a07c800070006000e7
:1069a8000000e00042013a001000200090b5880085
:1069b8001000200030b78800e9c2a80010002000ad
:1069c800a0ae8800d042a9000000eb00c0ae88004d
:1069d8000000eb00b0ae88000000eb00308a8800b1
:1069e8003301370030b78000e10f500059003a00fa
:1069f800f0ae8000640060000000e00007003a008c
:106a08000000eb0090b588000000eb0030b788006c
:106a1800e9c2a9000000eb00a0ae880061818000f7
:106a2800f0888000808f50000b003600a07c80002a
:106a3800700060000000e000070032000000eb007a
:106a480090b588000000eb0030b78800e9c2a900c3
:106a58000000eb00a0ae8800a07c800001002800a8
:106a6800010060000000e000070032000000eb00b9
:106a780090b588000000eb0030b78800e9c2a90093
:106a88000000eb00a0ae8800f0ae8000610060005e
:106a98000000e00006013200a07c80000100240014
:106aa800010060000000e00001003200b096a8007c
:106ab8002000200090b588000000eb00c0b48800da
:106ac8000000eb00d0b488000000eb00e0b48800c0
:106ad8002000200030b788000000eb00b0b5880027
:106ae800e982a800e9c2a9000000eb00a0ae880076
:106af800c3f10700a9fe070011898000a084800067
:106b0800808f50000100360093cfa8000000eb00f2
:106b1800008988006000b800f0898800018a880030
:106b2800308e8000408e8800208e8000308e880055
:106b3800e08d8000208e88000000eb00e08d88004a
:106b48000000eb00708e88000000eb00608e88006b
:106b5800d700370030b78000e20f500022003a001b
:106b6800b0b580000000e800b0b58800b1b580007d
:106b780040062000808f5000cd003600e0b1800034
:106b8800e10f50000a003a00817c8000a0aa2a0088
:106b9800808f500006003200a07c800061006000f9
:106ba8000000e0000200320093efa800c0003700a8
:106bb800f0808000808e880093efa90030002000cc
:106bc80090b588000000eb00b0b588000000eb002d
:106bd800c0b588003000200030b7880010002000c1
:106be800a0b48800b200370030b78000ef0f500023
:106bf8000b003a00a07c80000140200001006000ea
:106c08000000e000030032008000200030b7880058
:106c1800a70037003000200030b78800a4003700f4
:106c280030b78000e30f500009003a004250a80036
:106c38004310a900f07d8000108988000000eb0057
:106c4800008988000000eb0080b3880098003700b6
:106c580030b78000e50f500002003a0004ff07003b
:106c68009300370030b78000e70f500014003a0057
:106c78002099800001082000010060000000e00069
:106c88008b0032000000eb0020898800b0b6a80015
:106c98000000eb00907c880024f3a900d042a900f2
:106ca8000000eb00c0ae88000000eb00b0ae88002a
:106cb800d022a9000000eb0030b788007c00370024
:106cc80030b78000e80f50002f003a004250a8006b
:106cd8004310a900f07d8000108988000000eb00b7
:106ce800008988000000eb0080b38800d17c800018
:106cf80000f421000101500081848000400620003a
:106d0800010050000090b90042062000110009005f
:106d18000280d8006101b8000088800011888000d6
:106d28000200400083804800408388005183880027
:106d380040838000518380004609dd004a00de0060
:106d480000007100ca08de0060838800928380001a
:106d5800a3838000908480006a00b90001002000ad
:106d6800800f5100818f59005100360030002000fb
:106d780030b78800208280003182800040838800fc
:106d8800518388004a00370030b78000ea0f50006e
:106d980017003a00e982a800d0b580000000e8009a
:106da800d0b58800d1b58000800c2000808f5000bd
:106db8003f00360012f1070070032000a0b58800dc
:106dc800b0828000c182800040838800518388009f
:106dd8006000b80090838800a183880050002000dc
:106de80090b58800b000200030b788003000370028
:106df80030b78000eb0f500003003a00c0002000bd
:106e080030b788002a00370030b78000f10f5000f3
:106e180023003a00e982a800d0b580000000e8000d
:106e2800d0b58800d0b58000f40f5000200036009f
:106e3800f3f0070070032000a0b58800c08380002d
:106e4800d18380004083880051838800928380002a
:106e5800a3838000a082800001002000800f5100e1
:106e6800818f59000400390090838000a18380003d
:106e7800e083880002003700a0828000e083880059
:106e88006000b80090838800a1838800500020002b
:106e980090b588002001200030b788000400370032
:106ea80030b78000ed0f500001003a0070fe070077
:106eb800f0ae8000680060000000e00005003a00c5
:106ec80040b780000000e00002003a0010002000f7
:106ed80040b78800f0ae8000680060000000e00065
:106ee8001000320040b78000e10f50000d003a005a
:106ef8002000200040b788004000200090b588009e
:106f08004000200030b78800b036a900a17c80007e
:106f180000002400008060000000e0000100320052
:106f2800b0b6a800f0ae8000680060000000e00085
:106f380005003a0040b78000e20f500002003a0016
:106f48000000eb0040b78800f0ae800068006000e9
:106f58000000e00013003200a07c80000104200043
:106f6800010060000000e0000e00320030b7800031
:106f7800e30f50000b003e004000200090b5880051
:106f88004000200030b78800b036a900a17c8000fe
:106f980000002400008060000000e00001003200d2
:106fa800b0b6a800f0ae8000620060000000e0000b
:106fb8001700320030b78000e40f500014003a0088
:106fc800a08280000000e000110032000000eb0009
:106fd800c0b888006000b80090838800a18388004a
:106fe800c003200090b588000000eb00d0b58800f1
:106ff8000000eb00a0b58800a000200030b7880092
:10700800e9c2a9000000eb00a0ae88002a00370002
:10701800f0ae8000620060000000e0001300320063
:1070280030b78000e10f50001000360030b7800004
:10703800e30f50000d003e00a08280000000e00039
:107048000a0032001001200030b78800e9c2a90008
:107058000000eb00a0ae88004083800051838000d0
:10706800c0838800d183880013003700f0ae800009
:10707800620060000000e0000f003200a082800083
:107088000000e0000c003a0030b78000e10f50002b
:107098000900360030b78000e40f500006003e00bb
:1070a800a0fd07005000200030b78800e9c2a90001
:1070b8000000eb00a0ae8800907c80000000e0009b
:1070c8001c00320097fd07007ffd0700e9c2a900f8
:1070d8000000eb00a0ae8800d042a80010002000fd
:1070e800b0ae8800b0b6a800b096a900912e2000d6
:1070f8009140780000c8b30000c060000004e000c0
:1071080002003a0010002000c0ae880047000700c7
:107118000000eb00508288006c000700100020007f
:10712800208988000000eb0090b5880070002000de
:1071380030b7880010828000610060000000e00025
:1071480005003200f0ae8000620060000000e00040
:1071580001003a0097fd070081fd070030b7800065
:10716800e40f50001b003a00f0ae80006800600099
:107178000000e00015003a00a07c80000104200017
:10718800010060000000e00010003200b07c8000c8
:1071980001002800010060000000e0000b00320040
:1071a80020b780000000e80020b7880021b78000e1
:1071b800401f2000808f500006003600920fa80064
:1071c8000000eb0020b78800020037000000eb0049
:1071d80020b7880090b580000000e000030032006e
:1071e80090b58000e10f50000e003a00f0ae80002c
:1071f800700060000000e00005003a00209980005f
:1072080001102000010060000000e00003003200cf
:10721800a0aa2a00807c8800020037000000eb004a
:10722800807c88000080fa00000006000400fa0054
:10723800d1808000907c8000808f50002100320037
:107248009002800010079800ff3ffc0021042000f6
:107258009140780000ceb30000c0700042e0b70053
:107268001e00900090028800c0c32f00707c880028
:10727800717c8000f0072000120020003e0f0700fc
:10728800727c8000f10720001300200020f9200004
:107298005d0f0700907c8000d080880090028000fd
:1072a800000f7800ff3ffc0042c0bf007f40600035
:1072b80001c6b3000140700042e0b7001e0078002c
:1072c800900288000080fa00000006000400fa001e
:1072d800e180800050828000808f500021003200c1
:1072e8009002800010079800ff3ffc002104200056
:1072f8009140780000ceb30000c0700042e0b700b3
:107308001e00900090028800e0c32f00707c880067
:10731800717c8000f007200012002000160f070083
:10732800727c8000f107200013002000a0042100d7
:10733800350f070050828000e080880090028000ae
:10734800000f7800ff3ffc0042c0bf007f40600094
:1073580001c6b3000140700042e0b7001e0078008b
:10736800900288000080fa00000006000000fa0081
:1073780080b880000000e00006003a00d4c2bf00d8
:107388000044b2000004e00002003a0010002000af
:1073980080b8880080b88000e10f500008003a00eb
:1073a800d4c2bf000044b2000004e0000400320070
:1073b8002000200080b888005008800000b48800b1
:1073c80080b88000e20f500006003a00d5c2bf0026
:1073d800684060000004e00002003a00300020002d
:1073e80080b8880080b88000e30f50001a003a0087
:1073f800d5c2bf00684060000004e00016003200fb
:1074080050088000f0b38800f1b3800000b4800019
:10741800808f500005003600f0b3800001b4800072
:1074280001005000f0b188000900370000b4800066
:10743800800078000080eb0001005000f0b1880067
:10744800f1b18000f0b3800000804000f0b1880006
:107458004000200080b8880080b88000e40f500009
:107468001b003a0051858000f0b18000808f5000e9
:107478001100310041858000f0b18000808f5000fc
:107488000d00360010b480000000e80010b4880039
:1074980010b48000e30f5000040036000000eb0039
:1074a800e0b188000000eb0010b488000000eb0099
:1074b80080b88800060037000000eb0010b4880090
:1074c80010002000e0b188000000eb0080b88800c0
:1074d8000080fa00000006000000fa001082800018
:1074e800620060000000e0001a003200600a8000bc
:1074f800a0b38800a1b38000b0b38000808f500093
:1075080005003600a0b38000b1b380000100500030
:1075180090b3880009003700b0b38000800078007d
:107528000080eb000100500090b3880091b3800008
:10753800a0b380000080400090b38800a0b3800012
:10754800b0b388000000eb0040b288004230a900c8
:107558000300370040b280000000e80040b2880015
:1075680091b3800000e82300808f50000a003600a5
:1075780091b38000f05e2500808f500006003e0029
:107588000000eb0020b2880030b280000000e80064
:1075980030b288000500370020b280000000e80003
:1075a80020b288000000eb0030b2880030b28000c2
:1075b800e30f5000010036004330a80020b28000dd
:1075c800e30f5000010036004330a90090b380005b
:1075d8000000e0001000320091b3800000e82300b2
:1075e800808f50000c00360091b38000701a26007e
:1075f800808f500008003e0092b380000068290088
:1076080081092000811f7800110009004288d800f4
:10761800cf007800b081880090b38000620020001d
:10762800110009000280d80000b2880001b2800071
:10763800c0a82000808f50000b00360001b28000e7
:1076480070d42000808f500007003e00a07c80008e
:10765800620060000000e0000300320000b2800019
:1076680070b888000a003700a07c80000100210063
:10767800010060000000e00003003a0050d0200044
:1076880070b888000200370090ad200070b88800fc
:107698000080fa00000006000000fa0030b7800001
:1076a800e30f50002b003a00b07c8000010021005d
:1076b800010060000000e000260032002181800007
:1076c800208180000100b800308988004189880045
:1076d800f0898000018a8000e00f5000e08f580098
:1076e8000e003500f0898000018a80000001be008c
:1076f8003089800041898000020140008381480070
:107708005089800061898000000051008180590003
:10771800f0898800018a8800030037006000b800fb
:10772800f0898800018a8800f0898000018a800039
:107738007289800083898000820f5000838f5800ef
:1077480004003400922fa8006000b800f089880077
:10775800018a880030b78000e40f50002b003a00ff
:10776800b07c800001002200010060000000e00001
:107778002600320021818000208180000100b800ad
:107788003089880041898800108a8000218a800019
:10779800e00f5000e08f58000e003500108a80007e
:1077a800218a80000001be00308980004189800064
:1077b800020140008381480050898000618980006f
:1077c8000000510081805900108a8800218a8800b1
:1077d800030037006000b800108a8800218a8800fa
:1077e800108a8000218a800092898000a389800005
:1077f800820f5000838f580004003400922fa80095
:107808006000b800108a8800218a88000080fa0089
:10781800000006000000fa0090b580000000e000bb
:107828002a003a0080b380000000e00027003a00f8
:1078380070b380000000e80070b3880070b3800067
:10784800ea0f5000210036000000eb0070b38800fa
:10785800008980000000e0000a003a0010898000da
:107868000000e00007003a001000200080b3880004
:107878000000eb00008988000000eb0010898800f8
:1078880012003700008980000000e00009003a007b
:10789800108980000000e00006003200b0032000dc
:1078a80000898800108980000000e900108988009c
:1078b80006003700008980000000e0000300320065
:1078c800008980000000e900008988000080fa0033
:1078d800000006000000fa00f1808000608480004b
:1078e800808f50000400390050b280000000e8008a
:1078f80050b28800020037000000eb0050b2880048
:107908000181800060848000808f5000040039006d
:1079180060b280000000e80060b288000200370012
:107928000000eb0060b28800118180006084800054
:10793800808f50000400390070b280000000e80019
:1079480070b28800020037000000eb0070b28800b7
:10795800b187800050b28000808f50000800390045
:10796800b187800060b28000808f50000400390029
:10797800b187800070b28000808f5000070031000e
:10798800936fa8000000eb0050b288000000eb00e5
:1079980060b288000000eb0070b288000080fa0036
:1079a800000006000000fa00f1808000708480006a
:1079b800808f500004003e0080b280000000e80084
:1079c80080b28800020037000000eb0080b2880017
:1079d8000181800070848000808f500004003e0088
:1079e80090b280000000e80090b2880002003700e2
:1079f8000000eb0090b28800118180007084800044
:107a0800808f500004003e00a0b280000000e80013
:107a1800a0b28800020037000000eb00a0b2880086
:107a2800c187800080b28000808f50000800390034
:107a3800c187800090b28000808f50000400390018
:107a4800c1878000a0b28000808f500007003100fd
:107a5800938fa8000000eb0080b288000000eb00c4
:107a680090b288000000eb00a0b28800a0b48000ab
:107a7800ea0f500001003600934fa8000080fa007a
:107a8800000006000000fa00518180003087800065
:107a9800808f50000900390030b380000000e800f2
:107aa80030b388004187800030b38000808f500059
:107ab8000400310093afa800020037000000eb007b
:107ac80030b388000080fa00000006000000fa00c9
:107ad80021818000c0888000808f50000900390013
:107ae800b0b280000000e800b0b288008187800052
:107af800b0b28000808f500004003100926fa8005f
:107b0800020037000000eb00b0b28800418180001d
:107b1800c0888000808f500009003900c0b2800002
:107b28000000e800c0b2880081878000c0b28000f1
:107b3800808f50000400310092afa8000200370087
:107b48000000eb00c0b288000080fa0000000600c8
:107b58000000fa0021818000d0878000808f5000cb
:107b680009003e00e0b280000000e800e0b28800b2
:107b7800e1878000e0b28000808f5000040031006f
:107b8800930fa800020037000000eb00e0b2880065
:107b980041818000d0878000808f500009003e001e
:107ba800f0b280000000e800f0b28800e1878000b1
:107bb800f0b28000808f500004003100930fa800bd
:107bc800020037000000eb00f0b288000080fa00e5
:107bd800000006000000fa0061818000f088800043
:107be800808f500009003600d0b280000000e80005
:107bf800d0b2880091878000d0b28000808f50007a
:107c080004003100928fa800020037000000eb004a
:107c1800d0b288000080fa00000006001400fa00c4
:107c280021818000308180000080500080818800a0
:107c38003181800040818000008050009081880060
:107c4800418180002081800000805000a081880050
:107c5800808180000000e00003003d0080818000fa
:107c68000000ea0080818800908180000000e00028
:107c780003003d00908180000000ea0090818800a8
:107c8800a08180000000e00003003d00a08180008a
:107c98000000ea00a0818800818180009081800036
:107ca800808f500002003d00908180008081880014
:107cb80081818000a0818000808f500002003d00fb
:107cc800a08180008081880021818000308180002f
:107cd800808040004081800000804000010020003a
:107ce80010079800210798001e009000ae00900031
:107cf80032002000811f7800110009004288d80056
:107d0800cf0078003007980080818000cf80de00a7
:107d180090e10700000f9800110f98003e009000b6
:107d2800cf80de008be1070060079800710798009c
:107d38003e0090000000e00007003d000200200027
:107d4800037824006e009000fe00900089e207008e
:107d580060079800710798006e019000fe0190007e
:107d68000e0890009e089000fbe10700400798006d
:107d78005107980002002000832c24004e00900038
:107d8800de00900036e20700d7e20700000f780017
:107d9800e08880009e0f500012003e00d28c8000c8
:107da800e38c8000a000200001002000800f51001b
:107db800818f59000b00340040b380000000e800b8
:107dc80040b38800a187800040b38000808f5000b6
:107dd8000100310092cfa8000000eb0050b38800ea
:107de8000500370050b380000000e80050b3880059
:107df8000000eb0040b388000080fa000000060095
:107e08000000fa00f0808000f30f50000a003e00e6
:107e180010b280000000e80010b2880010b28000a4
:107e2800ea0f500006003600934fa8000000eb0050
:107e380010b28800020037000000eb0010b2880082
:107e48000080fa00000006000000fa00c0b48000bc
:107e58000000e800c0b48800d0b480000000e8004a
:107e6800d0b48800e0b480000000e800e0b48800e6
:107e7800c1b4800020032000808f500008003e001d
:107e8800d1b4800020032000808f500004003e0001
:107e9800e1b4800020032000808f500001003600ec
:107ea800924fa80090b58000e40f500006003a00f9
:107eb8000000eb00c0b488000000eb00d0b48800dc
:107ec8000000eb00e0b488000080fa000000060023
:107ed8000000fa00f0808000e90f50000a003e0020
:107ee80060b380000000e80060b3880060b38000e1
:107ef800ea0f500007003600b076a8000000eb003b
:107f080080b78800030037000000eb0060b38800ea
:107f1800b076a9000080fa00000006000000fa0010
:107f280030b78000e20f500009003a00b07c8000b2
:107f3800700060000000e00005003200817c8000d5
:107f4800a0aa2a00808f500001003200beff07005f
:107f580030b78000e10f50000d00360030b78000c8
:107f6800e30f50000a003e00b07c800001022000b0
:107f7800010060000000e00005003200817c800004
:107f8800a0aa2a00808f5000010032009cff070041
:107f980030b78000e20f50000300320030b7800095
:107fa800e30f500005003a00b07c800062006000da
:107fb8000000e000010032007afe070030b78000c0
:107fc800e30f500015003a00b07c800061006000ab
:107fd8000000e000010032003efe0700b07c800097
:107fe800640060000000e00001003200b7fe0700f6
:107ff800b07c800001042000010060000000e00067
:10800800010032009ffe0700c07c80006200600013
:108018000000e00001003200eefe070030b78000eb
:10802800e40f50001d003a00b07c800001082000d9
:10803800010060000000e0000100320025fe07009a
:10804800b07c800001102000010060000000e0000a
:108058000100320053fe0700b07c800001202000a0
:10806800010060000000e0000100320097fe0700f8
:10807800b07c800001802000010060000000e0006a
:10808800010032007ffe0700c07c800064006000b1
:108098000000e00001003200adfe07000080fa0099
:1080a80000000600809fbe003400f8000000200099
:1080b800a00188000000fa00ead6bf00e14f500096
:1080c80014003a00ebd6bf000040e800ebf6b7001a
:1080d800ebd6bf00ee4f50000e0036000040eb001c
:1080e800ebf6b7000040eb00eaf6b7000000eb0043
:1080f800e0ae880087a0a900e11420009140780034
:1081080080cfb30000c060003040b3004ee1b7003c
:108118008fa0a800f616a800c0b780000000e800ed
:10812800c0b78800d0b780000000e800d0b788004a
:10813800e0b780000000e800e0b78800f0b78000f2
:108148000000e800f0b78800c0b78000e90f5000d1
:1081580003003600f656a8000000eb00c0b7880000
:10816800d0b78000e40f500003003600f636a800b0
:108178000000eb00d0b78800e0b78000ee0f500099
:1081880003003600f676a8000000eb00e0b7880090
:10819800f1b7800030062000808f500003003600c1
:1081a800f6d6a8000000eb00f0b7880092d2bf0016
:1081b8000004e0000a003200b09880000000e800e7
:1081c800b0988800b0988000ea0f5000040036008c
:1081d80010c0b30015f3b7000000eb00b09888009a
:1081e8008460a9000080fa003400f9004f00be0046
:1081f800004006000000fa0090838000a183800000
:1082080061004000e080480090838800a1838800d6
:1082180092838000a3838000400620000100200094
:10822800800f5100818f59000c00360010828000a9
:10823800610060000000e00008003a0090838000c0
:10824800a183800042062000811f780011000900e8
:108258004288d800cf007800508288006082800071
:108268000000e000a3003a0010828000010820000e
:10827800010060000000e00061003a00f083800027
:108288008000780080888000808f500017003600ba
:108298001184800020848000808f50000a00340000
:1082a8004283800053838000708380000000d100e7
:1082b800010020000000510081805900408388009f
:1082c8005183880011003700428380005383800067
:1082d8007083800001002000000051008180590057
:1082e800408388005183880008003700428380005b
:1082f800538380007083800001002000000051003b
:10830800818059004083880051838800318480002f
:1083180040848000808f5000100034004283800029
:10832800538380007083800001002000000051000a
:1083380081805900408388005183880042838000ef
:1083480053838000708380000100200000005100ea
:1083580081805900408388005183880040838000d1
:10836800518380000288800013888000820f5000ab
:10837800838f580004003100008880001188800035
:108388004083880051838800108280000104200007
:10839800010060000000e00009003a0050848000fd
:1083a8006a00400050848800508480008000780073
:1083b800b0848000808f500001003600930fa80021
:1083c80092838000a3838000408280000100200007
:1083d800800f5100818f590001003600932fa800ab
:1083e80040838000518380004609dd004a00de009a
:1083f80000007100ca08de0060838800720137003f
:1084080000b880000000e80000b8880000b88000cc
:10841800f30f50000b003600e11420009140780063
:1084280080cfb30000c060003040b3004ee1b70019
:1084380087a0a8000000eb00a0b488000000eb00b3
:1084480000b88800428380005383800070838000d6
:1084580001002000000051008180590040838800fd
:108468005183880042838000538380000088800005
:1084780011888000800f5100818f5900150031004c
:10848800008880001188800040838800518388001c
:10849800808280000000e80080828800818280005d
:1084a800800c2000808f500005003600108280006c
:1084b800640060000000e000010032004210a800e3
:1084c8008182800080252000808f500001003600c6
:1084d800932fa80040838000518380004609dd0067
:1084e8004a00de0000007100ca08de0060838800d0
:1084f8003501370060828000e10f500071003a00ba
:108508002181800070828000808f50002a00310015
:108518002181800090888000808f50000b003100fe
:10852800428380005383800071838000e084800050
:108538000088b90001002000000051008180590026
:1085480040838800518388002c00370021818000f7
:10855800a0888000808f50000b003100428380008b
:108568005383800071838000f08480000088b90004
:1085780001002000000051008180590040838800dc
:10858800518388001d003700448380005583800094
:108598007083800002858000110009000280d800e5
:1085a800010020000000520081805a0040838800aa
:1085b8005183880011003700108580000000e0001a
:1085c80003003a0040002000108588000b003700a7
:1085d800448380005583800070838000128580006a
:1085e800110009000280d80001002000000052009c
:1085f80081805a004083880051838800408380002e
:10860800518380000288800013888000820f500008
:10861800838f580004003100008880001188800092
:108628004083880051838800108280000104200064
:10863800010060000000e00009003a00508480005a
:108648006a004000508488005084800080007800d0
:10865800b0848000808f500001003600930fa8007e
:1086680092838000a3838000408280000100200064
:10867800800f5100818f590001003600932fa80008
:108688005182800090828000808f50000500360063
:1086980010828000640060000000e00001003200e9
:1086a8004210a80040838000518380004609dd0005
:1086b8004a00de0000007100ca08de0060838800fe
:1086c800c100370060828000e20f500020003a00ad
:1086d8004283800053838000708380000100200063
:1086e8000000510081805900408388005183880030
:1086f80042838000538380000088800011888000b6
:10870800800f5100818f59000400310000888000db
:10871800118880004083880051838800518280003e
:10872800e07c8000808f5000010036004210a800d5
:1087380040838000518380004609dd004a00de0046
:1087480000007100ca08de00608388009e003700c0
:1087580060828000e30f500080003a00c0b88000bb
:108768000000e00005003a0010002000c0b88800b2
:108778006000b80090838800a1838800c0b880009a
:10878800e10f500011003a004283800053838000bb
:10879800a08680000100200000005100818059005f
:1087a800408388005183880092838000a3838000df
:1087b8003086800001002000800f5100818f590011
:1087c8000200390020002000c0b88800c0b880002e
:1087d800e20f500013003a00428380005383800068
:1087e800b0868000010020000000510081805900ff
:1087f800408388005183880092838000a38380008f
:108808003186800040868000008040000100200002
:10881800800f5100818f590002003900300020007c
:10882800c0b88800c0b88000e30f500015003a00b7
:108838004283800053838000c086800001002000ae
:1088480000005100818059004083880051838800ce
:1088580092838000a3838000318680004086800058
:108868008080400050868000008040000100200089
:10887800800f5100818f590002003900400020000c
:10888800c0b88800c0b88000e40f500017003a0054
:108898004283800053838000d0868000010020003e
:1088a800000051008180590040838800518388006e
:1088b80092838000a38380003186800040868000f8
:1088c8008080400050868000808040006086800064
:1088d8000080400001002000800f5100818f590066
:1088e80002003900a0002000c0b88800c0b880008d
:1088f800ea0f500006003a00a07c80000108200022
:10890800010060000000e000010032004210a800f1
:108918004083800051838000028880001388800093
:10892800820f5000838f58000400310000888000b7
:10893800118880004083880051838800408380002c
:10894800518380004609dd004a00de000000710006
:10895800ca08de00608388001b0037006082800040
:10896800e40f500017003a00208380003183800014
:1089780040838800518388004283800053838000ad
:108988000088800011888000800f5100818f590075
:10899800040031000088800011888000408388002e
:1089a8005183880040838000518380004609dd00a0
:1089b8004a00de0000007100ca08de0060838800fb
:1089c800010037000000000061838000d08e800025
:1089d800808f500002003100d08e800060838800b4
:1089e8000080fa00000006000000fa009083800072
:1089f800a183800061004000e080480090838800e7
:108a0800a183880092838000a38380004006200011
:108a180001002000800f5100818f590008003600a6
:108a280090838000a183800042062000811f780087
:108a3800110009004288d800cf00780050828800d1
:108a480092838000a3838000500020000100200052
:108a5800800f5100818f590008003600e9e2a90013
:108a6800d022a800a07c8000010024000100600042
:108a78000000e00001003200b096a8009283800058
:108a8800a3838000c012200001002000800f510045
:108a9800818f590016003600d022a900a07c8000e2
:108aa80001002400010060000000e0000100320025
:108ab800b096a900f0ae8000680060000000e000f9
:108ac8000b003200a07c800001042000010060003f
:108ad8000000e00006003200b07c800001002800a1
:108ae800010060000000e00001003200920fa800c1
:108af8004283800053838000f082800001002000c0
:108b08000200400083804800408388005183880029
:108b180040838000518380004609dd004a00de0062
:108b280000007100ca08de00608388004250a80077
:108b38004310a8005000200090b588009283800060
:108b4800a3838000a082800001002000800f5100d4
:108b5800818f5900040036000000eb00a0b58800a2
:108b6800d000200030b788000080fa00000006001e
:108b78000000fa0090838000a1838000610040001b
:108b8800e080480090838800a18388009283800059
:108b9800a38380004006200001002000800f5100c0
:108ba800818f59000800360090838000a1838000df
:108bb80042062000811f7800110009004288d80071
:108bc800cf00780050828800428380005383800061
:108bd800f0828000010020000200400083804800ed
:108be800408388005183880042838000538380003b
:108bf8002082800031828000800f5100818f5900cf
:108c08000400360020828000318280004083880082
:108c18005183880040838000518380004609dd002d
:108c28004a00de0000007100ca08de006083880088
:108c38004250a8004310a8005000200090b58800ba
:108c480092838000a3838000e083800001002000dd
:108c5800800f5100818f5900040036000000eb009e
:108c6800a0b58800d000200030b788000080fa0046
:108c7800000006000000fa00a07c80006800600088
:108c88000000e00028003a00d4c2bf0001c8b300c9
:108c9800014060000004e0000d003a000000eb0015
:108ca80010af880000af80000000e80000af880027
:108cb80000af8000ea0f5000070036000000eb000c
:108cc80000af8800de15a800de35a90002003700d5
:108cd8000000eb0000af8800e0c2bf006140600008
:108ce8000004e0000d003a000000eb0050af8800df
:108cf80040af80000000e80040af880040af80002f
:108d0800ea0f5000550036000000eb0040af880025
:108d1800de35a800de15a900500037000000eb0082
:108d280040af88004d003700d4c2bf0001c8b3006f
:108d3800014060000004e0000e003a0030b78000f7
:108d4800e10f50000b003a0020af80000000e8005f
:108d580020af880020af8000e50f500007003600e4
:108d68000000eb0020af8800de15a800de35a90062
:108d7800020037000000eb0020af8800d4c2bf001b
:108d880001c8b300014060000004e0001300320095
:108d980030b78000e20f50001000360030b7800076
:108da800ea0f50000d003e0060af80000000e800b0
:108db80060af880060af8000e50f50000900360002
:108dc8000000eb0060af8800de35a800de15a900c2
:108dd8000000eb0040b88800020037000000eb00fc
:108de80060af8800f0ae8000610060000000e00025
:108df8000b0032000000eb0020af880030af80008d
:108e08000000e80030af880030af8000e50f500068
:108e1800030036000000eb0030af8800de15a90023
:108e2800f0ae8000620060000000e0000b0032003d
:108e38000000eb0060af880070af80000000e80021
:108e480070af880070af8000e50f50000300360057
:108e58000000eb0070af8800de35a900f0ae80009e
:108e6800610060000000e0000b0032000000eb0031
:108e780000af880010af80000000e80010af880045
:108e880010af8000e50f5000030036000000eb0033
:108e980010af8800de15a900f0ae80006200600007
:108ea8000000e0000b0032000000eb0040af88003b
:108eb80050af80000000e80050af880050af80003d
:108ec800ea0f5000030036000000eb0050af8800a6
:108ed800de35a900e0c2bf00624060000004e00087
:108ee8000c003a000000eb0090af880080af8000d3
:108ef8000000e80080af880080af8000e50f5000d8
:108f08000f0036006000200080af8800de55a80002
:108f18000b0037000000eb0080af880090af8000a6
:108f28000000e80090af880090af8000e50f500087
:108f3800030036006000200090af8800de55a900cd
:108f4800e6c2bf00624060000004e0000c003a0086
:108f58000000eb00b0af8800a0af80000000e80080
:108f6800a0af8800a0af8000ea0f50000f003600c5
:108f7800b0002000a0af8800de75a8000b00370005
:108f88000000eb00a0af8800b0af80000000e80050
:108f9800b0af8800b0af8000ea0f50000300360081
:108fa800b0002000b0af8800de75a900e6c2bf009f
:108fb800614060000004e0000c003a000000eb0093
:108fc800d0af8800c0af80000000e800c0af8800c4
:108fd800c0af8000e50f50000f0036006000200091
:108fe800c0af8800de95a8000b0037000000eb003a
:108ff800c0af8800d0af80000000e800d0af880084
:10900800d0af8000e50f500003003600600020005c
:10901800d0af8800de95a900cfc2bf000042b200e1
:109028000004e00011003a00a07c800001802000cc
:10903800010060000000e0000c0032000000eb00be
:10904800f0af8800e0af80000000e800e0af8800e3
:10905800e0af8000e50f50001800360060002000e7
:10906800e0af880024f3a80014003700cfc2bf0087
:109078000042b2000004e00010003200a07c800032
:1090880001802000010060000000e0000b003200b9
:109098000000eb00e0af8800f0af80000000e800bf
:1090a800f0af8800f0af8000e50f500003003600f5
:1090b80060002000f0af880024f3a900cfc2bf00f1
:1090c8000044b2000004e0000c003a000000eb008d
:1090d80010b0880000b080000000e80000b08800f0
:1090e80000b08000e50f50000f003600600020003f
:1090f80000b08800ded5a8000b0037000000eb00a8
:1091080000b0880010b080000000e80010b08800af
:1091180010b08000e50f500003003600600020000a
:1091280010b08800ded5a900c8c2bf006440600046
:109138000004e0000c003a000000eb0030b08800aa
:1091480020b080000000e80020b0880020b0800037
:10915800e20f50000f0036003000200020b08800d9
:10916800def5a8000b0037000000eb0020b08800f7
:1091780030b080000000e80030b0880030b08000d7
:10918800e20f5000030036003000200030b08800a5
:10919800def5a900f0ae8000620060000000e0008b
:1091a80001003200de15a900208880000000e000e0
:1091b80008003a00a0ae800061406000c700dd00f2
:1091c800e8c2bf000074a10001407000e8e2b700e7
:1091d8004800370020888000e10f50000a003a005c
:1091e800e9c2bf000080fb004400de00614060006f
:1091f800c700dd00e8c2bf000074a1000140700094
:10920800e8e2b7003b00370020888000e20f5000fa
:1092180009003a00f0ae80004300de0061406000c3
:10922800c700dd00e8c2bf000074a1000140700063
:10923800e8e2b7002f00370020888000e30f5000d5
:109248000a003a00d0c2bf000080fb004200de00e6
:1092580061406000c700dd00e8c2bf000074a100e3
:1092680001407000e8e2b700220037002088800043
:10927800e40f500008003a00c0ae80006140600072
:10928800c700dd00e8c2bf000074a1000140700003
:10929800e8e2b7001700370020888000e50f50008b
:1092a80009003a0080b580004400de00614060009b
:1092b800c700dd00e8c2bf000074a10001407000d3
:1092c800e8e2b7000b00370020888000e60f500066
:1092d80008003a0080b580004500de00614060006b
:1092e800c700dd00e8c2bf000074a10001407000a3
:1092f800e8e2b700308880000000e0000c003a0087
:10930800d0c2bf000080fb004200de006140600068
:1093180061416000912e200091407800e0cfb300b9
:1093280000c0600002407000e9e2b7005200370058
:1093380030888000e10f50000a003a00a0ae80009b
:109348006140600061416000912e200091407800ea
:10935800e0cfb30000c0600002407000e9e2b7004f
:109368004500370030888000e20f50000c003a00ba
:10937800e9c2bf000080fb004400de0061406000dd
:1093880061416000912e200091407800e0cfb30049
:1093980000c0600002407000e9e2b7003600370004
:1093a80030888000e30f50000b003a00f0ae8000d8
:1093b8004300de006140600061416000912e2000a2
:1093c80091407800e0cfb30000c060000240700018
:1093d800e9e2b7002800370030888000e40f500029
:1093e8000a003a00c0ae8000614060006141600040
:1093f800912e200091407800e0cfb30000c06000bb
:1094080002407000e9e2b7001b0037003088800096
:10941800e50f50000b003a0080b580004400de00e4
:109428006140600061416000912e20009140780009
:10943800e0cfb30000c0600002407000e9e2b7006e
:109448000d00370030888000e60f50000a003a000f
:1094580080b580004500de00614060006141600029
:10946800912e200091407800e0cfb30000c060004a
:1094780002407000e9e2b700408880000000e00088
:109488000b003a00c0ae800061406000614060009f
:1094980000414000912e200091407800d0cfb300c9
:1094a80000c0600002407000e9e2b7005a003700cf
:1094b80040888000e10f50000b003a00a0ae800009
:1094c800614060006140600000414000912e200032
:1094d80091407800d0cfb30000c060000240700017
:1094e800e9e2b7004c00370040888000e20f5000e6
:1094f8000d003a00e9c2bf000080fb004400de0016
:10950800614060006140600000414000912e2000f1
:1095180091407800d0cfb30000c0600002407000d6
:10952800e9e2b7003c00370040888000e30f5000b4
:109538000c003a00f0ae80004300de00614060009d
:109548006140600000414000912e20009140780069
:10955800d0cfb30000c0600002407000e9e2b7005d
:109568002d00370040888000e40f50000d003a00bd
:10957800d0c2bf000080fb004200de0061406000f6
:109588006140600000414000912e20009140780029
:10959800d0cfb30000c0600002407000e9e2b7001d
:1095a8001d00370040888000e50f50000c003a008d
:1095b80080b580004400de006140600061406000ca
:1095c80000414000912e200091407800d0cfb30098
:1095d80000c0600002407000e9e2b7000e003700ea
:1095e80040888000e60f50000b003a0080b58000ec
:1095f8004500de00614060006140600000414000bd
:10960800912e200091407800d0cfb30000c06000b8
:1096180002407000e9e2b700508880000000e000d6
:109628000c003a00f0ae80004300de0061406000ac
:10963800614060004601dd00812e200091407800e5
:10964800f0cbb30000c0600002407000e8e2b70051
:109658005900370050888000e10f50000b003a0095
:10966800a0ae800061406000614060004601dd00fe
:10967800812e200091407800f0cbb30000c060003c
:1096880002407000e8e2b7004b00370050888000c5
:10969800e20f50000d003a00e9c2bf000080fb0055
:1096a8004400de0061406000614060004601dd006a
:1096b800812e200091407800f0cbb30000c06000fc
:1096c80002407000e8e2b7003b0037005088800095
:1096d800e30f50000d003a00d0c2bf000080fb002d
:1096e8004200de0061406000614060004601dd002c
:1096f800812e200091407800f0cbb30000c06000bc
:1097080002407000e8e2b7002b0037005088800064
:10971800e40f50000b003a00c0ae800061406000ca
:10972800614060004601dd00812e200091407800f4
:10973800f0cbb30000c0600002407000e8e2b70060
:109748001d00370050888000e50f50000c003a00db
:1097580080b580004400de00614060006140600028
:109768004601dd00812e200091407800f0cbb30047
:1097780000c0600002407000e8e2b7000e00370049
:1097880050888000e60f50000b003a0080b580003a
:109798004500de0061406000614060004601dd0078
:1097a800812e200091407800f0cbb30000c060000b
:1097b80002407000e8e2b70080b5800070006000e9
:1097c8000000e0000900320040b080000000e8001e
:1097d80040b0880040b08000f40f5000030036000d
:1097e8000000eb0040b08800b096a90080b580006a
:1097f80001022000010060000000e00009003200c2
:1098080050b080000000e80050b0880050b08000e0
:10981800f40f5000030036000000eb0050b0880041
:10982800b0b6a9000080fa00000006000000fa00a7
:10983800889fbe008a9fbe00948a8000a58a800007
:10984800f08e80006101b8000400be00b2da0700a3
:10985800c0da0700eada07001edb0700708c880010
:10986800818c8800848b8000958b8000f08e80002e
:109878006101b8000400be00a7da0700b5da0700e6
:10988800dfda070013db0700908c8800a18c8800c2
:10989800a48b8000b58b8000f08e80006101b80039
:1098a8000400be009cda0700aada0700d4da070031
:1098b80008db0700b08c8800c18c8800b48a80005f
:1098c800c58a8000f08e80006101b8000400be00e7
:1098d80091da07009fda0700c9da0700fdda070006
:1098e800d08c8800e18c8800f48a8000058b800089
:1098f800f08e80006101b8000400be0086da07001f
:1099080094da0700beda0700f2da0700108d880043
:10991800218d8800d48a8000e58a8000f08e80003e
:109928006101b8000400be007bda070089da07008d
:10993800b3da0700e7da0700f08c8800018d8800a9
:10994800148b8000258b8000f08e80006101b800a8
:109958000400be0070da07007eda0700a8da070004
:10996800dcda0700308d8800418d8800d08c8000bb
:10997800e18c800000017800708c8000818c800070
:109988000280b900508d8800618d8800408b80006e
:10999800518b80006fda07000005be00f08e800052
:1099a8006104b800568d8000678d800088007800bb
:1099b80006007800000ab80007c0b9000501780061
:1099c8000001410009b0b90000014100820278009d
:1099d8000400be005fda07000001be000a00be00f6
:1099e800ddda0700908d8800a18d8800908d8000b9
:1099f800a18d800002002000832c240018db0700c2
:109a0800b4da0700108e88002181800080888000e9
:109a1800808f500008003e003181800080888000df
:109a2800808f500004003e004181800080888000c3
:109a3800808f500013003600b07c800001002400a5
:109a4800010060000000e0000e003200008e80007f
:109a58000000e00009003d0050b680000000e8006a
:109a680050b6880051b6800040062000808f500014
:109a780004003600930fa800020037000000eb0036
:109a880050b68800108e8000e10f50003e00340070
:109a980030b78000e30f50003b003a00108280008e
:109aa800610060000000e00037003a00508280004a
:109ab800e10f500002003a00108e8000f08d8800ff
:109ac800118e8000f08d8000808f500002003d00d4
:109ad800108e8000f08d8800118e8000e08d80004f
:109ae800808f500002003400108e8000e08d8800c6
:109af80021818000708e8000808f50001400360015
:109b080020818000708e8800f0808000908e880010
:109b1800818e8000908e800000805000a08e88008a
:109b2800a18e8000400620000008b800a08e8800a2
:109b3800828e8000a08e800001002000811f7800a6
:109b4800110009004288d800cf007800a08e880054
:109b580041818000708e8000808f500002003600a6
:109b680040818000708e880051828000608e800065
:109b7800808f50000200320050828000608e880082
:109b8800108e8000008e8800d08c8000e18c8000d0
:109b980080007800c08b80000100b80080b6880083
:109ba80091b6880080b6800091b68000d20420006b
:109bb800811f7800110009004288d800cf00780082
:109bc80020818800f08c8000018d80008000780062
:109bd800c08b80000100b80080b6880091b688006c
:109be80080b6800091b68000d2042000811f7800e2
:109bf800110009004288d800cf0078003081880021
:109c0800108d8000218d800080007800c08b80003e
:109c18000100b80080b6880091b6880080b6800040
:109c280091b68000d2042000811f7800110009003d
:109c38004288d800cf00780040818800308d8000ad
:109c4800418d800080007800f08b80000100b80012
:109c580080b6880091b6880080b6800091b68000f2
:109c6800d2042000811f7800110009004288d80022
:109c7800cf007800508188002081800060438800f0
:109c880030818000704388004081800080438800d4
:109c9800708c8000818c800080007800d08b8000e0
:109ca8000100b80080b6880091b6880080b68000b0
:109cb80091b68000c2302000811f78001100090091
:109cc8004288d800cf007800f0808800f0808000bb
:109cd80000818800f0808000108188000000eb007f
:109ce80070818800218f8000a01320000100b80037
:109cf80080b6880091b6880080b6800091b6800052
:109d080012702200811f7800110009004288d800d3
:109d1800cf007800608188004f05be004f04be0068
:109d28000080fa00000006000000fa0030b780004a
:109d3800e30f50004c013a0010828000011020000f
:109d4800010060000000e00047013a002181800026
:109d580080888000808f500008003e00318180009c
:109d680080888000808f500004003e004181800080
:109d780080888000808f50000100360042d0a80003
:109d880020818000f0838800f183800000848000b7
:109d9800008050001084880001848000f0838000d7
:109da8000080500030848800f083800000848800a0
:109db8002181800080888000808f50000e0036004e
:109dc80010828000680060000000e0000a003a008d
:109dd800408f80008000780070878000808f50005e
:109de80004003100408f80000000e800408f8800a8
:109df800010037004270a8001082800068006000ef
:109e08000000e0007f00320020818000618f800028
:109e1800810f50000300360020818000608f880089
:109e28007800370020818000618f8000810f50000a
:109e38007400310010828000680060000000e000bb
:109e480070003200f180800020032000808f5000d5
:109e58006c003600608f80000080d100a0b68800ba
:109e680021818000a0b68000808f50003100310031
:109e7800a07c800001022000010060000000e000da
:109e88002c003a0060b680000000e80060b6880048
:109e980060b68000e20f50005a00360090ad2000f6
:109ea800c0b6880042838000538380000088800009
:109eb80011888000800f5100818f59000b003600f7
:109ec800428380005383800071838000e084800097
:109ed8000008dd00010020000000510081805900c9
:109ee8004083880051838800040037000088800080
:109ef80011888000408388005183880030b6800034
:109f08000000e80030b688007186800030b6800016
:109f1800808f50003b003100b07c8000010024009d
:109f2800010060000000e00036003a004210a8007e
:109f3800340037002181800080888000808f5000a5
:109f480020003100a07c8000010220000100600098
:109f58000000e0001b003200f0808000f40f500089
:109f68001800360030b680000000e80030b68800df
:109f780030b68000e20f500006003600b07c80004a
:109f880001002400010060000000e00001003a0028
:109f98004210a800008e8000800078006085800054
:109fa800808f500017003900b07c80000100240029
:109fb800010060000000e000120032004210a8001a
:109fc80010003700008e80008000780060858000d7
:109fd800808f500007003900b07c80000100240009
:109fe800010060000000e000020032004210a800fa
:109ff800040037000000eb0030b688000000eb00da
:10a0080060b688004181800080888000808f500081
:10a018000f0036001082800001022000010060005d
:10a028000000e0000a003a00c08f8000800078003d
:10a0380070878000808f500004003100c08f80003e
:10a048000000e800c08f88000100370042b0a80077
:10a058001082800001022000010060000000e00082
:10a068008f00320040818000e18f8000810f500016
:10a078000300360040818000e08f880088003700a8
:10a0880040818000e18f8000810f50008400310002
:10a098001082800001022000010060000000e00042
:10a0a8007f0032001181800020032000808f500043
:10a0b8007b003600e08f80000080d100a0b68800c9
:10a0c80041818000a0b68000808f500031003100af
:10a0d800a07c800001022000010060000000e00078
:10a0e8002c003a0070b680000000e80070b68800c6
:10a0f80070b68000e20f50006900360090ad200075
:10a10800c0b68800428380005383800000888000a6
:10a1180011888000800f5100818f59000b00360094
:10a12800428380005383800071838000e084800034
:10a138000008dd0001002000000051008180590066
:10a14800408388005183880004003700008880001d
:10a1580011888000408388005183880040b68000c1
:10a168000000e80040b688007186800040b6800094
:10a17800808f50004a003100b07c8000010024002c
:10a18800010060000000e00045003a004210a8000d
:10a19800430037004181800080888000808f500014
:10a1a80020003100a07c8000010220000100600036
:10a1b8000000e0001b003200f0808000f40f500027
:10a1c8001800360040b680000000e80040b688005d
:10a1d80040b68000e20f500006003600b07c8000d8
:10a1e80001002400010060000000e00001003a00c6
:10a1f8004210a800008e80008000780060858000f2
:10a20800808f500026003900b07c800001002400b7
:10a21800010060000000e000210032004210a800a8
:10a228001f003700008e8000800078006085800065
:10a23800808f500007003900b07c800001002400a6
:10a24800010060000000e000020032004210a80097
:10a25800130037000000eb0040b688000000eb0058
:10a2680070b688000e0037000000eb00408f8800b1
:10a278000000eb00c08f88004270a90042b0a9001e
:10a288000000eb0060b688000000eb0070b68800a4
:10a298000000eb00608f88000000eb00e08f880072
:10a2a8000080fa00000006000000fa000080eb00c1
:10a2b80040158800a902a900a922a900a942a9005d
:10a2c800a962a900a982a900a9a2a900a9c2a900f6
:10a2d800a9e2a9000000eb0010158800a3c2bf0086
:10a2e8007f40600001c6b30001407000a3e2b700e0
:10a2f800a342a800212a20009140780030ccb30066
:10a3080000c06000c041b300a2e2b700a222a900c9
:10a31800a202a9000000eb0020158800512a2000a5
:10a328009140780000ceb30000c06000b040b30098
:10a33800a5e2b700a4e2a900412a200091407800d4
:10a3480000ccb30000c06000f041b300a4e2b70045
:10a358000000eb0030158800612a20009140780049
:10a3680000cfb30000c060000034a000a6e2b70030
:10a37800a682a9000000eb0050158800ab02a800d7
:10a38800ab22a800ab42a800ab62a800ab82a80031
:10a39800aba2a800abc2a800abe2a8000000eb008b
:10a3a80000158800112a200091407800c0cfb30022
:10a3b80000c060000004a000a1e2b700012a20004c
:10a3c8009140780000ceb30000c07000a0e2b70052
:10a3d800a042a800a1e2a8009109200091407800bd
:10a3e800f0c8b30000c0600001c5b30001407000b0
:10a3f80099e0b7008560a9008d60a8000000eb0017
:10a40800408a88000080fa00000006003600f80044
:10a41800809fbe00829fbe003400f800000020002c
:10a42800a00188004e00fa0040012000000f7800cb
:10a43800418a8000e08e8000808f50000e003e0030
:10a44800408a80000000e800408a880040148000ac
:10a458000000e000080032009e00780040148000f0
:10a46800808f50000400360040148000000f7800f0
:10a478001e007800b08e880000148000408c880090
:10a4880010148000508c8800408c80008000ea0006
:10a49800508c800000805000608c88003014800050
:10a4a800308c880040148000008c8800008c80006c
:10a4b8000000e00005003400008c8000b18e8000b0
:10a4c80001005000008c880004003700008c8000d8
:10a4d800b18e800001005000008c8800601480005c
:10a4e800208c8800208c80000000e00005003400eb
:10a4f800208c8000b18e800001005000208c8800e4
:10a5080004003700208c8000b18e800001005000cc
:10a51800208c8800008c80008000ea00208c80005d
:10a5280000805000108c880070148000308b8800e8
:10a53800318b80000080200000804000308b880034
:10a54800028f8000138f8000308b8000cf80de0068
:10a558000200400083804800008f8800118f880027
:10a56800518a8000f08e800080805000e08e80004c
:10a5780000804000e28e8000110009000280d800af
:10a588008000fd0060279800e18e80006e2090001a
:10a598000080400064005000e28e80001100090035
:10a5a8000280d8008000fd0050279800518a800062
:10a5b800e08e80000080400064005000e28e800041
:10a5c800110009000280d8008000fd004027980093
:10a5d800518a8000e08e8000008040000000e90081
:10a5e800e28e8000110009000280d8008000fd0082
:10a5f80020279800508a8000428c8000800040000c
:10a60800208720000080400002087800508a8000df
:10a618008000400020872000008040001001780062
:10a62800508a800080004000208720000080400081
:10a63800100078000280b900701f98000127980068
:10a648006e2090008000400020872000008040009d
:10a65800100178006e2090008000400020872000c4
:10a6680000804000100078000280b900501f980058
:10a67800611f9800928a8000a38a80007e1890004b
:10a688008e20900002014000838148005e189000ef
:10a69800ee1890000000510081805900908a8800cf
:10a6a800a18a8800508a8000528c80008000400077
:10a6b800c09320000080400002087800508a800083
:10a6c80080004000c0932000008040001001780006
:10a6d800508a800080004000c09320000080400025
:10a6e800100078000280b900301f9800411f9800c0
:10a6f8006e20900080004000c09320000080400041
:10a70800100178006e20900080004000c093200067
:10a7180000804000100078000280b900101f9800e7
:10a72800211f9800828b8000938b80003e18900038
:10a73800ce18900002014000838148001e18900046
:10a74800ae1890000000510081805900808b88006d
:10a75800918b8800508a8000628c800080004000c5
:10a7680060a020000080400002087800508a800025
:10a778008000400060a020000080400010017800a8
:10a78800508a80008000400060a0200000804000c7
:10a79800100078000280b90070179800011f980017
:10a7a8006e2090008000400060a0200000804000e3
:10a7b800100178006e2090008000400060a020000a
:10a7c80000804000100078000280b90050179800ff
:10a7d80061179800a28b8000b38b80007e109000d8
:10a7e8008e18900002014000838148005e1090009e
:10a7f800ee1090000000510081805900a08b880065
:10a80800b18b8800508a8000028c80008000400054
:10a8180000ad20000080400002087800508a8000c7
:10a828008000400000ad200000804000100178004a
:10a83800508a80008000400000ad20000080400069
:10a84800100078000280b90030179800411798006e
:10a858006e2090008000400000ad20000080400085
:10a86800100178006e2090008000400000ad2000ac
:10a8780000804000100078000280b900101798008e
:10a8880021179800b28a8000c38a80003e10900089
:10a89800ce10900002014000838148001e109000f5
:10a8a800ae1090000000510081805900b08a8800e5
:10a8b800c18a8800508a8000228c80008000400075
:10a8c80040c620000080400002087800508a8000be
:10a8d8008000400040c62000008040001001780041
:10a8e800508a80008000400040c620000080400060
:10a8f800100078000280b900300f9800410f9800ce
:10a908006e2090008000400040c62000008040007b
:10a91800100178006e2090008000400040c62000a2
:10a9280000804000100078000280b900100f9800e5
:10a93800210f9800f28a8000038b80003e08900067
:10a94800ce08900002014000838148001e08900054
:10a95800ae0890000000510081805900f08a8800fc
:10a96800018b8800508a8000128c80008000400093
:10a97800a0b920000080400002087800508a8000ba
:10a9880080004000a0b9200000804000100178003d
:10a99800508a800080004000a0b92000008040005c
:10a9a800100078000280b900700f98000117980015
:10a9b8006e20900080004000a0b920000080400078
:10a9c800100178006e20900080004000a0b920009f
:10a9d80000804000100078000280b900500f9800f5
:10a9e800610f9800d28a8000e38a80007e08900078
:10a9f8008e10900002014000838148005e0890009c
:10aa0800ee0890000000510081805900d08a88002b
:10aa1800e18a8800b17c800000802000008060000e
:10aa28000000e00005003a00b07c8000010420002e
:10aa3800010060000000e0002c003200508a800015
:10aa4800328c800080004000e0d22000008040006e
:10aa580002087800508a800080004000e0d2200080
:10aa68000080400010017800508a8000800040007b
:10aa7800e0d2200000804000100078000280b90079
:10aa880070079800010f98006e2090008000400029
:10aa9800e0d2200000804000100178006e20900075
:10aaa80080004000e0d220000080400010007800c4
:10aab8000280b9005007980061079800128b800047
:10aac800238b80007e0090008e08900002014000d9
:10aad800838148005e009000ee0090000000510065
:10aae80081805900108b8800218b8800a07c800011
:10aaf80001102000010060000000e0002e003a0074
:10ab0800508a80008000400000ad20000080400096
:10ab1800100178004e20900080004000208720001f
:10ab280000804000100078000280b90030079800cb
:10ab380041079800508a8000c200dd0080df2000b5
:10ab4800008040003e019000ce0190000288be00c7
:10ab58006e2090008000400000ad20000080400082
:10ab6800100178005e2090008000400020872000bf
:10ab780000804000100078000280b900100798009b
:10ab880021079800428b8000538b80003e00900084
:10ab9800ce00900002014000838148001e00900012
:10aba800ae0090000000510081805900408b880061
:10abb800518b88002d0037004e2090008000400007
:10abc80000ad20000080400010017800508a80000d
:10abd800800040002087200000804000100078009e
:10abe8000280b9003007980041079800508a800019
:10abf800c200dd0080df2000008040003e019000a0
:10ac0800ce0190000288be005e20900080004000c7
:10ac180000ad200000804000100178006e209000f8
:10ac2800800040002087200000804000100078004d
:10ac38000280b9001007980021079800428b800015
:10ac4800538b80003e009000ce009000020140002f
:10ac5800838148001e009000ae0090000000510063
:10ac680081805900408b8800518b8800508a800071
:10ac78000000e800508a8800518a8000e08e800039
:10ac8800808f50000d003900e28e8000008f800018
:10ac9800118f8000811f7800110009004288d800b8
:10aca800cf007800208f88006000b800008f8800ef
:10acb800118f88000000eb00508a88008560a90089
:10acc8000080fa003400f9004f01be004f00be00ba
:10acd8003600f900004006000000fa000dd2bf005f
:10ace8000004e000070032000cd2bf000004e000be
:10acf8000d003a0010c0b3000cf2b7001fe1a80025
:10ad0800090037000dd2bf000004e00006003a0039
:10ad18000cd2bf000004e000030032000040eb004a
:10ad28000cf2b7001fe1a9000080fa00000006003d
:10ad38000000fa000bd2bf000004e00006003a0051
:10ad480010c0b3000df2b700e3ff07000040eb00ae
:10ad58008cefb700090037008ccfbf000040e80037
:10ad68008cefb7000cd2bf000004e00003003200f3
:10ad78000040eb000df2b700d7ff07000080fa0093
:10ad8800000006000200fa003101070040c7bf00ba
:10ad9800624060000004e000fcff320018e1070098
:10ada80099e50700bfe507008fe607003efd0700ad
:10adb80073e6070052df070079eb0700d8e50700c4
:10adc80090028000000f7800ff3ffc0042c0bf00e7
:10add8007f40600001c6b3000140700042e0b70048
:10ade8001e00780090028800a084800010898800e6
:10adf800000037000060fe00b0b78000610060000e
:10ae08000000e00001003200f616a900b0b780008b
:10ae180001042000010060000000e0002200320070
:10ae2800f6d6a9002af407007af207001af20700fa
:10ae380030b78000e30f500004003a00b07c800077
:10ae4800680060000000e00008003a0030b78000a9
:10ae5800e40f500006003a00b07c8000014020005a
:10ae6800010060000000e000010032006bf3070001
:10ae780080f70700817c8000a0aa2a00808f5000fc
:10ae880008003a00608280000000e00005003a00f7
:10ae9800f0808000fd0f500002003e0042f0a80044
:10aea8000100370042f0a900b0b7800062006000de
:10aeb8000000e00001003200f636a900b0b78000bb
:10aec800640060000000e000caff320057fa070083
:10aed80095fb070010828000010820000100600037
:10aee8000000e00001003a000cf4070093ee0700b0
:10aef80030b78000ec0f500001003a00baf60700a6
:10af080030b78000f20f500001003a0018f7070030
:10af180016f1070070f10700f656a900e6eb0700e6
:10af2800e6d6070001d70700bfe907001bed0700b9
:10af380030b78000e30f5000aeff3a00adf40700d1
:10af4800acff37003200f800900188006118e1007a
:10af5800040032007018e10002003200f0ff2f00f8
:10af6800030037003119ba008301e900fdff3a00f8
:10af78003200f90000000600849fbe004220a900ac
:10af8800440424006110e1000a0032005404240043
:10af98007010e1000700320064042400f5ff2f0060
:10afa8000510e10003003200f0ff2f004f02be0041
:10afb800000006003200f800203b8800113b8800a2
:10afc800043b88004200f800000e20004220b70031
:10afd80050052000303b8800a00a2000303b880044
:10afe80061e7a800000000000000000061e7af0072
:10aff800feff37000000eb004200f9003200f900c4
:10b008004f02be0000000600841f78004220a900fd
:10b01800440024006118e1000600320054002400b6
:10b028007018e100030032004f027800f0ff2f0093
:10b03800000006003200f80091018800821f7800a5
:10b048003019bb008301e900fdff3a00213b88006d
:10b058004f017800123b8800043b88004200f8004a
:10b06800000e20004220b70050052000303b880029
:10b07800a00a2000303b880061e7a800000000001b
:10b088000000000061e7af00feff37000000eb00a2
:10b098004200f9003200f9004f0278000000060073
:020000040000fa
:10b0a800121700000200000002000000000000006b
:10b0b800500800003c07000000000000c616000011
:10b0c8001400000000000000021700000600000045
:10b0d800000000001417000002000000000000003b
:10b0e8000817000006000000020000000000000031
:10b0f80000000000d41500006800000000000000f7
:10b108008c0f0000980300000000000016170000d4
:10b11800020000000200000000000000ea16000023
:10b128000c00000002000000000000000000000009
:10b138000000000000000000921600001e00000041
:10b14800000000000e1700000400000002000000cc
:10b15800050d0000000000003c160000560000002d
:10b1680000000000da1600001000000002000000d5
:10b1780000000000000000000000000000000000c7
:10b188000000000000000000b016000016000000db
:10b198000000000018170000020000000200000074
:10b1a80000000000f61600000c000000000000007f
:10b1b800cc14000008010000000000002413000067
:10b1c800a8010000000000001a170000020000009b
:08b1d80000000000000000006f
:020000040000fa
:10b1e0000000fa000000eb0010b8880005003700ee
:10b1f000000000000000000010b880000000e8001f
:10b2000010b8880011b88000f0f32100808f500042
:10b21000f7ff36000080fa00000006000000fa0088
:10b220000000eb0030b8880005003700ecff070095
:10b2300092f6070030b880000000e80030b88800bf
:10b2400031b88000b0122000808f5000f7ff360028
:10b250000080fa00000006000000fa000000eb0089
:10b2600020b888000a003700ddff0700b0b7800073
:10b27000640060000000e00002003200f656a90001
:10b280002cd6070020b880000000e80020b8880015
:10b2900020b88000e50f5000f3ff36000080fa0070
:04b2a00000000600a4
:020000040000fa
:04b2a4000000fe00a8
:020000040000fa
:0200000400fffb
:10f80000180000003c0000005e010000390000000c
:10f8100002000000640000002c0100003f00000016
:10f8200000000000f401000032000000230000008e
:10f83000280000003c000000780000005500000097
:10f8400046000000140000000000000088130000c3
:10f85000401f0000c8190000040000000100000063
:10f8600002000000320000000100000080250000be
:10f870004b000000000200003700000028000000dc
:10f880001500000019000000220000002300000005
:10f89000230000000500000003000000e803000052
:10f8a0002c0100002c010000030000000a000000f1
:10f8b0007017000032000000f40100000a00000090
:10f8c00064000000030000005f000000140000005e
:10f8d0000a0000001e0000000a00000032000000c4
:10f8e0000000000000000000000000000000000018
:10f8f0008200000041000000000000000000000045
:10f9000000000000000000000000000000000000f7
:10f9100000000000000000000000000000000000e7
:10f9200000000000000000000000000000000000d7
:10f9300000000000000000000000000000000000c7
:10f9400000000000000000000000000000000000b7
:10f9500000000000000000000000000000000000a7
:10f960000000000000000000000000000000000097
:10f970000000000000000000000000000000000087
:10f980000000000000000000000000000000000077
:10f990000000000000000000000000000000000067
:10f9a0000000000000000000000000000000000057
:10f9b0000000000000000000000000000000000047
:10f9c0000000000000000000000000000000000037
:10f9d0000000000000000000000000000000000027
:10f9e0000000000000000000000000000000000017
:10f9f0000000000000000000000000000000000007
:00000001FF
