:020000040000fa
:080000000001040000000000f3
:020000040000fa
:10020000af6c2100007f2100000188000000000089
:100210000c000700a090250001002000110007003d
:10022000000020000000e000020032000000020098
:100230000000000070570200000000000040da00db
:100240000000fe004440a900000020000000e00083
:100250000300320000002000a00188004440a800f4
:100260000000060091018800800078000000eb008b
:1002700015003700e280400032a0b4009101ba00be
:10028000e280400032a0b4009102ba00e280400057
:1002900032a0b4000002eb00472bde00f507b200ed
:1002a000602ce10004003a000059eb008301e900f2
:1002b000fdff3e00040037006128e100010032002c
:1002c0000082eb00040007001101ba000200e00008
:1002d000e8ff3a00000006003159ba008301e90046
:1002e0000c0032002159ba008301e90008003200f5
:1002f0000400e00003003a00e280400032a0b400b5
:10030000f5ff370011d9ba008301e900faff3a007e
:100310008100e800e180400032a0b4000000060047
:10032000839f68000100e00002003d0060001000b3
:10033000e08018000300e00002003d0060011100b1
:10034000e0811900fc0007004f00e00002003b00c4
:1003500060001000e080180000000600889fbe00ca
:100360008a9fbe00010578000100e000040035000e
:1003700008003c000000e0002000320005003700cb
:1003800060001000e080180002003b0001f02c002b
:100390001a0037000004be006011b8006b0920008d
:1003a0000982cf00020039000882cf000441b0006a
:1003b000694252000e00320008003b008281710049
:1003c000610164008904d1000884d3008b05e80032
:1003d0000442e800f9ff3a00050037000804440031
:1003e00089844c008b05e9000442e900fbff3a00d8
:1003f0005a0107000af0a70001f0a0004f05be0057
:100400004f04be0000000600889fbe008a9fbe0009
:100410008c1f78000004be00760107000478a3005a
:1004200026003a006120e1002500320009f8a3000f
:1004300025003a006420e10021003200f507b100f8
:100440000508a3000200320000004000818048003f
:100450006044b800031020000200200000004000ab
:10046000818048000805440089854c000a05410048
:100470008b8549000a0550008b8558000300330026
:100480000a00be0002047400838474008301d1005a
:100490000281d300830f7100f0ff3a008904d1007c
:1004a0000884d3006001490082017800c1adde00fc
:1004b000fb07b000290107006c0137000960a000ac
:1004c0000800be00690137001202200042b6880011
:1004d000f0ff2f00f1ff2700640137000001be008c
:1004e000440107000470a70003f0a1006509b100f2
:1004f000160032000d0035006828e10006003500c6
:10050000f0ff2f00f1ff27000300e00013003b0085
:100510000100280000000500000040008180480024
:100520008502e900fcff3a0008003700f88f42001e
:1005300002003c008000eb00000005008100d100bb
:100540000080d3008502e800fcff3a000300e000d1
:1005500002003b0060001000e08018000000060070
:10056000889fbe008a9fbe008c1f7800460107004e
:100570003501330003866c006450e1002e00320028
:100580006420e100330032006150e1002f003200ae
:100590006120e1003100320085855500eb07b00095
:1005a000090020000804200005003700080444006a
:1005b00089844c000a0031000603430087834b0006
:1005c0000001530081815b00f8ff33000203be008d
:1005d0000800a0000804440089844c00f6ff39009c
:1005e000c639dd00830173000100320013002000d2
:1005f0008904d1000884d3000998a30005003200c3
:100600000800a7000300a0008904d1000884d300db
:100610008b05e8008904d1000884d3000001eb00b9
:100620000281d200cd00070001f0a1000cf0a7006c
:1006300001f0a0000d0137006420e1000f0132003d
:100640000801be000200be00f7ff37006120e10094
:100650000a0132006000b800f3ff370000002000fc
:1006600001f82700f0ff3700889fbe008a9fbe0078
:100670008c1f780004010700f300330003866c0030
:100680006450e100240032006420e10027003200c1
:100690006150e100220032006120e10021003200bf
:1006a0008b854200eb07b1000134b800003ab80076
:1006b0000804420089844a00013ab8000030b800ba
:1006c0008880400009014a00040033000000400017
:1006d00081804800020149008b05e900c909dd005d
:1006e000830170000100320013002000c814de00f6
:1006f0004814dd004709de001200b200c808de0021
:10070000088470009500070001f0a1000cf0a7001c
:1007100001f0a000d50037006120e100d7003200d1
:100720000801be000200be00f7ff37006150e10083
:10073000fcff3a00d10037006022b800060220001a
:100740000000d0008180d2000482d2008582d200d5
:100750000000a0000202520083825a000300310010
:100760000202420083824a000000a1000603e90061
:10077000f3ff3a000000060003f0a200889fbe00cd
:100780008a9fbe008c1f7800bf000700ae003300b8
:100790006450e1004f0032006420e100520032005a
:1007a00003826c0007003b000905d0000306d0005f
:1007b000820f54000c065d00020039000200320076
:1007c00089017800030678008582550004003d0009
:1007d0000003fd008103fd008502ea008b854200d5
:1007e000840f720002003b0060001000e0801800df
:1007f0006011b8000005eb007a28e1000a0039001a
:1008000006007800c75ddd00f707b200878075003d
:100810002d003700828171000a01780061056000b7
:100820008180d1000080d3008502e900f9ff3b0000
:10083000060440008784480002003b006004140066
:10084000e0841c000988a300070032008a8171003f
:1008500082817100610164008904d1000884d300a1
:100860008b05e800170037000978a30013003a0051
:100870000b00e000130034008b05e900080444007d
:1008800089844c000a4474000978a3000d003a00e2
:100890000b00e000070034008b05e9000804440069
:1008a00089844c0001003a000b0020000978a30065
:1008b000f7ff32000001eb00020037008281710077
:1008c0000a017800250007000cf0a70001f0a00045
:1008d000660037006420e10002003a00838f6c005c
:1008e000660033000801be000200be005f00370052
:1008f0000001be003f0007000470a70003f0a10044
:1009000003f8a30013003a006509b100100032009b
:10091000090035006928e1000200350001002800c7
:100920000000050000004000818048008502e900c9
:10093000fcff3a0000000600f88f42000500350079
:100940008100d1000080d3008502e800fcff3a005e
:10095000000006008000eb00000005008100200080
:10096000618055000b003d000b00200061fe2f0050
:100970000100e1001d00340082817100610164000a
:100980008904d1000884d3000000e800faff3a008f
:10099000710020006100640003007000020060002c
:1009a0000900320061044400e0844c000988a5007d
:1009b000050032008b05e8006808e10002003a00fb
:1009c0008904d1000884d300f20f20000258e1000e
:1009d00005003d00c75ddd00f907b20089807500a4
:1009e00008007800000006000bf827008b00780054
:1009f00000000500c70ade00f107b200f50fb200e3
:100a000008003200e1cf4200020032000170a00075
:100a100024000500810f7000010032000408050069
:100a200044000500810f700002003a001400050028
:100a30008502e9000000400081c04800fcff3b0047
:100a40000170a000240005000200be006450e10017
:100a5000050036006420e100020036000968a300aa
:100a600001003a000800be000160a0004f067800b7
:100a70004f05be004f04be0000000600f0ff2f002f
:100a8000f1ff2700f9ff37000004be00d9ff07007f
:100a90000003be000405be000200be00d5ff070033
:080aa000844f75000000060000
:020000040000fa
:0200000401f009
:04000000f6ff000007
:020000040000fa
:0200000401f009
:04000400ffff0000fa
:020000040000fa
:0200000401f009
:04000c00ffff0000f2
:020000040000fa
:0200000401f009
:04001000ffff0000ee
:020000040000fa
:0200000401f009
:04001400ffff0000ea
:020000040000fa
:10000800085a0000085a0000085a0000085a000060
:10001800085a0000085a0000085a0000085a000050
:10002800085a0000085a0000085a00000041000061
:10003800085a0000085a00000e270000085a00005d
:10004800085a00004c2e0000622f0000b452000035
:10005800085a0000085a0000085a0000ec2900005d
:10006800085a0000085a0000085a0000085a000000
:10007800085a00009a290000ba250000085a000012
:100088002e1600006e170000085a0000085a0000db
:10009800085a00000e250000085a0000085a0000ff
:1000a800085a0000085a0000085a0000085a0000c0
:1000b800085a0000085a0000085a0000085a0000b0
:1000c800085a0000085a0000085a0000085a0000a0
:1000d800085a0000085a0000085a0000085a000090
:1000e800085a0000085a0000085a0000085a000080
:0800f800085a0000085a00003c
:020000040000fa
:10010800085a0000085a0000085a0000085a00005f
:10011800085a0000085a0000085a0000085a00004f
:10012800085a0000085a0000085a00000041000060
:10013800085a0000085a00000e270000085a00005c
:10014800085a00004c2e0000622f0000b452000034
:10015800085a0000085a0000085a0000ec2900005c
:10016800085a0000085a0000085a0000085a0000ff
:10017800085a00009a290000ba250000085a000011
:100188002e1600006e170000085a0000085a0000da
:10019800085a00000e250000085a0000085a0000fe
:1001a800085a0000085a0000085a0000085a0000bf
:1001b800085a0000085a0000085a0000085a0000af
:1001c800085a0000085a0000085a0000085a00009f
:1001d800085a0000085a0000085a0000085a00008f
:1001e800085a0000085a0000085a0000085a00007f
:0801f800085a0000085a00003b
:020000040000fa
:100aa8000000fa00a0968000610060000000e000ed
:100ab80008003200f09e80000000e800f09e8800e8
:100ac800f09e8000ea0f5000020036000000eb00a4
:100ad800b096880018c2bf00684060000004e000bb
:100ae80008003a0018c2bf00624060000004e0003d
:100af80004003a0018c2bf00644060000004e0002f
:100b0800010032002b0807000080fa0000000600f0
:100b18000000fa0090a380000000e80090a388007d
:100b280091a38000401f2000808f500005003600f0
:100b3800200807000000eb00b0968800d412a90036
:100b4800d5b2a800a0968000620060000000e00016
:100b5800040032002a090700d432a9000000eb0083
:100b680090a38800a0968000680060000000e00064
:100b780004003200a600070061000700cb09070047
:100b8800d472a900a0968000012020000100600016
:100b98000000e00004003200e200070069000700de
:100ba800c2090700d532a900d0a380006100600007
:100bb8000000e000040032001f0107007200070077
:100bc800ba0907007a14a900d0a380007000600059
:100bd8000000e00004003200620107007b0007000b
:100be800b20907007a94a900a096800070006000fe
:100bf8000000e00004003200a5010700d492a9001b
:100c08000000eb0090a38800a0968000014020001f
:100c1800010060000000e00004003200f10107005c
:100c2800d552a9000000eb0090a38800d0a3800053
:100c3800620060000000e000040032003f0207008c
:100c48007a34a9000000eb0090a38800d0a38000ac
:100c580001022000010060000000e00004003200f2
:100c68008d0207007ab4a9000000eb0090a3880069
:100c7800a096800001022000010060000000e00052
:100c880004003200db020700d4b2a9000000eb0028
:100c980090a38800a09680000180200001006000d9
:100ca8000000e000040032005f030700d572a900cd
:100cb8000000eb0090a38800a096800001002200ad
:100cc800010060000000e000040032005d0507003c
:100cd800d5b2a9000000eb0090a38800a096800080
:100ce80001042000010060000000e0000200320062
:100cf8006f070700d4d2a9000080fa0000000600a0
:100d08000000fa00a00a2000209f880000022000ae
:100d1800309f880030082000409f88000000eb00ca
:100d2800609f8800b00b200060a388000000eb00e3
:100d3800109f8800e00f2000d01088000080fa0083
:100d4800000006000000fa00a00a2000209f88008a
:100d580000022000309f880030072000409f880054
:100d68000000eb00609f8800b00b200060a38800a3
:100d78000000eb00109f8800e00f2000d0108800d2
:100d88000080fa00000006000000fa00a00a200017
:100d9800209f880000022000309f88003006200035
:100da800409f88000000eb00609f8800b00b200087
:100db80060a388000000eb00109f8800e00f20006f
:100dc800d01088000080fa00000006000000fa0039
:100dd800a00a2000209f880000022000309f880081
:100de80030052000409f88000000eb00609f8800cd
:100df800b00b200060a388000000eb00109f880063
:100e0800e00f2000d01088000080fa0000000600e3
:100e18000800fa000000eb0030079800100280007c
:100e28006700600020079800900280001007980073
:100e3800ff3ffc00210420009140780000ceb30061
:100e480000c0700042e0b7001e00900090028800c9
:100e58000000eb00900288000800fc008d60a900eb
:100e68000000eb00300798001a0037003e009000a1
:100e7800000040008000780000c02f000080400083
:100e8800f0798800f079800080007800f007200071
:100e98001200200093280700f079800000017800f4
:100ea800f0072000000278003e009000000040009b
:100eb8008000780060362100008040001300200088
:100ec80084007800ab2807003e0090000000e8008e
:100ed800300798003e009000ed0f5000e3ff360009
:100ee8000000eb009002880090028000000f78005c
:100ef800ff3ffc002e00900067406000c500dd0049
:100f080042c0bf007f4060000140700042e0b7006f
:100f18001e007800900288008d60a8000080fa000a
:100f2800000006000800fa000000eb0030079800f7
:100f3800100280006700600020079800900280007f
:100f480010079800ff3ffc00210420009140780022
:100f580000ceb30000c0700042e0b7001e00900051
:100f6800900288000000eb00900288000800fc0056
:100f78008d60a9000000eb00300798001a003700c8
:100f88003e009000000040008000780000c02f0064
:100f980000804000f0798800f079800080007800b7
:100fa800f0072000120020004e280700f07980008a
:100fb80000017800f0072000000278003e00900051
:100fc800000040008000780060362100008040006a
:100fd8001300200084007800662807003e00900077
:100fe8000000e800300798003e009000fd0f500018
:100ff800e3ff36000000eb009002880090028000ba
:10100800000f7800ff3ffc002e0090006740600052
:10101800c500dd0042c0bf007f4060000140700095
:1010280042e0b7001e007800900288008d60a8009a
:101038000080fa00000006000a00fa000000eb0039
:10104800400798000000eb0030079800100280006d
:101058006700600020079800900280001007980041
:10106800ff3ffc00210420009140780000ceb3002f
:1010780000c0700042e0b7001e0090009002880097
:101088000000eb00900288000800fc008d60a900b9
:1010980000022000400798001d0037004e00900015
:1010a800000040008000780000c02f000080400051
:1010b800f0798800f079800080007800f00720003f
:1010c8001200200007280700f0798000000178004e
:1010d800f0072000000278003e0090000000400069
:1010e8008000780060362100008040001300200056
:1010f800840078001f2807003e0090000000e800e8
:10110800300798004e0090000000e8004007980063
:10111800ce009000d0032000808f5000dfff360003
:101128000000eb009002880090028000000f780019
:10113800ff3ffc002e00900067406000c500dd0006
:1011480042c0bf007f4060000140700042e0b7002d
:101158001e007800900288008d60a8000080fa00c8
:10116800000006000a00fa000000eb0040079800a3
:101178000000eb0030079800100280006700600054
:10118800200798009002800010079800ff3ffc009d
:10119800210420009140780000ceb30000c0700008
:1011a80042e0b7001e009000900288000000eb00ab
:1011b800900288000800fc008d60a900e003200070
:1011c800400798001d0037004e00900000004000c6
:1011d8008000780000c02f0000804000f07988006f
:1011e800f079800080007800f007200012002000cd
:1011f800bc270700f079800000017800f007200084
:10120800000278003e009000000040008000780056
:101218006036210000804000130020008400780020
:10122800d42707003e0090000000e800300798002f
:101238004e0090000000e80040079800ce009000a3
:10124800b0052000808f5000dfff36000000eb0063
:101258009002880090028000000f7800ff3ffc0099
:101268002e00900067406000c500dd0042c0bf004e
:101278007f4060000140700042e0b7001e00780027
:10128800900288008d60a8000080fa000000060027
:101298000400fa000000eb00100798000000eb00c3
:1012a800000f7800a00a2000209f8800000120007d
:1012b800309f880020082000409f8800c00120003f
:1012c800609f88000000eb001007980014003700aa
:1012d8001e009000000040008000780000c02f0031
:1012e80000804000f07988001e0090000000400057
:1012f80080007800a0f42000008040000001780001
:10130800f079800080007800f007200013002000aa
:10131800672707001e0090000000e80010079800eb
:101328001e009000ef0f5000e9ff36000000eb00b0
:1013380010079800200037001e0190001e0078005a
:1013480080004000a0f420000080400010007800d9
:10135800c801de0002004100e11120008080400049
:10136800602d210000804000030878001e009000d6
:101378000000e800100798001e0190001e00780089
:1013880080004000a0f42000008040009001780018
:1013980002004100e111200080804000602d210002
:1013a80000804000030878001e0090000000e8005c
:1013b800100798001e0fe8001e009000ff0f500055
:1013c800ddff3600b00b200060a388000000eb00b2
:1013d800109f8800e00f2000d01088000080fa00dd
:1013e800000006000400fa000000eb001007980057
:1013f8000000eb00000f7800a00a2000209f880062
:1014080000012000309f880020072000409f8800ae
:10141800c0032000609f88000000eb0010079800c0
:10142800140037001e009000000040008000780083
:1014380000c02f0000804000f07988001e00900056
:101448000000400080007800a0f4200000804000e8
:1014580000017800f079800080007800f007200013
:1014680013002000122707001e0090000000e8006b
:10147800100798001e009000ff0f5000e9ff36008b
:101488000000eb0010079800200037001e019000b4
:101498001e00780080004000a0f42000008040007a
:1014a80010007800c801de0002004100e1112000b0
:1014b80080804000602d21000080400003087800f3
:1014c8001e0090000000e800100798001e01900020
:1014d8001e00780080004000a0f42000008040003a
:1014e8009001780002004100e11120008080400056
:1014f800602d210000804000030878001e00900045
:101508000000e800100798001e0fe8009e009000f9
:10151800f0032000808f5000dcff3600b00b200065
:1015280060a388000000eb00109f8800e00f2000f7
:10153800d01088000080fa00000006000400fa00bd
:101548000000eb001007980000022000000f780050
:10155800a00a2000209f880000012000309f8800fa
:1015680020062000409f8800c0032000609f88005c
:101578000002200010079800140037001e00900099
:10158800000040008000780000c02f00008040006c
:10159800f07988001e00900000004000800078006c
:1015a800a0f420000080400000017800f07980005d
:1015b80080007800f007200013002000bc260700f8
:1015c8001e0090000000e800100798009e009000a0
:1015d800d0032000808f5000e8ff36000000eb00a9
:1015e80010079800200037001e0190001e007800a8
:1015f80080004000a0f42000008040001000780027
:10160800c801de0002004100e11120008080400096
:10161800602d210000804000030878001e00900023
:101628000000e800100798001e0190001e007800d6
:1016380080004000a0f42000008040009001780065
:1016480002004100e111200080804000602d21004f
:1016580000804000030878001e0090000000e800a9
:10166800100798001e0fe8009e009000b0032000ad
:10167800808f5000dcff3600b00b200060a388008c
:101688000000eb00109f8800e00f2000d0108800b9
:101698000080fa00000006000400fa000000eb00d9
:1016a8001007980000022000000f7800a00a200010
:1016b800209f880000012000309f8800200520001e
:1016c800409f8800c0032000609f8800e00320003e
:1016d80010079800140037001e009000000040001a
:1016e8008000780000c02f0000804000f07988005a
:1016f8001e0090000000400080007800a0f4200048
:101708000080400000017800f079800080007800b7
:10171800f007200013002000652607001e00900037
:101728000000e800100798009e009000b005200017
:10173800808f5000e8ff36000000eb00100798008b
:10174800200037001e0190001e0078008000400035
:10175800a0f420000080400010007800c801de00de
:1017680002004100e111200080804000602d21002e
:1017780000804000030878001e0090000000e80088
:10178800100798001e0190001e007800800040009d
:10179800a0f4200000804000900178000200410081
:1017a800e111200080804000602d21000080400071
:1017b800030878001e0090000000e8001007980059
:1017c8001e0fe8009e009000b0032000808f50009c
:1017d800dcff3600b00b200060a388000000eb009f
:1017e800109f8800e00f2000d01088000080fa00c9
:1017f800000006000000fa00a00a2000209f8800d0
:1018080000012000309f880010082000409f8800b9
:1018180060012000609f880000b38000e30f500043
:101828000300320000b38000e40f500010003a00bb
:10183800e04080004800de00a09f8800e040800073
:10184800b09f8800f04080004800de00c09f8800fc
:10185800f0408000d09f8800508c80004800de0057
:10186800e09f8800508c8000f09f88000c003700b3
:101878000000eb00a09f88000000eb00b09f8800ec
:101888000000eb00c09f88000000eb00d09f88009c
:101898000000eb00e09f88000000eb00f09f88004c
:1018a800707e80004800de0000a08800707e800006
:1018b80010a08800807e80004800de0020a08800fc
:1018c800807e800030a08800907e80004800de0086
:1018d80040a08800907e800050a08800d07f8000c3
:1018e8004800de0060a08800d07f800070a08800db
:1018f80000b380004800de0080a0880000b38000ac
:1019080090a0880090a080000000e00009003a0044
:101918000000eb0090a08800017a8000a0aa2a00ad
:10192800808f500029003a004000200090a08800d5
:101938002600370090a08000e10f500009003a000f
:101948001000200090a08800017a8000a0aa2a0038
:10195800808f50001d003a004000200090a08800b1
:101968001a00370090a08000e20f500003003a00f0
:101978002000200090a088001400370090a080006c
:10198800e30f500003003a002000200090a08800d8
:101998000e00370090a08000e40f500003003a00ca
:1019a8003000200090a088000800370090a0800038
:1019b800e50f500003003a005000200090a0880076
:1019c800020037000000eb0090a08800e07e800055
:1019d8004800de00a0a08800e07e8000b0a088005b
:1019e800107a80004800de00c0a08800107a8000cd
:1019f800d0a08800d07f80004800de00e0a08800ea
:101a0800d07f8000f0a08800b00b200060a3880081
:101a18000000eb00109f8800e00f2000d010880025
:101a28000080fa00000006000000fa00a00a20006a
:101a3800209f880000012000309f880010072000a8
:101a4800409f8800a0022000609f880000b38000ab
:101a5800e30f50000300320000b38000e40f500091
:101a680010003a00e04080004800de00a09f880097
:101a7800e0408000b09f8800f04080004800de0011
:101a8800c09f8800f0408000d09f880000418000ff
:101a98004800de00e09f880000418000f09f880039
:101aa8000c0037000000eb00a09f88000000eb004e
:101ab800b09f88000000eb00c09f88000000eb008a
:101ac800d09f88000000eb00e09f88000000eb003a
:101ad800f09f8800707e80004800de0000a088002b
:101ae800707e800010a08800412d20009140780071
:101af80000c8b30000c060000004e00004003a0021
:101b0800b0a380000000a000b0a388000400370044
:101b1800b0a38000e1ff2f0001006000b0a388009f
:101b2800e0c2bf00614060000004e00004003a0029
:101b3800b0a380000010a000b0a388000400370004
:101b4800b0a38000d1ff2f0001006000b0a388007f
:101b5800e0c2bf00624060000004e00004003a00f8
:101b6800b0a380000020a000b0a3880004003700c4
:101b7800b0a38000b1ff2f0001006000b0a388006f
:101b8800e6c2bf00624060000004e00004003a00c2
:101b9800b0a380000030a000b0a388000400370084
:101ba800b0a3800071ff2f0001006000b0a388007f
:101bb800e6c2bf00614060000004e00004003a0093
:101bc800b0a380000040a000b0a388000400370044
:101bd800b0a38000f1fe2f0001006000b0a38800d0
:101be800cfc2bf000042b2000004e00005003a0086
:101bf800b0a380000102200001007000b0a388009b
:101c080004003700b0a38000f1fd2f000100600040
:101c1800b0a38800cfc2bf000044b2000004e000b7
:101c280005003a00b0a38000010420000100700004
:101c3800b0a3880004003700b0a38000f1fb2f0098
:101c480001006000b0a38800c8c2bf006440600003
:101c58000004e00005003a00b0a38000010820005d
:101c680001007000b0a3880004003700b0a3800012
:101c7800f1f72f0001006000b0a38800c8c2bf00c0
:101c8800684060000004e00005003a00b0a380004e
:101c98000110200001007000b0a388000400370084
:101ca800b0a38000f1ef2f0001006000b0a388000e
:101cb800c8c2bf00704060000004e00005003a00a0
:101cc800b0a380000120200001007000b0a38800ac
:101cd80004003700b0a38000f1df2f00010060008e
:101ce800b0a38800207a8000011020000100600065
:101cf8000000e00005003200b0a3800001002800c9
:101d080001007000b0a3880004003700b0a3800071
:101d1800f1ff270001006000b0a38800e9c2bf00fe
:101d28000044b2000004e00004003200c0a38000b8
:101d38000000a000c0a3880004003700c0a38000f2
:101d4800e1ff2f0001006000c0a38800e9c2bf00c6
:101d5800704060000004e00004003200c0a380006e
:101d68000010a000c0a3880004003700c0a38000b2
:101d7800d1ff2f0001006000c0a38800e9c2bf00a6
:101d88000042b2000004e00004003200c0a380005a
:101d98000020a000c0a3880004003700c0a3800072
:101da800b1ff2f0001006000c0a38800e9c2bf0096
:101db80001c8b300014060000004e00004003200e4
:101dc800c0a380000030a000c0a388000400370032
:101dd800c0a3800071ff2f0001006000c0a388002d
:101de800d0c2bf00624060000004e000040032007e
:101df800c0a380000040a000c0a3880004003700f2
:101e0800c0a38000f1fe2f0001006000c0a388007d
:101e1800d0c2bf00644060000004e000050032004a
:101e2800c0a380000102200001007000c0a3880048
:101e380004003700c0a38000f1fd2f0001006000fe
:101e4800c0a38800e8c2bf0001c8b3000140600019
:101e58000004e00005003200c0a380000104200057
:101e680001007000c0a3880004003700c0a38000f0
:101e7800f1fb2f0001006000c0a38800e9c2bf0089
:101e8800614060000004e00005003200c0a380004b
:101e98000108200001007000c0a38800040037007a
:101ea800c0a38000f1f72f0001006000c0a38800e4
:101eb800e9c2bf00624060000004e0000500320093
:101ec800c0a380000110200001007000c0a388009a
:101ed80004003700c0a38000f1ef2f00010060006c
:101ee800c0a38800e8c2bf000044b2000004e000bc
:101ef80005003200c0a3800001202000010070000e
:101f0800c0a3880004003700c0a38000f1df2f00c1
:101f180001006000c0a38800b0a380004800de0074
:101f280020a08800b0a3800030a08800c0a3800053
:101f38004800de0040a08800c0a3800050a08800b0
:101f4800908680004800de0060a0880090868000af
:101f580070a0880000b380004800de0080a08800e0
:101f680000b3800090a0880090a080000000e000ee
:101f780009003a000000eb0090a08800017a800078
:101f8800a0aa2a00808f500029003a0040002000b3
:101f980090a088002600370090a08000e10f500034
:101fa80009003a001000200090a08800017a800003
:101fb800a0aa2a00808f50001d003a00400020008f
:101fc80090a088001a00370090a08000e20f50000f
:101fd80003003a002000200090a088001400370079
:101fe80090a08000e30f500003003a00200020007a
:101ff80090a088000e00370090a08000e40f5000e9
:1020080003003a003000200090a088000800370044
:1020180090a08000e50f500003003a005000200017
:1020280090a08800020037000000eb0090a0880014
:10203800e07e80004800de00a0a08800e07e8000ee
:10204800b0a08800107a80004800de00c0a0880098
:10205800107a8000d0a08800d07f80004800de0081
:10206800e0a08800d07f8000f0a08800307f80004a
:102078004800de0000a18800307f800010a18800a1
:102088007000200020a18800c07d200030a18800b9
:1020980070af80004800de0040a1880070af80006b
:1020a80050a1880060af8000e10f500004003a00a2
:1020b800a0a380000000a000a0a3880004003700af
:1020c800a0a38000e1ff2f0001006000a0a388000a
:1020d80070ac8000640060000000e0000400320082
:1020e800a0a380000010a000a0a38800040037006f
:1020f800a0a38000d1ff2f0001006000a0a38800ea
:10210800f0b08000e10f500004003a00a0a3800066
:102118000020a000a0a3880004003700a0a380002e
:10212800b1ff2f0001006000a0a38800e17e8000bd
:1021380070868000808f500004003900207a80006b
:10214800700060000000e00004003a00a0a38000d6
:102158000030a000a0a3880004003700a0a38000de
:1021680071ff2f0001006000a0a38800a0a38000d9
:102178004800de0060a18800a0a3800070a188004c
:10218800217a800000002200008060000000e0004a
:1021980006003a00e0b580004800de0080a1880013
:1021a800e0b5800090a1880005003700d07e80004f
:1021b8004800de0080a18800d07e800090a18800c1
:1021c800e08080004800de00a0a18800e080800058
:1021d800b0a18800a0b480004800de00c0a188003b
:1021e800a0b48000d0a18800908b80004880de00d9
:1021f800e0a18800908b8000f0a18800807e80009c
:102208004800de0000a28800807e800010a28800be
:10221800907e80004800de0020a28800907e80002a
:1022280030a28800b00b200060a388000000eb00fb
:10223800109f8800e00f2000d01088000080fa006e
:10224800000006000000fa00a00a2000209f880075
:1022580000012000309f880050072000409f880020
:10226800c0032000609f880000b38000e30f500087
:102278000300320000b38000e40f500010003a0061
:10228800e04080004800de00a09f8800e040800019
:10229800b09f8800f04080004800de00c09f8800a2
:1022a800f0408000d09f8800004180004800de0098
:1022b800e09f880000418000f09f88000c003700f4
:1022c8000000eb00a09f88000000eb00b09f880092
:1022d8000000eb00c09f88000000eb00d09f880042
:1022e8000000eb00e09f88000000eb00f09f8800f2
:1022f800707e80004800de0000a08800707e8000ac
:1023080010a08800412d20009140780000c8b3003b
:1023180000c060000004e00004003a00b0a38000a0
:102328000000a000b0a3880004003700b0a380001c
:10233800e1ff2f0001006000b0a38800e0c2bf00e9
:10234800614060000004e00004003a00b0a380008f
:102358000010a000b0a3880004003700b0a38000dc
:10236800d1ff2f0001006000b0a38800e0c2bf00c9
:10237800624060000004e00004003a00b0a380005e
:102388000020a000b0a3880004003700b0a380009c
:10239800b1ff2f0001006000b0a38800e6c2bf00b3
:1023a800624060000004e00004003a00b0a380002e
:1023b8000030a000b0a3880004003700b0a380005c
:1023c80071ff2f0001006000b0a38800e6c2bf00c3
:1023d800614060000004e00004003a00b0a38000ff
:1023e8000040a000b0a3880004003700b0a380001c
:1023f800f1fe2f0001006000b0a38800cfc2bf002b
:102408000042b2000004e00005003a00b0a38000da
:102418000102200001007000b0a38800040037000a
:10242800b0a38000f1fd2f0001006000b0a3880078
:10243800cfc2bf000044b2000004e00005003a002b
:10244800b0a380000104200001007000b0a3880040
:1024580004003700b0a38000f1fb2f0001006000ea
:10246800b0a38800c8c2bf00644060000004e00058
:1024780005003a00b0a380000108200001007000a8
:10248800b0a3880004003700b0a38000f1f72f0044
:1024980001006000b0a38800c8c2bf0068406000a7
:1024a8000004e00005003a00b0a3800001102000fd
:1024b80001007000b0a3880004003700b0a38000ba
:1024c800f1ef2f0001006000b0a38800c8c2bf0070
:1024d800704060000004e00005003a00b0a38000ee
:1024e8000120200001007000b0a38800040037001c
:1024f800b0a38000f1df2f0001006000b0a38800c6
:10250800207a800001102000010060000000e00037
:1025180005003200b0a3800001002800010070000f
:10252800b0a3880004003700b0a38000f1ff2700a3
:1025380001006000b0a38800e9c2bf000044b200f7
:102548000004e00004003200c0a380000000a000e6
:10255800c0a3880004003700c0a38000e1ff2f005b
:1025680001006000c0a38800e9c2bf00704060009d
:102578000004e00004003200c0a380000010a000a6
:10258800c0a3880004003700c0a38000d1ff2f003b
:1025980001006000c0a38800e9c2bf000042b20089
:1025a8000004e00004003200c0a380000020a00066
:1025b800c0a3880004003700c0a38000b1ff2f002b
:1025c80001006000c0a38800e9c2bf0001c8b300d1
:1025d800014060000004e00004003200c0a3800055
:1025e8000030a000c0a3880004003700c0a380000a
:1025f80071ff2f0001006000c0a38800d0c2bf0097
:10260800624060000004e00004003200c0a38000c3
:102618000040a000c0a3880004003700c0a38000c9
:10262800f1fe2f0001006000c0a38800d0c2bf00e7
:10263800644060000004e00005003200c0a3800090
:102648000102200001007000c0a3880004003700c8
:10265800c0a38000f1fd2f0001006000c0a3880026
:10266800e8c2bf0001c8b300014060000004e000f8
:1026780005003200c0a380000104200001007000a2
:10268800c0a3880004003700c0a38000f1fb2f001e
:1026980001006000c0a38800e9c2bf00614060007b
:1026a8000004e00005003200c0a3800001082000fb
:1026b80001007000c0a3880004003700c0a3800098
:1026c800f1f72f0001006000c0a38800e9c2bf0035
:1026d800624060000004e00005003200c0a38000f2
:1026e8000110200001007000c0a38800040037001a
:1026f800c0a38000f1ef2f0001006000c0a3880094
:10270800e8c2bf000044b2000004e0000500320047
:10271800c0a380000120200001007000c0a3880031
:1027280004003700c0a38000f1df2f000100600023
:10273800c0a38800b0a380004800de0020a0880065
:10274800b0a3800030a08800c0a380004800de004d
:1027580040a08800c0a3800050a088009086800018
:102768004800de0060a088009086800070a0880085
:1027780000b380004800de0080a0880000b380001d
:1027880090a0880090a080000000e00009003a00b6
:102798000000eb0090a08800017a8000a0aa2a001f
:1027a800808f500029003a004000200090a0880047
:1027b8002600370090a08000e10f500009003a0081
:1027c8001000200090a08800017a8000a0aa2a00aa
:1027d800808f50001d003a004000200090a0880023
:1027e8001a00370090a08000e20f500003003a0062
:1027f8002000200090a088001400370090a08000de
:10280800e30f500003003a002000200090a0880049
:102818000e00370090a08000e40f500003003a003b
:102828003000200090a088000800370090a08000a9
:10283800e50f500003003a005000200090a08800e7
:10284800020037000000eb0090a08800e07e8000c6
:102858004800de00a0a08800e07e8000b0a08800cc
:10286800107a80004800de00c0a08800107a80003e
:10287800d0a08800d07f80004800de00e0a088005b
:10288800d07f8000f0a08800307f80004800de0004
:1028980000a18800307f800010a18800700020000f
:1028a80020a18800c07d200030a1880070af800082
:1028b8004800de0040a1880070af800050a1880069
:1028c80060af8000e10f500004003a00a0a3800030
:1028d8000000a000a0a3880004003700a0a3800087
:1028e800e1ff2f0001006000a0a3880070ac800009
:1028f800640060000000e00004003200a0a3800033
:102908000010a000a0a3880004003700a0a3800046
:10291800d1ff2f0001006000a0a38800f0b0800064
:10292800e10f500004003a00a0a380000020a0009e
:10293800a0a3880004003700a0a38000b1ff2f00e7
:1029480001006000a0a38800e17e800070868000fe
:10295800808f500004003900207a800070006000e9
:102968000000e00004003a00a0a380000030a000ae
:10297800a0a3880004003700a0a3800071ff2f00e7
:1029880001006000a0a38800a0a380004800de002a
:1029980060a18800a0a3800070a18800217a80002f
:1029a80000002200008060000000e00006003a00fd
:1029b800e0b580004800de0080a18800e0b5800016
:1029c80090a1880005003700d07e80004800de0016
:1029d80080a18800d07e800090a18800e0808000df
:1029e8004800de00a0a18800e0808000b0a1880037
:1029f800a0b480004800de00c0a18800a0b4800018
:102a0800d0a18800808b80004880de00e0a188008b
:102a1800808b8000f0a18800807e80004800de0066
:102a280000a28800807e800010a28800907e80002e
:102a38004800de0020a28800907e800030a2880036
:102a4800608b80004880de0040a28800608b800098
:102a580050a28800f08b80004800de0060a2880049
:102a6800f08b800070a28800e08b80004800de00b8
:102a780080a28800e08b800090a28800208c8000d3
:102a88004800de00a0a28800208c8000b0a2880048
:102a9800b00b200060a388000000eb00109f8800a6
:102aa800e00f2000d01088000080fa000000060027
:102ab8000200fa00a00a2000209f880000012000e0
:102ac800309f880040082000409f88004000200078
:102ad800609f8800e0012000000f78001e00780049
:102ae800000040008000780000c02f0000804000f7
:102af800f07988001e00780000004000800078000f
:102b0800a0f420000080400000017800f0798000e7
:102b180080007800f00720001300200064210700df
:102b2800f0012000000f78001e007800000040002f
:102b38008000780000c02f0000804000f0798800f5
:102b48001e0078000000400080007800a0f42000fb
:102b58000080400000017800f07980008000780053
:102b6800f00720001300200051210700307c80006e
:102b78004800de00a09f8800307c8000b09f88005d
:102b8800407c80004800de00c09f8800407c8000b8
:102b9800d09f8800b00b200060a388000000eb00e5
:102ba800109f8800e00f2000d01088000080fa00f5
:102bb800000006000000fa0030032000f010880032
:102bc8000000eb00b010880017e2a80017a2a800c8
:102bd80016a2a900612120009140780090cfb3008f
:102be80000c0600016e2b7001602a9000000eb0062
:102bf800c01088001942a80019e2a90018c2bf0035
:102c0800f043b20018e2b7008720a9008700a900a6
:102c1800010a200091407800f0c8b30000c06000ad
:102c280001c4b30001407000a0e0b700010a200011
:102c38009140780080cfb30000c060000024a0005d
:102c4800a0e0b7008f20a8008f00a8000080fa003d
:102c580000000600809fbe00821f78003400f80044
:102c680000002000a00188000000fa0018c2bf0080
:102c7800624060000004e000010032001822a90050
:102c8800d412a8000000eb00f09e8800a0968000f7
:102c9800620060000000e00086003a0018c2bf0031
:102ca800644060000004e00084003a00b0968000b0
:102cb8000000e0000b003a00e0108000c096880099
:102cc800c1968000a00a2000808f50007b003a0047
:102cd80010002000b09688000000eb0010978800d4
:102ce80076003700b0968000e10f500005003a00ea
:102cf80020002000b0968800e0108000d096880060
:102d08006e003700b0968000e20f500005003a00d0
:102d180030002000b0968800e0108000e09688001f
:102d280066003700b0968000e30f500022003a009a
:102d380040002000b0968800e010800000978800ce
:102d480000978000f096880000978000fc0f5000e4
:102d580003003a0070032000b0968800570037003f
:102d680001978000c0032000808f500003003a00c4
:102d780080032000b096880050003700009780003c
:102d8800e10f500003003a0040002000b096880090
:102d98004a003700009780000000e00003003a0076
:102da80040002000b0968800440037000000eb0087
:102db800b096880041003700b0968000e40f5000bc
:102dc8000b003a00e0108000009b8800019b800007
:102dd800b00b2000808f500002003a00d432a800c7
:102de800d412a9000000eb00b09688003300370029
:102df800b196800070032000808f500013003a00c5
:102e0800009780000000e900009788001097800074
:102e1800e210800000004000f2004000602d210018
:102e28000080400002087800109780000000e80049
:102e380010978800009780000000e0001f003a000b
:102e480040002000b09688001c003700b196800032
:102e580080032000808f500013003a000097800004
:102e68000000e9000097880010978000e2108000b9
:102e780000004000f2004000602d2100008040006a
:102e880002087800109780000000e800109788007a
:102e9800009780000000e00008003a004000200091
:102ea800b0968800050037000000eb00b096880057
:102eb80002003700e0108000c09688008700a90053
:102ec8000080fa003400f9004f0178004f00be007e
:102ed80000400600809fbe003400f800000020007b
:102ee800a00188000000fa00109f80000000e000a8
:102ef80005003a00209f8000d010880010002000b4
:102f0800109f880039003700109f8000e10f5000a3
:102f180005003a0020002000109f8800309f8000a4
:102f2800d010880031003700109f8000e20f500059
:102f380005003a0030002000109f8800409f800064
:102f4800d010880029003700109f8000e30f500040
:102f580007003a0040002000109f8800609f800012
:102f6800d01088000000eb00709f88001f00370019
:102f7800109f8000e40f50001a003a00609f800004
:102f88000000e00006003a0020042000109f88009e
:102f9800b00b2000d0108800d452a80013003700ce
:102fa80040002000109f8800709f800000004000b3
:102fb800e111200080804000602d21000080400049
:102fc80010007800d0108800709f80000000e80092
:102fd800709f8800609f80000000e900609f880063
:102fe8000200370020042000109f88008720a900d5
:102ff8000080fa003400f9004f00be0000400600cf
:103008000000fa008700a9008f00a9000000eb006b
:10301800209788000000eb00309788000000eb0044
:103028003097880027003700f09680000000e900fc
:10303800f0968800f09680000000e900f09688007d
:10304800219780000180400072014000602d21001e
:103058000000410010007800109b88000100e80083
:10306800209788002197800001804000720140006d
:10307800602d21000000410010007800209b88008e
:103088000100e80020978800109b80004800dd00c0
:10309800109b880032978000119b8000209b800045
:1030a800808140000200410001092000808040002a
:1030b800602d210000804000030878000200e8002d
:1030c80030978800f0968000e10f5000d6ff3e0050
:1030d800d0968000f00f500057003a00e19680002b
:1030e80010082000808f500002003a00d4b2a800d7
:1030f8006b003700e196800010072000808f500099
:1031080002003a00d572a80065003700e1968000f9
:1031180050072000808f500002003a00d5b2a80066
:103128005f003700e196800020082000808f500063
:1031380002003a00d492a80059003700e1968000b6
:1031480020072000808f500002003a00d552a800c6
:1031580053003700e196800020062000808f500041
:1031680002003a007a34a8004d003700e19680004a
:1031780020052000808f500002003a007ab4a80091
:1031880047003700e196800040082000808f5000fb
:1031980002003a00d4d2a80041003700e19680002e
:1031a80050082000808f500006003a0000978000e9
:1031b800e10f50003a003a00d4f2a800d512a90055
:1031c80037003700e196800060082000808f5000ab
:1031d80005003a0000978000e10f500030003a00e7
:1031e800d512a8002e003700e19680007008200054
:1031f800808f500005003a0000978000e10f5000d2
:1032080027003a008e15a80025003700e1968000b7
:1032180080082000808f500005003a000097800049
:10322800e10f50001e003a008e35a8001c00370040
:10323800000000001a003700d1968000000220002c
:10324800808f500015003a00e19680003008200079
:10325800808f500001003a00d472a800e1968000e7
:1032680030072000808f500001003a00d532a800b6
:10327800e196800030062000808f500001003a005f
:103288007a14a800e196800030052000808f500055
:1032980003003a007a94a8000100370000000000fb
:1032a8008f00a8000080fa00000006004400fa0021
:1032b800889fbe000000eb00102798000000eb007c
:1032c80010279800140037001e20900000004000ce
:1032d8008000780000c02f0000804000f07988004e
:1032e8001e2090000000400080007800a0f420001c
:1032f8000080400000017800f079800080007800ac
:10330800f007200013002000691f07001e2090000e
:103318000000e800102798009e209000d0032000ad
:10332800808f5000e8ff3600507d8000708588004f
:10333800708580000000e00002003a0050d02000b4
:103348007085880070858000010020004a09dd0032
:10335800c600de00810071004a00dd00808588001b
:1033680091858800207c8000800078000000210082
:1033780000806000002798008e2090000000210047
:10338800808f500002003a00458fa80001003700e6
:10339800458fa900517a800060042000808f50007a
:1033a8000300360050012000507a880007003700db
:1033b800507a8000e90f500003003e0050012000c1
:1033c800507a88000100370000000000517a800020
:1033d800400620000088b900507a8800217a8000d1
:1033e80000002100008060000000e0000f003a00ab
:1033f800517a800000f421000100500001002000f3
:10340800a07f8800b17f8800a07f8000b17f800006
:103418004a09dd00c600de00810071004a00dd00b7
:10342800a07f8800b17f88000e003700517a8000a5
:10343800a0a021000100500001002000a07f88000a
:10344800b17f8800a07f8000b17f80004a09dd003d
:10345800c600de00810071004a00dd00a07f880000
:10346800b17f8800617a800080072000808f50003b
:103478000200360080022000607a8800617a8000ad
:10348800400620000088b900c07f8800a27f800025
:10349800b37f800080858000918580000000510006
:1034a8008180590002fa200003002000a0f40700e0
:1034b800f0808800a27f8000b37f80008085800034
:1034c800918580000000510081805900027d200014
:1034d8000300200096f4070000818800817a8000ac
:1034e800007d2000808f500003003600800c2000f3
:1034f800807a88000100370000000000807a800090
:1035080000868800717a8000401f2000808f50005c
:1035180003003600e0152000707a880008003700a4
:10352800717a800030062000808f500003003e0032
:10353800e0152000707a88000100370000000000c4
:10354800707a8000a2002000110009000280d800d3
:10355800707a8800008680006104b800707a800064
:103568006102b8008800780004007800000bb800f9
:1035780005c0b900070178000001410009a0b900a1
:103588000001410082037800a2002000030020000f
:103598000600be0060f30700f07f8800907a800084
:1035a800e07f8800a07a800050898800b07a800087
:1035b80052002000110009000280d80040898800cc
:1035c800c07a800010808800d17a8000c003200073
:1035d800808f50000200360040012000d07a880019
:1035e800d17a8000400620000088b9002080880039
:1035f800e07a800040868800f17a8000c0122000be
:10360800808f50000300360020032000f07a8800e5
:1036180007003700f07a8000e90f500003003e00f1
:1036280020032000f07a8800010037000000000025
:10363800f07a800060868800017b800060042000aa
:10364800808f50000200360030022000007b880086
:10365800007b800070868800117b80006004200059
:10366800808f50000300360080022000107b880005
:1036780007003700107b8000fd0f500003003e005c
:1036880080022000107b8800010037000000000045
:10369800117b8000400620000088b900010020004e
:1036a8003080880041808800217b800060042000f1
:1036b800808f500003003600c0032000207b880064
:1036c80007003700207b8000fd0f500003003e00fc
:1036d800c0032000207b88000100370000000000a4
:1036e800217b8000400620000088b90001002000ee
:1036f800508088006180880052808000638080004c
:103708003080800041808000800f5100818f5900f7
:10371800090036005080800061808000328080007f
:103728004380800002005000838058008080880019
:1037380091808800080037005080800061808000f8
:10374800328080004380800002005000838058004f
:10375800808088009180880080808000918080002f
:103768004a09dd00c600de00810071004a00dd0064
:103778008080880091808800848080009580800007
:10378800208080006101b8000400be00e8f3070053
:103798007080880030808000418080004a09dd0008
:1037a800c600de00810071004a00dd00308088001c
:1037b8004180880050808000618080004a09dd00d7
:1037c800c600de00810071004a00dd0050808800dc
:1037d80061808800307b8000e0818800407b800029
:1037e800f0818800507b800000828800607b800028
:1037f80010828800707b800020828800f0b08000f2
:103808000000e00004003a00707b80009086880089
:103818000000eb0080868800807b80003082880072
:10382800907b8000c0828800a07b8000d0828800c6
:10383800b07b800060828800c07b80007082880036
:10384800d07b800080828800e07b800090828800a6
:10385800f07b8000a0828800007c8000b082880015
:10386800107c8000e0828800207c8000610060007d
:10387800701f98007e189000e10f500002003a0077
:10388800440fa80001003700440fa900207c8000e5
:1038980062006000601f98006e189000e20f5000f0
:1038a80002003a00442fa80001003700442fa90065
:1038b800207c800064006000501f98005e18900013
:1038c800e40f500002003a00444fa80001003700fe
:1038d800444fa900207c800068006000401f9800c9
:1038e8004e189000e80f500002003a00446fa800fc
:1038f80001003700446fa900207c80007000600040
:10390800301f98003e189000f00f500002003a0057
:10391800448fa80001003700448fa900207c800054
:10392800800078000002200000806000201f9800be
:10393800ae18900000022000808f500002003a006c
:1039480044afa8000100370044afa900207c8000e4
:10395800800078000004200000806000101f98009c
:103968009e18900000042000808f500002003a004a
:1039780044cfa8000100370044cfa900207c800074
:10398800800078000008200000806000001f980078
:103998008e18900000082000808f500002003a0026
:1039a80044efa8000100370044efa900207c800004
:1039b80080007800002020000080600070179800c8
:1039c800fe10900000202000808f500002003a0076
:1039d800452fa80001003700452fa900207a800054
:1039e80001202000010060000000e0000a003a0009
:1039f800207c80008000780000102000008f60008c
:103a0800001020009e0f100002003a00450fa80089
:103a180001003700450fa900207c80008000780055
:103a2800004020000080600060179800ee109000b1
:103a380000402000808f500002003a00454fa80047
:103a480001003700454fa900207c800080007800e5
:103a5800008020000080600050179800de10900061
:103a680000802000808f500002003a00456fa800b7
:103a780001003700456fa900207a8000010021006d
:103a8800010060000000e00005003a004006200048
:103a9800608c880020032000708c880004003700a8
:103aa80040052000608c8800a0022000708c8800ef
:103ab800207c8000800078000000220000806000e8
:103ac80040179800ce10900000002200808f500010
:103ad80002003a0045afa8000100370045afa90031
:103ae800207c8000800078000000240000806000b6
:103af80030179800be10900000002400808f5000fe
:103b080002003a0045cfa8000100370045cfa900c0
:103b1800207c800080007800000028000080600081
:103b280020179800ae10900000002800808f5000e9
:103b380002003a0045efa8000100370045efa90050
:103b4800307c8000507e8800407c8000607e880049
:103b5800507c80006103b8008600780000002900ce
:103b68000009b8006130b900030278000002420081
:103b78000000290000b8b900000242008401780062
:103b88000200be00f082880001838800607c80000b
:103b98006103b80086007800000029000009b80019
:103ba8006130b900030278000002420000002900d9
:103bb80000b8b90000024200840178000200be008b
:103bc8001083880021838800707c80006103b8001e
:103bd80086007800000029000009b8006130b900ab
:103be80003027800000242000000290000b8b90072
:103bf80000024200840178000200be003083880081
:103c080041838800807c80006103b80086007800ca
:103c1800000029000009b8006130b90003027800eb
:103c2800000242000000290000b8b900000242006a
:103c3800840178000200be005083880061838800f8
:103c4800907c80006103b80086007800000029009d
:103c58000009b8006130b900030278000002420090
:103c68000000290000b8b900000242008401780071
:103c78000200be007083880081838800a07c8000d9
:103c88000100200090838800a1838800b17c800017
:103c9800400620000088b900b0838800c07c8000fe
:103ca80050858800d07c800060858800e07c80009a
:103cb80010858800f17c8000400620000088b9004b
:103cc800f0838800517c8000400620000088b900fd
:103cd8008000780000f4210001005000010020005d
:103ce800008488001184880000848000118480008a
:103cf8004a09dd00c600de00810071004a00dd00cf
:103d08000084880011848800128380002383800047
:103d1800f082800001838000800f5100818f59005c
:103d28000f003900b08380000000e0000c00320072
:103d38001283800023838000f0828000018380004a
:103d48000002510081825900b08380006101b800ef
:103d58000400be0076f207002084880002003700c5
:103d68000000eb00208488003283800043838000b9
:103d78001083800021838000800f5100818f5900bb
:103d88000f003900c08380000000e0000c00320002
:103d98003283800043838000108380002183800069
:103da8000002510081825900c08380006101b8007f
:103db8000400be005ef2070030848800020037006d
:103dc8000000eb0030848800528380006383800009
:103dd8003083800041838000800f5100818f59001b
:103de8000f003900d08380000000e0000c00320092
:103df8005283800063838000308380004183800089
:103e08000002510081825900d08380006101b8000e
:103e18000400be0046f20700408488000200370014
:103e28000000eb0040848800728380008383800058
:103e38005083800061838000800f5100818f59007a
:103e48000f003900e08380000000e0000c00320021
:103e580072838000838380005083800061838000a8
:103e68000002510081825900e08380006101b8009e
:103e78000400be002ef207005084880002003700bc
:103e88000000eb0050848800007d8000b08488002a
:103e9800b08480000000e00002003a00a00020008a
:103ea800b0848800107d8000c0848800c0848000b1
:103eb8000000e00002003a00c0122000c084880020
:103ec800207d800070898800708980000000e000f3
:103ed80002003a002003200070898800307d8000ad
:103ee800d0848800d08480000000e00002003a00fe
:103ef800401f2000d0848800407d8000e084880036
:103f0800e08480000000e00002003a00a0002000e9
:103f1800e0848800607d80006100600010179800d0
:103f28001e109000e10f500002003a0047efa80071
:103f38000100370047efa900607d80006200600043
:103f4800001798000e109000e20f500002003a008f
:103f5800480fa80001003700480fa900607d8000c5
:103f680064006000700f98007e089000e40f500015
:103f780002003a00482fa80001003700482fa90086
:103f8800607d800068006000700f98007e089000d7
:103f9800e80f500002003a00484fa800010037001f
:103fa800484fa900707d800061006000700f980084
:103fb8007e089000e10f500002003a00460fa8006a
:103fc80001003700460fa900707d80006200600084
:103fd800600f98006e089000e20f500002003a004f
:103fe800462fa80001003700462fa900707d8000e9
:103ff80064006000500f98005e089000e40f5000c5
:1040080002003a00464fa80001003700464fa900b9
:10401800707d800068006000400f98004e08900096
:10402800e80f500002003a00466fa8000100370070
:10403800466fa900707d800070006000300f980006
:104048003e089000f00f500002003a00468fa8008a
:1040580001003700468fa900707d8000800078003d
:104068000002200000806000200f9800ae08900039
:1040780000022000808f500002003a0046cfa800be
:104088000100370046cfa900707d800080007800cd
:104098000004200000806000100f98009e08900027
:1040a80000042000808f500002003a0046afa800ac
:1040b8000100370046afa900707d800080007800bd
:1040c8000008200000806000000f98008e08900013
:1040d80000082000808f500002003a0046efa80038
:1040e8000100370046efa900707d8000800078004d
:1040f800001020000080600070079800fe0090000b
:1041080000102000808f500002003a00470fa800de
:1041180001003700470fa900707d800080007800fb
:10412800002020000080600060079800ee009000ea
:1041380000202000808f500002003a00472fa8007e
:1041480001003700472fa900707d800080007800ab
:10415800004020000080600050079800de009000ba
:1041680000402000808f500002003a00474fa8000e
:1041780001003700474fa900707d8000800078005b
:10418800008020000080600040079800ce0090006a
:1041980000802000808f500002003a00476fa8007e
:1041a80001003700476fa900707d8000800078000b
:1041b800000021000080600030079800be009000d9
:1041c80000002100808f500002003a00478fa800ad
:1041d80001003700478fa900707d800080007800bb
:1041e800000022000080600020079800ae009000c8
:1041f80000002200808f500002003a0047afa8005c
:104208000100370047afa900707d8000800078006a
:104218000000240000806000100798009e009000b5
:1042280000002400808f500002003a0047cfa80009
:104238000100370047cfa900807d80006a00b900df
:10424800f0848800f08480000000e00002003a005a
:1042580060092000f0848800907d80000085880037
:10426800008580000000e00002003a00a000200065
:1042780000858800a07d800020858800208580003a
:104288000000e00002003a00400620002085880077
:10429800b07d800030858800308580000000e00017
:1042a80002003a004006200030858800c07d80006a
:1042b80040858800408580000000e00002003a0048
:1042c8004006200040858800d07d8000a0858800b9
:1042d800e07d8000b0858800f07d8000c085880082
:1042e800007e8000d0858800107e8000e0858800f0
:1042f800207e8000f0858800008680000100200074
:10430800a20020000300200003f00700a08188001d
:1043180000868000010020005200200003002000d9
:10432800fdef0700c0818800f07f80006103b800be
:1043380086007800d0052000000ab8006030b90077
:104348000501780000014100d005200000b8b9003f
:10435800000141008202780042062000030020008c
:104368000400be00ecef070010868800f07f800094
:104378006103b8008600780020062000000ab80013
:104388006030b900050178000001410020062000d6
:1043980000b8b900000141008202780042062000fe
:1043a800030020000400be00dbef07002086880021
:1043b800a07a8000a2002000110009000280d80025
:1043c8003086880000868000a200200011000900c5
:1043d8000280d80050868800018680000086800010
:1043e8000100b800d0868800e1868800e185800059
:1043f800000520000100b800f086880001878800c9
:10440800f886800009878000d6868000e7868000cd
:104418008800780006007800000ab80007c0b900d4
:10442800050178000001410009b0b9000001410010
:1044380082027800f486880005878800f18580006c
:10444800000520000100b800108788002187880037
:104458001887800029878000d6868000e78680003c
:104468008800780006007800000ab80007c0b90084
:10447800050178000001410009b0b90000014100c0
:104488008202780014878800258788004f04be00c0
:104498000080fa00000006000000fa00d2e2a8003e
:1044a800de02a800de22a800e422a800e402a80098
:1044b800d362a8000000eb00801688000000eb0023
:1044c800401788000000eb00b0168800e5c2a9007c
:1044d800e582a900e5a2a900e5e2a900cc22a9008d
:1044e800cc42a900e4c2a900e4e2a900e502a900bf
:1044f800e522a900d262a900d242a900d222a900cd
:10450800e9c2a900e982a900d042a9000000eb0095
:1045180020ac88000000eb0030ac88000000eb0005
:1045280040ac88000000eb0000b388000080fa006f
:10453800000006000000fa000000eb0020088800d8
:104548000000eb000008880005a1a9000421a900cb
:104558004110200091407800f0ccb30000c060000a
:1045680004e1b70005e1a80000f421001008880064
:104578005109200091407800f0c8b30000c06000e5
:1045880001c5b3000140700095e0b7008460a90040
:104598008c60a80042c0bf007f40600001c6b30025
:1045a8000140700042e0b7000080fa0000000600f9
:1045b8000000fa00d2c2a800d2a2a800d282a800a5
:1045c8000000eb00000688000000eb0010068800e1
:1045d800c1a0a800c1c0a800c1e0a8000000eb006d
:1045e800200688000000eb0030068800c5a0a9005e
:1045f800c5c0a900c5e0a900b10920009140780014
:10460800f0c8b30000c0600001c5b30001407000ed
:104618009be0b70085e0a9008de0a8000080fa00c3
:10462800000006000600fa006000b80010079800b5
:10463800210798000040eb00004f78000e0037007b
:104648001e80fb0000004000e4004000e01a21004a
:1046580000804000100078006101b8001e00900042
:10466800ae009000000041008180490010079800ca
:10467800210798001e4fe80030c0b3009e4f10007d
:10468800efff36001e009000ae0090004e09dd00de
:104698004200de0000007100c208de000080fa005f
:1046a800000006000800fa00100798009e0090001d
:1046b800b0bd2400808f5000040036009e0090009a
:1046c800c03f2500808f50000900360040d6bf004b
:1046d8000040e80040f6b70040d6bf00e24f500067
:1046e800190036000000eb0030079800180037006a
:1046f8000040eb0040f6b700caff0700000f780043
:104708009e0090001e00780000805000200798004e
:104718002e0090000000e00003003d002e009000f5
:104728000000ea00200798002e0090009e00780004
:10473800c208de00810f5000030036000000eb00c5
:10474800300798000200370010002000300798005a
:104758003e0090000080fa00000006000000fa0009
:104768001fe1a9000000eb00a0088800808d8000f0
:10477800803eb000d00888001fe1a8000080fa0041
:10478800000006000000fa00907f800064006000ce
:104798000000e0001c0032000000eb00c0088800a8
:1047a800217a800000002100008060000000e00005
:1047b80003003a0030682000e00888000200370053
:1047c800d0562000e008880086c0a9008ec0a80046
:1047d80021e1a80010002000d0b4880010c0b30068
:1047e80098f6b7001000200060ac880087a0a900e8
:1047f800e11420009140780080cfb30000c0600031
:104808004ee1b7008fa0a9000080fa000000060062
:104818000000fa000000eb00f0b488000000eb0094
:10482800700a88004ee1a900e11420009140780048
:10483800f0c9b30000c060004ee1b700e1142000e9
:104848009140780080cfb30000c060003040b300d2
:104858004ee1b700210a20009140780000c7b3005c
:1048680000c07000a2e0b70087a0a9008fa0a80030
:104878000080fa00000006000000fa000000eb00cb
:10488800800888000000eb003008880011a1a9000a
:1048980010c1a9001021a900011120009140780041
:1048a800f0ccb30000c060000044a00010e1b700e5
:1048b8001061a90011e1a9000080eb0060088800e0
:1048c800710920009140780080cfb30000c06000db
:1048d8006040b30097e0b70084c0a9008cc0a9006d
:1048e8000000eb00900888000000eb0050088800ea
:1048f80013a1a90012c1a9001221a90021112000a9
:1049080091407800f0ccb30000c060000044a000e3
:1049180012e1b70013e1a8000080eb0070088800de
:104928007109200091407800f0c8b30000c0600011
:1049380001c6b3000140700097e0b70084e0a90009
:104948008ce0a9000000eb00f00888000000eb00f4
:10495800a008880000e22400d00888001fa1a80051
:104968001ec1a9001e21a900e11120009140780074
:10497800f0ccb30000c060000044a0001ee1b70006
:104988001fe1a9001e61a900e109200091407800fb
:10499800f0c8b30000c0600001c6b3000140700059
:1049a8009ee0b70086a0a9008ea0a8000000eb003a
:1049b800000988000000eb00c008880021a1a800b9
:1049c80020c1a9002021a9000112200091407800ef
:1049d800f0ccb30000c060000044a00020e1b700a4
:1049e80021e1a90010b68000e0088800f109200044
:1049f8009140780080cfb30000c060006040b300f1
:104a08009fe0b70086c0a9008ec0a9000080fa0008
:104a1800000006003600f800809fbe00829fbe009e
:104a2800849fbe00869fbe003400f800000020006e
:104a3800a00188000000fa00f22fa80087a0a900b2
:104a4800e11420009140780080cfb30000c06000de
:104a58003040b3004ee1b7000000eb0010b2880010
:104a6800600a8000d0b28800d1b2800010b5800002
:104a7800808f500005003900d0b2800011b5800049
:104a880001005000e0b2880005003700d1b2800074
:104a980010b58000008050000000e900e0b28800f6
:104aa800e1b28000c0bd2400808f500014003600a1
:104ab800e1b28000b03f2500808f500010003e001a
:104ac800bad1bf000080fb00e2b2800000004000c5
:104ad800e4004000e01a210000804000020878004d
:104ae800bad1bf000080fb000000e80042002000af
:104af800110009000200d8008000fd00baf1b700db
:104b0800c8fe0700708d8800e0b28000e5fe07004f
:104b1800bbf1b700bbd1bf000004e00005003200c4
:104b2800708d8000808d88000cff070010c0b300d6
:104b38004cf6b700d0b2800010b58800bbd1bf00da
:104b48000004e000010032000eff07000080fa00b8
:104b58003400f9004f03be004f02be004f01be00f3
:104b68004f00be003600f90000400600809fbe00de
:104b78003400f80000002000a00188000000fa00be
:104b8800d0b48000e10f500015003a00d5c2bf0034
:104b9800684060000004e00011003a00bbd1bf008b
:104ba8000004e0000e0032000000eb00d0b48800e2
:104bb80021e1a90086c0a9008ec0a90087a0a9008c
:104bc8008fa0a800e11420009140780080cfb300a6
:104bd80000c060003040b3004ee1b700200037004d
:104be800d0b48000e10f500011003a00d5c2bf00d8
:104bf800684060000004e0000d003200bbd1bf0037
:104c08000004e0000a00320020002000d0b4880030
:104c180087a0a9008fa0a900e11420009140780086
:104c280080cfb30000c060004ee1b7000c00370031
:104c3800d0b48000e10f500009003a00d5c2bf008f
:104c4800684060000004e00005003a00bbd1bf00e6
:104c58000004e00002003a0020002000d0b48800e0
:104c6800d0b48000e20f50001d003a000000eb00b5
:104c7800c0088800e0808000e00888004dd6bf00aa
:104c8800e14f500006003a000040eb004df6b70037
:104c9800e108800080c12f0000804000e008880003
:104ca80030b4800010b6880086c0a9008ec0a80065
:104cb80021e1a800217a8000001020000080600017
:104cc8000000e00003003a0030002000d0b4880063
:104cd8004c003700b0002000d0b4880049003700ed
:104ce800d0b48000e30f50000c003a0040002000d0
:104cf800d0b488000000eb00c008880010b680001f
:104d0800e008880086c0a9008ec0a80021e1a8009c
:104d1800d662a800d642a8003a003700d0b4800076
:104d2800e40f500013003a0050002000d0b488006f
:104d380030002000e0b488000000eb003008880054
:104d4800e1b5800010b6800000805000600888003f
:104d580084c0a9008cc0a80011e1a800d662a900ef
:104d6800d642a900d622a90086c0a9008ec0a900f3
:104d780024003700d0b48000eb0f50000c003a003c
:104d8800c0002000d0b488000000eb00c0088800f4
:104d980010b68000e008880086c0a9008ec0a80070
:104da80021e1a800d662a800d642a8001500370065
:104db800d0b48000ec0f500012003a00d000200060
:104dc800d0b4880050012000e0b488000000eb0057
:104dd80030088800e1b5800010b6800000805000df
:104de8006008880084c0a9008cc0a80011e1a80050
:104df800d662a900d642a900d622a90086c0a90079
:104e08008ec0a9000080fa003400f9004f00be00ef
:104e180000400600809fbe003400f800000020001b
:104e2800a00188000000fa0084c0a900e0b4800056
:104e3800e30f50000c003a0040002000e0b4880066
:104e48000000eb003008880010b680006008880079
:104e580084c0a9008cc0a80011e1a800d662a800ef
:104e6800d622a8008f003700e0b48000e40f50007d
:104e78000f003a0050002000e0b488000000eb006a
:104e880030088800e1b5800010b68000008050002e
:104e98006008880084c0a9008cc0a80011e1a8009f
:104ea800d662a900d642a900d622a9007d00370003
:104eb800e0b48000e50f50000c003a0060002000cc
:104ec800e0b488000000eb003008880010b68000cd
:104ed8006008880084c0a9008cc0a80011e1a8005f
:104ee800d642a800d622a8006e003700e0b48000a1
:104ef800e60f50000f003a0070002000e0b4880070
:104f08000000eb0030088800e1b5800010b6800092
:104f1800008050006008880084c0a9008cc0a800e8
:104f280011e1a800d662a900d642a900d622a9009c
:104f38005c003700e0b48000e70f50000c003a0036
:104f480080002000e0b488000000eb0030088800f2
:104f580010b680006008880084c0a9008cc0a80032
:104f680011e1a800d642a800d662a8004d0037007b
:104f7800e0b48000e80f50000f003a0090002000d5
:104f8800e0b488000000eb0030088800e1b580003c
:104f980010b68000008050006008880084c0a90016
:104fa8008cc0a80011e1a800d662a900d642a900c9
:104fb800d622a9003b003700e0b48000e90f50007a
:104fc8000c003a00a0002000e0b488000000eb00cc
:104fd8003008880010b680006008880084c0a900e6
:104fe8008cc0a80011e1a800d622a800d662a800ab
:104ff8002c003700e0b48000ea0f50000f003a00a0
:10500800b0002000e0b488000000eb003008880001
:10501800e1b5800010b6800000805000600888006c
:1050280084c0a9008cc0a80011e1a800d662a9001c
:10503800d642a900d622a9001a003700e0b48000a1
:10504800eb0f50000c003a00c0002000e0b48800cc
:105058000000eb003008880010b680006008880067
:1050680084c0a9008cc0a80011e1a800d622a8001d
:10507800d642a8000b003700e0b48000ec0f5000c7
:1050880008003a00d0002000e0b48800d662a900e9
:10509800d642a900d622a90084c0a9008cc0a900c4
:1050a80011e1a900e0b48000f50f50000c003a00af
:1050b80060012000e0b488000000eb0030088800a0
:1050c80010b680006008880084c0a9008cc0a800c1
:1050d80011e1a800d642a800d622a8008f00370008
:1050e800e0b48000f60f50000f003a007001200075
:1050f800e0b488000000eb0030088800e1b58000cb
:1051080010b68000008050006008880084c0a900a4
:105118008cc0a80011e1a800d662a900d642a90057
:10512800d622a9007d003700e0b48000f70f5000b8
:105138000c003a0080012000e0b488000000eb0079
:105148003008880010b680006008880084c0a90074
:105158008cc0a80011e1a800d662a800d622a80039
:105168006e003700e0b48000f80f50000f003a00de
:1051780090012000e0b488000000eb0030088800af
:10518800e1b5800010b680000080500060088800fb
:1051980084c0a9008cc0a80011e1a800d662a900ab
:1051a800d642a900d622a9005c003700e0b48000ee
:1051b800f90f50000c003a00a0012000e0b488006c
:1051c8000000eb003008880010b6800060088800f6
:1051d80084c0a9008cc0a80011e1a800d642a8008c
:1051e800d662a8004d003700e0b48000fa0f5000e6
:1051f8000f003a00b0012000e0b488000000eb0086
:1052080030088800e1b5800010b6800000805000aa
:105218006008880084c0a9008cc0a80011e1a8001b
:10522800d662a900d642a900d622a9003b003700c1
:10523800e0b48000fb0f50000c003a00c0012000d1
:10524800e0b488000000eb003008880010b6800049
:105258006008880084c0a9008cc0a80011e1a800db
:10526800d622a800d642a8002c003700e0b480005f
:10527800fc0f50000f003a00d0012000e0b4880075
:105288000000eb0030088800e1b5800010b680000f
:10529800008050006008880084c0a9008cc0a80065
:1052a80011e1a800d662a900d642a900d622a90019
:1052b8001a003700e0b48000fd0f50000c003a00df
:1052c800e0012000e0b488000000eb00300888000e
:1052d80010b680006008880084c0a9008cc0a800af
:1052e80011e1a800d622a800d662a8000b0037005a
:1052f800e0b48000fe0f500008003a00f0012000e2
:10530800e0b48800d662a900d642a900d622a90036
:1053180084c0a9008cc0a90011e1a9000080fa008e
:105328003400f9004f00be00004006003600f800c7
:10533800809fbe00829fbe00849fbe00869fbe00e5
:105348003400f80000002000a00188000000fa00e6
:10535800808d8000d00888000040eb00bbf1b700ca
:10536800bbd1bf000004e00001003a0005fd0700c2
:105378004cd6bf000004e000080032000040eb00fb
:105388004cf6b70010c0b3004df6b700818d800011
:1053980080c12f0000804000d00888000000eb008a
:1053a800a008880086a0a9008ea0a8001fe1a80078
:1053b8000080fa003400f9004f03be004f02be001f
:1053c8004f01be004f00be003600f9000040060045
:1053d800809fbe00821f78003400f8000000200083
:1053e800a00188000000fa0085e0a900d4c2bf002f
:1053f8000080fb004600de00e140600020b2800033
:105408006140600080cf50000d003200d4c2bf0060
:105418000080fb004600de00614060000080fb0069
:105428006101600021b28000e0ff2f000080600071
:105438000200700020b288000000eb0030b2880043
:10544800d4c2bf000080fb004500de00e1406000e0
:1054580020b280000000d1006140600080cf500081
:105468000e003200d4c2bf000080fb004500de0001
:10547800614060000080fb006100600000014000a6
:1054880021b28000d0ff2f00008060000200700071
:1054980020b288000000eb0040b28800d4c2bf00f0
:1054a8000080fb004400de00e140600020b2800084
:1054b8004200de006140600080cf50000e003200e4
:1054c800d4c2bf000080fb004400de0061406000e1
:1054d8000080fb00610060004201dd0021b2800015
:1054e800b0ff2f00008060000200700020b288002a
:1054f8000000eb0050b2880000b38000e30f5000ba
:105508006800320000b38000e40f500065003200ec
:10551800707e8000fb0f50006200360020b28000d1
:10552800610060000000e00006003a00f0b480006e
:105538000000e00003003a0010002000f0b48800ea
:105548005800370020b28000610060000000e000d1
:1055580008003200f0b48000e10f500005003a0066
:1055680020002000f0b4880050088000c0b28800f5
:105578004c00370020b28000620060000000e000ac
:1055880048003200f0b48000e20f500045003a00b5
:105598000000eb00f0b4880050088000b0b288002a
:1055a800b1b28000c0b28000808f50000500360084
:1055b800b0b28000c1b2800001005000a0b28800e3
:1055c80009003700c0b28000800078000080eb003e
:1055d80001005000a0b28800a1b28000b0b28000e3
:1055e80000804000a0b28800a1b280007032220082
:1055f800808f500016003e0070b280000000e80066
:1056080070b288000000eb0080b288000000eb0058
:1056180090b2880070b28000e60f5000210036007a
:10562800f34fa90050002000f0b488000000eb0000
:1056380070b28800217a800000202000008060007d
:105648000000e00017003200450fa90015003700e0
:1056580080b280000000e80080b288000000eb0003
:1056680070b288000000eb0090b2880080b2800021
:10567800e60f50000b003600f34fa8005000200042
:10568800f0b488000000eb0080b28800217a800026
:1056980000202000008060000000e00001003200cf
:1056a800450fa8000080fa003400f9004f01780087
:1056b8004f00be00004006001200fa00c5d2bf002d
:1056c8000004e00058013200c2d1bf008080fb0016
:1056d800a0828000808f50004f013a0042d2bf0064
:1056e800e34f50004c01360042d2bf0000c0e90031
:1056f80080407800201c21009403070030079800a0
:1057080042d2bf000080fb008080e900201c2100fd
:1057180000804000104078000080fb004801dd0058
:1057280042d2bf000080fb008000e900201c21005d
:1057380000804000104078000080fb0000007100ed
:1057480020079800be0090002e009000808f500027
:1057580031013a00c3d1bf000080fb0070079800f8
:105768007e009000e60f500060003200fe009000be
:10577800f08f5000c30032007e019000e30f51000b
:10578800010032002401370042d2bf00e84f500028
:1057980021013a00c4d1bf000080fb00c800dd0031
:1057a800c5d1bf000080fb00008070006007980032
:1057b800c6d1bf000080fb00c800dd00c7d1bf0014
:1057c8000080fb0000807000500798005e00900089
:1057d8000000e00010013200de009000d00320003d
:1057e800808f50000c013e00ee009000f007200072
:1057f800808f500008013e00010820006e009000d4
:10580800808050005e009000808f500002013900b7
:10581800a082800043f2b70030c0b30044f2b70062
:105828005e0090000000400045f2b7000000eb0069
:1058380040079800240037004e0090000000400008
:10584800e3014000ee0090004e0090000080400010
:1058580080004000c0472100008040001000780010
:105868004800de00004178000108200083804000e5
:10587800201c210000804000124098004e0090003b
:1058880000004000e4014000ee0090004e0090004f
:105898000080400080004000c04721000080400098
:1058a8001000780000417800010820008380400043
:1058b800201c210000804000124098004e009000fb
:1058c8000000e80040079800ce0090005e009000bd
:1058d800808f5000d8ff39005e0090000000400023
:1058e8006340400025010700cb00370042d2bf00cb
:1058f800e84f5000c8003a00c4d1bf000080fb0048
:10590800c800dd00c5d1bf000080fb00008070002a
:1059180060079800c6d1bf000080fb00c800dd000a
:10592800c7d1bf000080fb000080700010079800fe
:10593800ee009000f0072000808f5000b6003e0077
:105948006e00900080004000c047210000804000a9
:105958009e009000010878006e019000020f9800e8
:10596800600620008e089000808f500022003200d0
:10597800600620000e099000800f510009003e00cb
:10598800400620008e089000808f50000e003200e4
:10599800500620000e099000800f510010003200c0
:1059a80022003700700620008e089000808f50007b
:1059b80019003200800620000e099000800f510067
:1059c80018003200190037009e009000a00a20003d
:1059d800808f500015003a008e15a800130037007c
:1059e8009e009000b00b2000808f50000f003a00fe
:1059f8008e35a8000d0037009e009000c00c2000d6
:105a0800808f500009003a000000eb00107a8800ef
:105a18008eb5a800050037001e0090003081880070
:105a28000200370040002000e07f88000000eb0003
:105a3800400798000d0037004e019000ce009000fe
:105a4800201c2100008040009041780001082000bf
:105a580082804000201c21000080400013409800f4
:105a68004e0090000000e800400798004e009000ab
:105a7800e50f5000f0ff360060c0b300bf0007001c
:105a88006500370042d2bf00e84f50006200360080
:105a9800c4d1bf000080fb00c800dd00c5d1bf0035
:105aa8000080fb000080700060079800c6d1bf002e
:105ab8000080fb00c800dd00c7d1bf000080fb00ec
:105ac8000080700050079800c8d1bf000080fb001c
:105ad800000f78005e0090000000e0004e003200e9
:105ae800de009000b0032000808f50004a003e0086
:105af8005e009000000040009e0f500046003a00f3
:105b080042d2bf008080fb001e017800690041007e
:105b1800808f500040003a00ee009000f00720000f
:105b2800808f50003c003e00010820006e0090006d
:105b3800808050005e009000808f50003600390051
:105b48000000eb00400798001a003700ee009000b4
:105b58004e009000808140004e0090000000400000
:105b6800e7004000201c2100008040001040780021
:105b78000080fb004801dd004e009000000040005e
:105b8800e8004000201c2100008040001040780000
:105b98000080fb000001710083804100c0472100a4
:105ba80000804000020878004e0090000000e800e5
:105bb80040079800ce0090005e009000808f500053
:105bc800e2ff39000000eb00400798000d003700a5
:105bd8004e019000ce009000201c21000080400063
:105be800904178000108200082804000201c21009c
:105bf80000804000134098004e0090000000e8002c
:105c0800400798004e009000e50f5000f0ff360066
:105c180060c0b300590007000040eb0042f2b70033
:105c28000040eb00c5f2b7000080fa000000060053
:105c38000000fa00de42a800de62a90021e2a90005
:105c4800b08280006101b80000122a0071002000b3
:105c5800b1e907000000e900a01088000000eb008f
:105c6800601088000de2a8000d42a9000000eb00ba
:105c7800701088000f42a8008520a9008d20a80078
:105c8800dec2a900e2c2a8000080fa0000000600f7
:105c9800809fbe003400f80000002000a0018800aa
:105ca8000200fa000ec2bf00624060000004e0007b
:105cb800070032000e22a90040968000519680000d
:105cc80061004000e08048004096880051968800b6
:105cd8000ec2bf00644060000004e0001e003200f5
:105ce8000e42a9001c00370090108000004f780079
:105cf800c5d2bf000004e00011003a0042d2bf0044
:105d08000004e0000b00350042d2bf008080fb0099
:105d1800201c2100008040001e48780042d2bf00ad
:105d28000040e80042f2b7000000eb00309688001f
:105d3800090037000040eb0042f2b70006003700c8
:105d4800409680005196800061004000e080480045
:105d580040968800519688000ec2bf0061406000de
:105d68000004e000e0ff3a008520a9000080fa0066
:105d78003400f9004f00be00004006000800fa0099
:105d880060479800ee409000e0c7b30080cf500015
:105d98000700360040968000519680006100400060
:105da800e0804800409688005196880041003700fe
:105db800ee40900030242100e401070020079800fd
:105dc8006e4090008080fb002e0090004800de00ae
:105dd800004178000108b000201c2100008040002c
:105de800124098006e4090000080fb008000e800a0
:105df8002e009000004178000108b000201c21000e
:105e080000804000124098006e40900000c0e800fa
:105e1800c3f2b7000040eb00c4f2b700e2c2a90029
:105e28000000eb00100798000f0037000fc2bf00fa
:105e3800624060000004e000fcff3a001e00900091
:105e48000108200080804000201c210000804000c4
:105e5800104090000080fb00801088001e00900019
:105e68000000e80010079800c3d2bf008080fb0044
:105e78001e009000808f5000ecff3e000fc2bf0054
:105e8800614060000004e000fcff320002003700bf
:105e980090108000004f78000ec2bf006140600083
:105ea8000004e000faff3a000e22a9008520a900ac
:105eb800e2c2a8000080fa0000000600809fbe0031
:105ec800821f78003400f80000002000a00188003c
:105ed8000000fa008540a900412c2100914078007b
:105ee800c3d2bf0080cf50000d003100422c2100ea
:105ef800124178000280fb000108200080804000e9
:105f0800201c210000804000104090000080fb0011
:105f1800801088000240e800c4f2b700050037008e
:105f28000fc2bf00614060000004e000fcff3200c7
:105f3800e2c2a8000080fa003400f9004f0178009e
:105f48004f00be00004006000800fa000000eb0009
:105f5800300798000000eb00200798000000eb00d5
:105f6800100798000000eb00000f780000b38000d5
:105f7800e30f50000300320000b38000e40f50002c
:105f880007003a00e0408000e0a38800f04080006d
:105f9800f0a388000041800000a4880006003700b4
:105fa8000000eb00e0a388000000eb00f0a38800ed
:105fb8000000eb0000a48800707e800010a4880018
:105fc800807e800020a48800907e800030a4880015
:105fd800412d20009140780000c8b30000c0600047
:105fe8000004e00003003a003e0090000000a0001a
:105ff80030079800e0c2bf00614060000004e00084
:1060080003003a003e0090000010a00030079800fe
:10601800e0c2bf00624060000004e00003003a00f4
:106028003e0090000020a00030079800e6c2bf00a4
:10603800624060000004e00003003a003e00900067
:106048000030a00030079800e6c2bf006140600041
:106058000004e00003003a003e0090000040a00069
:1060680030079800cfc2bf000042b2000004e00031
:1060780004003a003e009000010220000100700078
:1060880030079800cfc2bf000044b2000004e0000f
:1060980004003a003e009000010420000100700056
:1060a80030079800c8c2bf00644060000004e000e8
:1060b80004003a003e009000010820000100700032
:1060c80030079800c8c2bf00684060000004e000c4
:1060d80004003a003e00900001102000010070000a
:1060e80030079800c8c2bf00704060000004e0009c
:1060f80004003a003e0090000120200001007000da
:1061080030079800207a800001102000010060000c
:106118000000e000040032003e009000010028006a
:1061280001007000300798003e00900040a48800ed
:10613800e9c2bf000044b2000004e00003003200de
:106148002e0090000000a00020079800e9c2bf00c0
:10615800704060000004e000030032002e00900050
:106168000010a00020079800e9c2bf000042b2005a
:106178000004e000030032002e0090000020a00080
:1061880020079800e9c2bf0001c8b30001406000c1
:106198000004e000030032002e0090000030a00050
:1061a80020079800d0c2bf00624060000004e000f1
:1061b800030032002e0090000040a0002007980045
:1061c800d0c2bf00644060000004e0000400320058
:1061d8002e009000010220000100700020079800a6
:1061e800e8c2bf0001c8b300014060000004e0003d
:1061f800040032002e00900001042000010070000d
:1062080020079800e9c2bf00614060000004e00078
:10621800040032002e0090000108200001007000e8
:1062280020079800e9c2bf00624060000004e00057
:10623800040032002e0090000110200001007000c0
:1062480020079800e8c2bf000044b2000004e00044
:10625800040032002e009000012020000100700090
:10626800200798002e00900050a4880000b38000fa
:10627800000f78001e00e00003003200100020002c
:106288009e0f10000a003a00017a8000a0aa2a0096
:10629800808f500003003a004000200060a488006e
:1062a8001a0037001e00780060a488001700370025
:1062b800200020009e0f1000030032003000200054
:1062c8009e0f100003003a002000200060a4880000
:1062d8000e003700400020009e0f100003003a0017
:1062e8003000200060a4880008003700500020001b
:1062f8009e0f100003003a005000200060a48800a0
:10630800020037000000eb0060a48800e07e8000f7
:1063180070a48800107a800080a48800d07f800054
:1063280090a48800307f8000a0a48800c07d200051
:10633800b0a4880070af8000c0a488009086800058
:10634800d0a4880060af8000e10f500003003a003d
:106358001e0090000000a0001007980070ac80009c
:10636800640060000000e000030032001e0090009e
:106378000010a00010079800f0b08000e10f500056
:1063880003003a001e0090000020a00010079800ab
:10639800e17e800070868000808f50000400390004
:1063a800207a8000700060000000e00003003a00de
:1063b8001e0090000030a000100798001e009000fa
:1063c800e0a48800207a800001002200010060001b
:1063d8000000e00003003a00e0b58000f0a4880067
:1063e80002003700d07e8000f0a48800e0808000a2
:1063f80000a58800a0b4800010a58800808b8000cc
:1064080020a58800608b800030a58800f08b800074
:1064180040a58800e08b800050a58800208c800073
:1064280060a588000080fa00000006000400fa0059
:10643800889fbe0080858000918580000001be0095
:10644800a07f8000b17f8000800f5100818f5900ac
:106458003700310080858000918580004609dd0085
:106468004a00de0000007100ca88de00000f7800d4
:10647800a07f8000b17f80004609dd004a00de0071
:1064880000007100ca08de00100798001e00900086
:106498001e0050000100200000ac880011ac8800ec
:1064a800308180006104b80006ac800017ac800021
:1064b8008800780006007800000ab80007c0b90014
:1064c800050178000001410009b0b9000001410050
:1064d80082027800e4ab8800f5ab880080858000f4
:1064e800918580000004be00e2ab8000f3ab800021
:1064f8000060230001002000020040008380480063
:1065080002c026000300200089e807004a09dd00d0
:10651800c600de00810071004a00dd00080040006e
:1065280089804800a0808800b18088000400370076
:10653800a07f8000b17f8000a0808800b1808800a3
:106548004f04be000080fa00000006000a00fa00ae
:1065580030079800014f98000080eb002007980052
:106568000040eb00204798000040eb0010479800df
:10657800200037003e009000104078008080fb002b
:106588002e00900001006800200798003e0090004f
:106598000000e800300798000040eb00004f78004a
:1065a8000e0037002e009000610060000004e0003b
:1065b800060032002e0090008000d10010002a0052
:1065c8000080680020079800030037002e00900024
:1065d8000000d100200798001e4fe80070c0b300eb
:1065e8009e4f1000efff36001e4090000040e8006c
:1065f800104798009e4090000e48900080cf5000b1
:10660800dcff39002e0090004800de00204798008b
:106618002e009000c800dd002e4090000080fb0096
:10662800008070000080fa00000006000000fa00f8
:106638008025200030b488000000eb0020b48800da
:10664800f24fa900f30fa900f2cfa900f20fa90099
:10665800f26fa900f28fa900f2afa9000000eb00c9
:10666800008088000000eb0080b48800e07f800094
:10667800e20f500005003e00a07f8000b17f80003f
:10668800c0808800d180880007003700e07f800044
:10669800e30f500004003a00008480001184800059
:1066a800c0808800d18088000000eb0030b68800e8
:1066b8000000eb00008088006000b80010818800ae
:1066c800218188000000eb00d07f88000000eb00eb
:1066d800d08188000000eb0080818800430fa9006a
:1066e800432fa9005e76a9005e16a9005e36a900b0
:1066f8000000eb00b08c88000000eb00c08c880024
:106708000000eb00e08c88000000eb00d08c8800d3
:106718000000eb00f08c88000000eb00008d880082
:106728000000eb00208d88000000eb00108d880031
:106738000000eb00308d88000000eb00408d8800e1
:106748000000eb00608d88000000eb00508d880091
:106758000000eb00d0af88000000eb00e0af88003d
:106768000000eb00f0af88000000eb0000b08800ec
:106778000000eb0010b088000000eb0020b088009b
:106788000000eb0030b088000000eb0040b088004b
:106798000000eb0050b088000000eb0060b08800fb
:1067a8000000eb0070b088000000eb0080b08800ab
:1067b8000000eb0090b088000000eb00a0b088005b
:1067c8000000eb00b0b088000000eb00c0b088000b
:1067d8000000eb00d0b088000080fa00000006003e
:1067e8000000fa00f24fa900f30fa900d512a90082
:1067f800e982a90087a0a900e1142000914078004f
:1068080080cfb30000c060003040b3004ee1b70055
:106818008fa0a800d662a900d642a900d622a90056
:1068280015f807000000eb00d0b488000000eb006a
:10683800e0b488000080fa00000006000000fa00ba
:1068480060b480000000e00009003a00f0b2800067
:10685800620060000000e00005003a00100020001f
:1068680060b488000000eb0070b488005e36a900b0
:106878000080fa00000006000000fa0060b4800002
:106888000000e0000f003200e9e2a900d022a800d1
:1068980070b480000000e80070b4880071b4800013
:1068a800c0122000808f500006003600d022a900b8
:1068b8000000eb0070b488000000eb0060b48800b2
:1068c8005e36a8000080fa00000006000000fa000a
:1068d800f0b28000610060000000e00028003a008b
:1068e8005e36a900e0c2bf00614060000004e0001d
:1068f80003003200d022a900e9e2a8000100370015
:10690800e9e2a90080b480000000e80080b48800b3
:1069180081b48000401f2000808f5000180036008e
:10692800e9e2a9000000eb0080b488005e16a80028
:10693800f20fa900aaff0700b40207000000eb004d
:10694800d07f880070ac8000680060000000e00024
:106958000b003a00207a800001042000010060004a
:106968000000e00006003200307a800001002800b4
:10697800010060000000e00001003200420fa800a2
:106988000080fa00000006000000fa006000b8006d
:1069980010818800218188000000eb0030b6880053
:1069a8005eb6a8005e96a900e9e2a900f20fa90068
:1069b8008bff0700a1ff0700207a800064006000b9
:1069c8000000e000020032001000200040ac880007
:1069d80090b380000000e80090b3880091b3800075
:1069e800c0122000808f5000180036000000eb0015
:1069f80090b388000000eb0040ac88005e36a80029
:106a080070ac8000680060000000e0000b003200fd
:106a1800207a800001042000010060000000e000ee
:106a280006003200307a8000010028000100600072
:106a38000000e00001003200420fa8000000eb0057
:106a480000b388000000eb00a0b488000080fa00c2
:106a5800000006000000fa00a0b480000000e0007a
:106a680026003a0070ac8000640060000000e0007e
:106a780022003200a08680000000e0001f003a00db
:106a8800f0b08000e10f50001c003a00207a80002e
:106a980001002800010060000000e00017003a0033
:106aa800e17e800070868000808f500004003900ed
:106ab800207a8000700060000000e00042013a0087
:106ac8001000200000b3880010002000a0b4880047
:106ad800e9c2a8001000200020ac8800d042a9001c
:106ae8000000eb0040ac88000000eb0030ac8800f0
:106af8000000eb00b087880033013700a0b48000a5
:106b0800e10f500059003a0070ac8000640060004a
:106b18000000e00007003a000000eb0000b3880026
:106b28000000eb00a0b48800e9c2a9000000eb0057
:106b380020ac8800e17e800070868000808f500045
:106b48000b003600207a8000700060000000e00032
:106b5800070032000000eb0000b388000000eb00e3
:106b6800a0b48800e9c2a9000000eb0020ac8800ae
:106b7800207a800001002800010060000000e00089
:106b8800070032000000eb0000b388000000eb00b3
:106b9800a0b48800e9c2a9000000eb0020ac88007e
:106ba80070ac8000610060000000e0000601320067
:106bb800207a800001002400010060000000e0004d
:106bc800010032005e96a8002000200000b3880073
:106bd8000000eb0030b288000000eb0040b28800f3
:106be8000000eb0050b2880020002000a0b488000c
:106bf8000000eb0020b38800e982a800e9c2a900e0
:106c08000000eb0020ac8800a8f1070087fe070011
:106c18009186800020828000808f5000010036001d
:106c280043cfa8000000eb00808688006000b80011
:106c38007087880081878800b08b8000c08b8800af
:106c4800a08b8000b08b8800608b8000a08b8800b0
:106c58000000eb00608b88000000eb00f08b8800e0
:106c68000000eb00e08b8800d7003700a0b480005c
:106c7800e20f500022003a0020b380000000e80034
:106c880020b3880021b3800040062000808f500088
:106c9800cd00360060af8000e10f50000a003a00d6
:106ca800017a8000a0aa2a00808f500006003200d6
:106cb800207a8000610060000000e00002003200dd
:106cc80043efa800c0003700707e8000008c880069
:106cd80043efa9003000200000b388000000eb005b
:106ce80020b388000000eb0030b38800300020009b
:106cf800a0b488001000200010b28800b20037004d
:106d0800a0b48000ef0f50000b003a00207a8000fa
:106d180001402000010060000000e0000300320094
:106d280080002000a0b48800a700370030002000b1
:106d3800a0b48800a4003700a0b48000e30f50007e
:106d480009003a00f24fa800f30fa900707b8000f9
:106d5800908688000000eb00808688000000eb0029
:106d6800f0b0880098003700a0b48000e50f50000c
:106d780002003a0004ff070093003700a0b4800027
:106d8800e70f500014003a00a09680000108200088
:106d9800010060000000e0008b0032000000eb0002
:106da800a08688005eb6a8000000eb00107a880074
:106db800d4f2a900d042a9000000eb0040ac880042
:106dc8000000eb0030ac8800d022a9000000eb00e6
:106dd800a0b488007c003700a0b48000e80f500001
:106de8002f003a00f24fa800f30fa900707b800033
:106df800908688000000eb00808688000000eb0089
:106e0800f0b08800517a800000f4210001015000a0
:106e18000182800040062000010050000090b90067
:106e280042062000110009000280d8006101b80064
:106e380080858000918580000200400083804800a2
:106e4800c0808800d1808800c0808000d180800008
:106e58004609dd004a00de0000007100ca08de00b5
:106e6800e0808800128180002381800010828000e9
:106e78006a00b90001002000800f5100818f59007d
:106e88005100360030002000a0b48800a07f8000a8
:106e9800b17f8000c0808800d18088004a00370018
:106ea800a0b48000ea0f500017003a00e982a80059
:106eb80040b380000000e80040b3880041b3800080
:106ec800800c2000808f50003f003600f7f007004c
:106ed8007003200010b3880030808000418080005b
:106ee800c0808800d18088006000b80010818800c8
:106ef800218188005000200000b38800b0002000e5
:106f0800a0b4880030003700a0b48000eb0f500018
:106f180003003a00c0002000a0b488002a0037000f
:106f2800a0b48000f10f500023003a00e982a800c5
:106f380040b380000000e80040b3880040b3800000
:106f4800f40f500020003600d8f00700700320002e
:106f580010b388004081800051818000c080880083
:106f6800d1808800128180002381800020808000e9
:106f780001002000800f5100818f59000400390062
:106f88001081800021818000608188000200370024
:106f980020808000608188006000b800108188002f
:106fa800218188005000200000b3880020012000c3
:106fb800a0b4880004003700a0b48000ed0f500092
:106fc80001003a0070fe070070ac800068006000a5
:106fd8000000e00005003a00b0b480000000e000c6
:106fe80002003a0010002000b0b4880070ac8000a5
:106ff800680060000000e00010003200b0b48000bb
:10700800e10f50000d003a0020002000b0b48800c5
:107018004000200000b3880040002000a0b4880091
:107028005e36a900217a80000000240000806000fc
:107038000000e000010032005eb6a80070ac8000dd
:10704800680060000000e00005003a00b0b480006d
:10705800e20f500002003a000000eb00b0b48800d4
:1070680070ac8000680060000000e000130032008f
:10707800207a800001042000010060000000e00088
:107088000e003200a0b48000e30f50000b003e0059
:107098004000200000b3880040002000a0b4880011
:1070a8005e36a900217a800000002400008060007c
:1070b8000000e000010032005eb6a80070ac80005d
:1070c800620060000000e00017003200a0b48000f9
:1070d800e40f500014003a00208080000000e00017
:1070e800110032000000eb0030b688006000b800e4
:1070f8001081880021818800c003200000b3880027
:107108000000eb0040b388000000eb0010b38800db
:10711800a0002000a0b48800e9c2a9000000eb008c
:1071280020ac88002a00370070ac80006200600044
:107138000000e00013003200a0b48000e10f50000e
:1071480010003600a0b48000e30f50000d003e0090
:10715800208080000000e0000a00320010012000ba
:10716800a0b48800e9c2a9000000eb0020ac8800a8
:10717800c0808000d18080004081880051818800d3
:107188001300370070ac8000620060000000e0006f
:107198000f003200208080000000e0000c003a0060
:1071a800a0b48000e10f500009003600a0b48000b0
:1071b800e40f500006003e00a0fd0700500020002c
:1071c800a0b48800e9c2a9000000eb0020ac880048
:1071d800107a80000000e0001c00320097fd0700d4
:1071e8007ffd0700e9c2a9000000eb0020ac880081
:1071f800d042a8001000200030ac88005eb6a8007d
:107208005e96a900912e20009140780000c8b30036
:1072180000c060000004e00002003a0010002000f6
:1072280040ac8800470007000000eb00d07f8800d2
:107238007600070010002000a08688000000eb0000
:1072480000b3880070002000a0b48800907f800000
:10725800610060000000e0000500320070ac8000b2
:10726800620060000000e00001003a0097fd07009e
:1072780081fd0700a0b48000e40f50001b003a0015
:1072880070ac8000680060000000e00015003a0063
:10729800207a800001042000010060000000e00066
:1072a80010003200307a80000100280001006000e0
:1072b8000000e0000b00320090b480000000e800fd
:1072c80090b4880091b48000401f2000808f500047
:1072d80006003600420fa8000000eb0090b48800ba
:1072e800020037000000eb0090b4880000b3800073
:1072f8000000e0000300320000b38000e10f5000fe
:107308000e003a0070ac8000700060000000e000e1
:1073180005003a00a09680000110200001006000de
:107328000000e00003003200a0aa2a00007a8800ca
:10733800020037000000eb00007a88000080fa00a5
:10734800000006000600fa00517e8000107a8000d6
:10735800808f50002b003200100280006700600010
:10736800200798009002800010079800ff3ffc005b
:10737800210420009140780000ceb30000c07000c6
:1073880042e0b7001e009000900288000000eb0069
:10739800900288000800fc00c0c32f00f079880024
:1073a800f1798000f0072000120020004d0f07003f
:1073b800f2798000f10720001300200020f420005b
:1073c8006c0f0700107a8000507e88000000eb00e8
:1073d8009002880090028000000f7800ff3ffc00b8
:1073e8002e00900067406000c500dd0042c0bf006d
:1073f8007f4060000140700042e0b7001e00780046
:10740800900288000080fa00000006000600fa00da
:10741800617e8000d07f8000808f50002b0032007a
:10742800100280006700600020079800900280002a
:1074380010079800ff3ffc002104200091407800cd
:1074480000ceb30000c0700042e0b7001e009000fc
:10745800900288000000eb00900288000800fc0001
:10746800e0c32f00f0798800f1798000f007200050
:10747800120020001b0f0700f2798000f10720009e
:1074880013002000a0ff20003a0f0700d07f8000e3
:10749800607e88000000eb00900288009002800067
:1074a800000f7800ff3ffc002e009000674060004e
:1074b800c500dd0042c0bf007f4060000140700091
:1074c80042e0b7001e007800900288000080fa00b1
:1074d800000006000000fa00f0b580000000e0009f
:1074e80006003a00d4c2bf000044b2000004e00025
:1074f80002003a0010002000f0b58800f0b58000c6
:10750800e10f500008003a00d4c2bf000044b200a6
:107518000004e0000400320020002000f0b58800dc
:107528005008800070b18800f0b58000e20f50006c
:1075380006003a00d5c2bf00684060000004e000c1
:1075480002003a0030002000f0b58800f0b5800055
:10755800e30f50001a003a00d5c2bf00684060002f
:107568000004e000160032005008800060b1880076
:1075780061b1800070b18000808f50000500360036
:1075880060b1800071b180000100500070af8800c8
:107598000900370070b18000800078000080eb009f
:1075a8000100500070af880071af800060b18000aa
:1075b8000080400070af880040002000f0b58800cf
:1075c800f0b58000e40f50001b003a00d182800023
:1075d80070af8000808f500011003100c1828000a0
:1075e80070af8000808f50000d00360080b18000a1
:1075f8000000e80080b1880080b18000e30f5000ef
:10760800040036000000eb0060af88000000eb00cb
:1076180080b188000000eb00f0b588000600370054
:107628000000eb0080b188001000200060af8800e7
:107638000000eb00f0b588000080fa0000000600aa
:107648000000fa00907f8000620060000000e00007
:107658001a003200600a800010b1880011b1800061
:1076680020b18000808f50000500360010b18000e6
:1076780021b180000100500000b1880009003700e6
:1076880020b18000800078000080eb0001005000ed
:1076980000b1880001b1800010b180000080400076
:1076a80000b1880010b1800020b188000000eb0014
:1076b800c0af8800f22fa90003003700c0af8000d8
:1076c8000000e800c0af880001b1800000e8230096
:1076d800808f50000a00360001b18000f05e25005e
:1076e800808f500006003e000000eb00a0af88002d
:1076f800b0af80000000e800b0af88000500370098
:10770800a0af80000000e800a0af88000000eb00f8
:10771800b0af8800b0af8000e30f50000100360022
:10772800f32fa800a0af8000e30f5000010036003f
:10773800f32fa90000b180000000e0001000320023
:1077480001b1800000e82300808f50000c00360053
:1077580001b18000701a2600808f500008003e009a
:1077680002b180000068290081092000811f78008b
:10777800110009004288d800cf007800307f8800c7
:1077880000b1800062002000110009000280d800ca
:1077980080af880081af8000c0a82000808f500093
:1077a8000b00360081af800070d42000808f50001d
:1077b80007003e00207a8000620060000000e000c0
:1077c8000300320080af8000e0b588000a0037006f
:1077d800207a800001002100010060000000e00024
:1077e80003003a0050d02000e0b5880002003700be
:1077f80090ad2000e0b588000080fa000000060087
:107808000000fa00a0b48000e30f50002b003a00fb
:10781800307a800001002100010060000000e000d3
:1078280026003200a17e8000a07e80000100b80002
:10783800b0868800c18688007087800081878000b4
:10784800e00f5000e08f58000e0035007087800070
:10785800818780000001be00b0868000c18680005c
:107868000201400083814800d0868000e1868000c4
:107878000000510081805900708788008187880046
:10788800030037006000b80070878800818788008f
:107898007087800081878000f286800003878000df
:1078a800820f5000838f580004003400422fa80034
:1078b8006000b8007087880081878800a0b48000c5
:1078c800e40f50002b003a00307a800001002200bb
:1078d800010060000000e00026003200a17e800068
:1078e800a07e80000100b800b0868800c1868800ac
:1078f80090878000a1878000e00f5000e08f58003b
:107908000e00350090878000a18780000001be002e
:10791800b0868000c1868000020140008381480053
:10792800d0868000e18680000000510081805900e7
:1079380090878800a1878800030037006000b8009e
:1079480090878800a187880090878000a1878000a1
:107958001287800023878000820f5000838f580091
:1079680004003400422fa8006000b8009087880007
:10797800a18788000080fa00000006000000fa00d5
:1079880000b380000000e0002a003a00f0b0800058
:107998000000e00027003a00e0b080000000e800a6
:1079a800e0b08800e0b08000ea0f50002100360007
:1079b8000000eb00e0b08800808680000000e00056
:1079c8000a003a00908680000000e00007003a00b4
:1079d80010002000f0b088000000eb0080868800ce
:1079e8000000eb0090868800120037008086800037
:1079f8000000e00009003a00908680000000e000e6
:107a080006003200b003200080868800908680003f
:107a18000000e90090868800060037008086800014
:107a28000000e00003003200808680000000e900ca
:107a3800808688000080fa00000006000000fa0036
:107a4800717e8000e0818000808f50000400390042
:107a5800d0af80000000e800d0af880002003700f7
:107a68000000eb00d0af8800817e8000e0818000bc
:107a7800808f500004003900e0af80000000e8006b
:107a8800e0af8800020037000000eb00e0af88009c
:107a9800917e8000e0818000808f500004003900d2
:107aa800f0af80000000e800f0af88000200370067
:107ab8000000eb00f0af880031858000d0af800077
:107ac800808f50000800390031858000e0af8000c9
:107ad800808f50000400390031858000f0af8000ad
:107ae800808f500007003100436fa8000000eb00b2
:107af800d0af88000000eb00e0af88000000eb008a
:107b0800f0af88000080fa00000006000000fa00cc
:107b1800717e8000f0818000808f500004003e005c
:107b280000b080000000e80000b0880002003700c4
:107b38000000eb0000b08800817e8000f0818000aa
:107b4800808f500004003e0010b080000000e80064
:107b580010b08800020037000000eb0010b0880069
:107b6800917e8000f0818000808f500004003e00ec
:107b780020b080000000e80020b088000200370034
:107b88000000eb0020b088004185800000b0800034
:107b9800808f5000080039004185800010b08000b7
:107ba800808f5000040039004185800020b080009b
:107bb800808f500007003100438fa8000000eb00c1
:107bc80000b088000000eb0010b088000000eb0057
:107bd80020b0880010b28000ea0f50000100360083
:107be800434fa8000080fa00000006000000fa00d9
:107bf800d17e8000b0848000808f50000900390059
:107c0800b0b080000000e800b0b08800c1848000f7
:107c1800b0b08000808f50000400310043afa8004e
:107c2800020037000000eb00b0b088000080fa00c6
:107c3800000006000000fa00a17e80004086800057
:107c4800808f50000900390030b080000000e80043
:107c580030b088000185800030b08000808f5000ef
:107c680004003100426fa800020037000000eb005a
:107c780030b08800c17e800040868000808f500030
:107c88000900390040b080000000e80040b08800da
:107c98000185800040b08000808f500004003100d2
:107ca80042afa800020037000000eb0040b0880097
:107cb8000080fa00000006000000fa00a17e8000a3
:107cc80050858000808f500009003e0060b0800021
:107cd8000000e80060b088006185800060b0800026
:107ce800808f500004003100430fa80002003700c5
:107cf8000000eb0060b08800c17e800050858000e5
:107d0800808f500009003e0070b080000000e8003d
:107d180070b088006185800070b08000808f50004e
:107d280004003100430fa800020037000000eb00f8
:107d380070b088000080fa00000006000000fa0019
:107d4800e17e800070868000808f50000900360038
:107d580050b080000000e80050b088001185800015
:107d680050b08000808f500004003100428fa8007e
:107d7800020037000000eb0050b088000080fa00d5
:107d8800000006001400fa00a17e8000b07e80008a
:107d980000805000007f8800b17e8000c07e800097
:107da80000805000107f8800c17e8000a07e800087
:107db80000805000207f8800007f80000000e000e5
:107dc80003003d00007f80000000ea00007f88007b
:107dd800107f80000000e00003003d00107f80005d
:107de8000000ea00107f8800207f80000000e0008b
:107df80003003d00207f80000000ea00207f88000b
:107e0800017f8000107f8000808f500002003d00bd
:107e1800107f8000007f8800017f8000207f800025
:107e2800808f500002003d00207f8000007f880086
:107e3800a17e8000b07e800080804000c07e8000ef
:107e480000804000010020001007980021079800da
:107e58001e009000ae00900032002000811f7800c4
:107e6800110009004288d800cf0078003007980038
:107e7800007f8000cf80de0036e10700000f980009
:107e8800110f98003e009000cf80de0031e107001e
:107e980060079800710798003e0090000000e0001d
:107ea80007003d0002002000037824006e009000c7
:107eb800fe0090002fe20700600798007107980005
:107ec8006e019000fe0190000e0890009e08900040
:107ed800a1e1070040079800510798000200200020
:107ee800832c24004e009000de009000dce10700a7
:107ef8007de20700000f7800608680009e0f50002a
:107f080010003e00528a8000638a8000a000200092
:107f180001002000800f5100818f590009003400b2
:107f2800c0b080000000e800c0b088002185800053
:107f3800c0b08000808f50000400310042cfa800fc
:107f4800020037000000eb00c0b088000080fa0093
:107f5800000006000000fa00707e8000f30f500059
:107f68000a003e0090af80000000e80090af880053
:107f780090af8000ea0f500006003600434fa8007b
:107f88000000eb0090af8800020037000000eb0013
:107f980090af88000080fa00000006000000fa0098
:107fa80030b280000000e80030b2880040b28000a3
:107fb8000000e80040b2880050b280000000e800ed
:107fc80050b2880031b2800020032000808f50001a
:107fd80008003e0041b2800020032000808f50003e
:107fe80004003e0051b2800020032000808f500022
:107ff80001003600424fa80000b38000e40f500093
:1080080006003a000000eb0030b288000000eb00e8
:1080180040b288000000eb0050b288000080fa00ef
:10802800000006000000fa00707e8000e90f500092
:108038000a003e00d0b080000000e800d0b0880000
:10804800d0b08000ea0f5000070036005e76a80026
:108058000000eb00f0b48800030037000000eb00dc
:10806800d0b088005e76a9000080fa000000060003
:108078000000fa00a0b48000e20f500009003a00a6
:10808800307a8000700060000000e00005003200d7
:10809800017a8000a0aa2a00808f500001003200d7
:1080a800beff0700a0b48000e10f50000d003600ad
:1080b800a0b48000e30f50000a003e00307a800030
:1080c80001022000010060000000e000050032000d
:1080d800017a8000a0aa2a00808f50000100320097
:1080e8009cff0700a0b48000e20f5000030032009c
:1080f800a0b48000e30f500005003a00307a8000f9
:10810800620060000000e000010032007ffe07000e
:10811800a0b48000e30f500015003a00307a8000c8
:10812800610060000000e0000100320043fe07002b
:10813800307a8000640060000000e0000100320036
:10814800bcfe0700307a80000104200001006000b6
:108158000000e00001003200a4fe0700407a800021
:10816800620060000000e00001003200f3fe07003a
:10817800a0b48000e40f50001d003a00307a80005f
:1081880001082000010060000000e000010032004a
:108198002afe0700307a80000110200001006000ec
:1081a8000000e0000100320058fe0700307a80002d
:1081b80001202000010060000000e0000100320002
:1081c8009cfe0700307a80000180200001006000da
:1081d8000000e0000100320084fe0700407a8000c1
:1081e800640060000000e00001003200b2fe0700f9
:1081f8000080fa0000000600809fbe003400f800ee
:1082080000002000a00188000000fa0098d6bf00f6
:10821800e14f500014003a0099d6bf000040e80032
:1082280099f6b70099d6bf00ee4f50000e00360001
:108238000040eb0099f6b7000040eb0098f6b70055
:108248000000eb0060ac880087a0a900e1142000c2
:108258009140780080cfb30000c060003040b30088
:108268004ee1b7008fa0a800a416a80030b5800082
:108278000000e80030b5880040b580000000e80044
:1082880040b5880050b580000000e80050b588006f
:1082980060b580000000e80060b5880030b5800057
:1082a800e90f500003003600a456a8000000eb00b8
:1082b80030b5880040b58000e40f50000300360058
:1082c800a436a8000000eb0040b5880050b5800037
:1082d800ee0f500003003600a476a8000000eb0063
:1082e80050b5880061b5800030062000808f5000ae
:1082f80003003600a4d6a8000000eb0060b5880093
:1083080042d2bf000004e0000a003200309680002c
:108318000000e8003096880030968000ea0f500090
:108328000400360010c0b300c5f2b7000000eb002f
:10833800309688008460a9000080fa003400f900b3
:108348004f00be00004006000000fa0010818000c7
:108358002181800061004000e08048001081880091
:10836800218188001281800023818000400620003e
:1083780001002000800f5100818f59000c00360049
:10838800907f8000610060000000e00008003a0073
:10839800108180002181800042062000811f780022
:1083a800110009004288d800cf007800d07f8800eb
:1083b800e07f80000000e000a3003a00907f80008a
:1083c80001082000010060000000e00061003a00a0
:1083d800708180008000780000868000808f5000c7
:1083e8001700360091818000a0818000808f5000a6
:1083f8000a003400c2808000d3808000f0808000b2
:108408000000d100010020000000510081805900c7
:10841800c0808800d180880011003700c2808000a9
:10842800d3808000f080800001002000000051000f
:1084380081805900c0808800d180880008003700fa
:10844800c2808000d3808000f0808000010020007e
:108458000000510081805900c0808800d1808800c8
:10846800b1818000c0818000808f500010003400ee
:10847800c2808000d3808000f0808000010020004e
:108488000000510081805900c0808800d180880098
:10849800c2808000d3808000f0808000010020002e
:1084a8000000510081805900c0808800d180880078
:1084b800c0808000d1808000828580009385800004
:1084c800820f5000838f580004003100808580009f
:1084d80091858000c0808800d1808800907f8000ce
:1084e80001042000010060000000e00009003a00db
:1084f800d08180006a004000d0818800d08180004f
:108508008000780030828000808f500001003600a3
:10851800430fa8001281800023818000c07f800063
:1085280001002000800f5100818f590001003600a2
:10853800432fa800c0808000d18080004609dd005c
:108548004a00de0000007100ca08de00e0808800f2
:108558007201370070b580000000e80070b588002f
:1085680070b58000f30f50000b003600e1142000b6
:108578009140780080cfb30000c060003040b30065
:108588004ee1b70087a0a8000000eb0010b28800f9
:108598000000eb0070b58800c2808000d3808000a6
:1085a800f080800001002000000051008180590007
:1085b800c0808800d1808800c2808000d38080007d
:1085c8008085800091858000800f5100818f59003f
:1085d800150031008085800091858000c08088006a
:1085e800d1808800008080000000e80000808800ba
:1085f80001808000800c2000808f5000050036002c
:10860800907f8000640060000000e00001003200fc
:10861800f20fa8000180800080252000808f500084
:1086280001003600432fa800c0808000d180800060
:108638004609dd004a00de0000007100ca08de00bd
:10864800e080880035013700e07f8000e10f5000ae
:1086580071003a00a17e8000f07f8000808f50007a
:108668002a003100a17e800010868000808f500093
:108678000b003100c2808000d3808000f180800030
:10868800608280000088b9000100200000005100cd
:1086980081805900c0808800d18088002c00370074
:1086a800a17e800020868000808f50000b00310062
:1086b800c2808000d3808000f180800070828000ba
:1086c8000088b90001002000000051008180590095
:1086d800c0808800d18088001d003700c4808000d9
:1086e800d5808000f080800082828000110009001f
:1086f8000280d800010020000000520081805a004a
:10870800c0808800d18088001100370090828000e6
:108718000000e00003003a0040002000908288003a
:108728000b003700c4808000d5808000f080800076
:1087380092828000110009000280d8000100200008
:108748000000520081805a00c0808800d1808800d3
:10875800c0808000d1808000828580009385800061
:10876800820f5000838f58000400310080858000fc
:1087780091858000c0808800d1808800907f80002b
:1087880001042000010060000000e00009003a0038
:10879800d08180006a004000d0818800d0818000ac
:1087a8008000780030828000808f50000100360001
:1087b800430fa8001281800023818000c07f8000c1
:1087c80001002000800f5100818f59000100360000
:1087d800432fa800d17f800010808000808f500038
:1087e80005003600907f8000640060000000e00013
:1087f80001003200f20fa800c0808000d180800004
:108808004609dd004a00de0000007100ca08de00eb
:10881800e0808800c1003700e07f8000e20f500050
:1088280020003a00c2808000d3808000f080800061
:10883800010020000000510081805900c08088009c
:10884800d1808800c2808000d3808000808580002d
:1088580091858000800f5100818f590004003100fc
:108868008085800091858000c0808800d180880044
:10887800d17f8000607a8000808f50000100360030
:10888800f20fa800c0808000d18080004609dd007a
:108898004a00de0000007100ca08de00e08088009f
:1088a8009e003700e07f8000e30f500080003a0010
:1088b80030b680000000e00005003a0010002000fb
:1088c80030b688006000b8001081880021818800d7
:1088d80030b68000e10f500011003a00c2808000dd
:1088e800d380800020848000010020000000510017
:1088f80081805900c0808800d18088001281800062
:1089080023818000b083800001002000800f510087
:10891800818f5900020039002000200030b68800fd
:1089280030b68000e20f500013003a00c280800089
:10893800d3808000308480000100200000005100b6
:1089480081805900c0808800d18088001281800011
:1089580023818000b1838000c083800000804000b4
:1089680001002000800f5100818f5900020039005a
:108978003000200030b6880030b68000e30f500089
:1089880015003a00c2808000d380800040848000b7
:10899800010020000000510081805900c08088003b
:1089a800d18088001281800023818000b1838000fb
:1089b800c083800080804000d08380000080400019
:1089c80001002000800f5100818f590002003900fa
:1089d8004000200030b6880030b68000e40f500018
:1089e80017003a00c2808000d38080005084800045
:1089f800010020000000510081805900c0808800db
:108a0800d18088001281800023818000b18380009a
:108a1800c083800080804000d08380008080400038
:108a2800e08380000080400001002000800f51009a
:108a3800818f590002003900a000200030b688005c
:108a480030b68000ea0f500006003a00207a800015
:108a580001082000010060000000e0000100320071
:108a6800f20fa800c0808000d1808000828580003d
:108a780093858000820f5000838f580004003100d6
:108a88008085800091858000c0808800d180880022
:108a9800c0808000d18080004609dd004a00de00e9
:108aa80000007100ca08de00e08088001b00370063
:108ab800e07f8000e40f500017003a00a08080009b
:108ac800b1808000c0808800d1808800c28080008a
:108ad800d38080008085800091858000800f5100c0
:108ae800818f5900040031008085800091858000c5
:108af800c0808800d1808800c0808000d18080003c
:108b08004609dd004a00de0000007100ca08de00e8
:108b1800e08088000100370000000000e18080004c
:108b2800508c8000808f500002003100508c8000f3
:108b3800e08088000080fa00000006000000fa00cb
:108b4800108180002181800061004000e0804800a1
:108b58001081880021818800128180002381800093
:108b68004006200001002000800f5100818f59002d
:108b78000800360010818000218180004206200014
:108b8800811f7800110009004288d800cf007800c2
:108b9800d07f88001281800023818000500020004f
:108ba80001002000800f5100818f59000800360015
:108bb800e9e2a900d022a800207a80000100240060
:108bc800010060000000e000010032005e96a8008d
:108bd8001281800023818000c01220000100200043
:108be800800f5100818f590016003600d022a9004d
:108bf800207a800001002400010060000000e000ed
:108c0800010032005e96a90070ac80006800600028
:108c18000000e0000b003200207a800001042000f0
:108c2800010060000000e00006003200307a800099
:108c380001002800010060000000e000010032008f
:108c4800420fa800c2808000d3808000708080001e
:108c5800010020000200400083804800c080880096
:108c6800d1808800c0808000d18080004609dd0066
:108c78004a00de0000007100ca08de00e0808800bb
:108c8800f24fa800f30fa8005000200000b388009e
:108c98001281800023818000208080000100200054
:108ca800800f5100818f5900040036000000eb004e
:108cb80010b38800d0002000a0b488000080fa001b
:108cc800000006000000fa00108180002181800069
:108cd80061004000e0804800108188002181880000
:108ce80012818000238180004006200001002000be
:108cf800800f5100818f59000800360010818000d4
:108d08002181800042062000811f7800110009009f
:108d18004288d800cf007800d07f8800c2808000c9
:108d2800d380800070808000010020000200400095
:108d380083804800c0808800d1808800c28080007d
:108d4800d3808000a07f8000b17f8000800f510019
:108d5800818f590004003600a07f8000b17f800019
:108d6800c0808800d1808800c0808000d1808000c9
:108d78004609dd004a00de0000007100ca08de0076
:108d8800e0808800f24fa800f30fa80050002000f0
:108d980000b38800128180002381800060818000f8
:108da80001002000800f5100818f59000400360017
:108db8000000eb0010b38800d0002000a0b48800a9
:108dc8000080fa00000006000000fa00207a800007
:108dd800680060000000e00028003a00d4c2bf002c
:108de80001c8b300014060000004e0000d003a0033
:108df8000000eb0090ac880080ac80000000e80028
:108e080080ac880080ac8000ea0f50000700360074
:108e18000000eb0080ac88008e15a8008e35a900f4
:108e2800020037000000eb0080ac8800e0c2bf0001
:108e3800614060000004e0000d003a000000eb0013
:108e4800d0ac8800c0ac80000000e800c0ac88004e
:108e5800c0ac8000ea0f5000550036000000eb005f
:108e6800c0ac88008e35a8008e15a90050003700c8
:108e78000000eb00c0ac88004d003700d4c2bf0032
:108e880001c8b300014060000004e0000e003a0091
:108e9800a0b48000e10f50000b003a00a0ac8000a5
:108ea8000000e800a0ac8800a0ac8000e50f5000ee
:108eb800070036000000eb00a0ac88008e15a80063
:108ec8008e35a900020037000000eb00a0ac880036
:108ed800d4c2bf0001c8b300014060000004e00034
:108ee80013003200a0b48000e20f500010003600da
:108ef800a0b48000ea0f50000d003e00e0ac8000f6
:108f08000000e800e0ac8800e0ac8000e50f50000d
:108f1800090036000000eb00e0ac88008e35a800a0
:108f28008e15a9000000eb00b0b5880002003700dc
:108f38000000eb00e0ac880070ac800061006000cd
:108f48000000e0000b0032000000eb00a0ac88003d
:108f5800b0ac80000000e800b0ac8800b0ac800085
:108f6800e50f5000030036000000eb00b0ac8800ad
:108f78008e15a90070ac8000620060000000e0005f
:108f88000b0032000000eb00e0ac8800f0ac800081
:108f98000000e800f0ac8800f0ac8000e50f50005d
:108fa800030036000000eb00f0ac88008e35a90005
:108fb80070ac8000610060000000e0000b0032002f
:108fc8000000eb0080ac880090ac80000000e80056
:108fd80090ac880090ac8000e50f5000030036008c
:108fe8000000eb0090ac88008e15a90070ac8000e2
:108ff800620060000000e0000b0032000000eb009f
:10900800c0ac8800d0ac80000000e800d0ac88007c
:10901800d0ac8000ea0f5000030036000000eb00df
:10902800d0ac88008e35a900e0c2bf006240600065
:109038000004e0000c003a000000eb0010ad8800ce
:1090480000ad80000000e80000ad880000ad8000a1
:10905800e50f50000f0036006000200000ad8800ca
:109068008e55a8000b0037000000eb0000ad88000b
:1090780010ad80000000e80010ad880010ad800041
:10908800e50f5000030036006000200010ad880096
:109098008e55a900e6c2bf00624060000004e000ef
:1090a8000c003a000000eb0030ad880020ad8000d5
:1090b8000000e80020ad880020ad8000ea0f5000d5
:1090c8000f003600b000200020ad88008e75a80083
:1090d8000b0037000000eb0020ad880030ad8000a9
:1090e8000000e80030ad880030ad8000ea0f500085
:1090f80003003600b000200030ad88008e75a9004e
:10910800e6c2bf00614060000004e0000c003a00c5
:109118000000eb0050ad880040ad80000000e80082
:1091280040ad880040ad8000e50f50000f003600cc
:109138006000200040ad88008e95a8000b00370025
:109148000000eb0040ad880050ad80000000e80052
:1091580050ad880050ad8000e50f50000300360088
:109168006000200050ad88008e95a900cfc2bf00d6
:109178000042b2000004e00011003a00207a8000aa
:1091880001802000010060000000e0000c003200b7
:109198000000eb0070ad880060ad80000000e800c2
:1091a80060ad880060ad8000e50f50001800360003
:1091b8006000200060ad8800d4f2a80014003700d9
:1091c800cfc2bf000042b2000004e000100032002d
:1091d800207a800001802000010060000000e0008b
:1091e8000b0032000000eb0060ad880070ad80001d
:1091f8000000e80070ad880070ad8000e50f5000f9
:10920800030036006000200070ad8800d4f2a90089
:10921800cfc2bf000044b2000004e0000c003a00d6
:109228000000eb0090ad880080ad80000000e800f1
:1092380080ad880080ad8000e50f50000f0036003b
:109248006000200080ad88008ed5a8000b00370094
:109258000000eb0080ad880090ad80000000e800c1
:1092680090ad880090ad8000e50f500003003600f7
:109278006000200090ad88008ed5a900c8c2bf004c
:10928800644060000004e0000c003a000000eb00bd
:10929800b0ad8800a0ad80000000e800a0ad880057
:1092a800a0ad8000e20f50000f0036003000200013
:1092b800a0ad88008ef5a8000b0037000000eb0079
:1092c800a0ad8800b0ad80000000e800b0ad880017
:1092d800b0ad8000e20f50000300360030002000df
:1092e800b0ad88008ef5a90070ac80006200600007
:1092f8000000e000010032008e15a900a085800062
:109308000000e00008003a0020ac800061406000e6
:10931800c700dd00e8c2bf000074a1000140700072
:10932800e8e2b70048003700a0858000e10f500050
:109338000a003a00e9c2bf000080fb004400de00da
:1093480061406000c700dd00e8c2bf000074a100f2
:1093580001407000e8e2b7003b003700a0858000bc
:10936800e20f500009003a0070ac80004300de00b4
:1093780061406000c700dd00e8c2bf000074a100c2
:1093880001407000e8e2b7002f003700a085800098
:10939800e30f50000a003a00d0c2bf000080fb0073
:1093a8004200de0061406000c700dd00e8c2bf0087
:1093b8000074a10001407000e8e2b7002200370005
:1093c800a0858000e40f500008003a0040ac8000ff
:1093d80061406000c700dd00e8c2bf000074a10062
:1093e80001407000e8e2b70017003700a085800050
:1093f800e50f500009003a00f0b280004400de009a
:1094080061406000c700dd00e8c2bf000074a10031
:1094180001407000e8e2b7000b003700a08580002b
:10942800e60f500008003a00f0b280004500de0068
:1094380061406000c700dd00e8c2bf000074a10001
:1094480001407000e8e2b700b08580000000e0004d
:109458000c003a00d0c2bf000080fb004200de00d2
:109468006140600061416000912e200091407800c9
:10947800e0cfb30000c0600002407000e9e2b7002e
:1094880052003700b0858000e10f50000a003a0012
:1094980020ac80006140600061416000912e200096
:1094a80091407800e0cfb30000c060000240700037
:1094b800e9e2b70045003700b0858000e20f5000b0
:1094c8000c003a00e9c2bf000080fb004400de0047
:1094d8006140600061416000912e20009140780059
:1094e800e0cfb30000c0600002407000e9e2b700be
:1094f80036003700b0858000e30f50000b003a00bb
:1095080070ac80004300de00614060006141600093
:10951800912e200091407800e0cfb30000c0600099
:1095280002407000e9e2b70028003700b0858000eb
:10953800e40f50000a003a0040ac8000614060002f
:1095480061416000912e200091407800e0cfb30087
:1095580000c0600002407000e9e2b7001b0037005d
:10956800b0858000e50f50000b003a00f0b2800093
:109578004400de006140600061416000912e2000df
:1095880091407800e0cfb30000c060000240700056
:10959800e9e2b7000d003700b0858000e60f500003
:1095a8000a003a00f0b280004500de006140600029
:1095b80061416000912e200091407800e0cfb30017
:1095c80000c0600002407000e9e2b700c08580007a
:1095d8000000e0000b003a0040ac800061406000f1
:1095e8006140600000414000912e200091407800c9
:1095f800d0cfb30000c0600002407000e9e2b700bd
:109608005a003700c0858000e10f50000b003a0077
:1096180020ac800061406000614060000041400073
:10962800912e200091407800d0cfb30000c0600098
:1096380002407000e9e2b7004c003700c0858000a6
:10964800e20f50000d003a00e9c2bf000080fb00a5
:109658004400de006140600061406000004140005d
:10966800912e200091407800d0cfb30000c0600058
:1096780002407000e9e2b7003c003700c085800076
:10968800e30f50000c003a0070ac80004300de008d
:10969800614060006140600000414000912e200060
:1096a80091407800d0cfb30000c060000240700045
:1096b800e9e2b7002d003700c0858000e40f5000b4
:1096c8000d003a00d0c2bf000080fb004200de005f
:1096d800614060006140600000414000912e200020
:1096e80091407800d0cfb30000c060000240700005
:1096f800e9e2b7001d003700c0858000e50f500083
:109708000c003a00f0b280004400de0061406000c6
:109718006140600000414000912e20009140780097
:10972800d0cfb30000c0600002407000e9e2b7008b
:109738000e003700c0858000e60f50000b003a008d
:10974800f0b280004500de006140600061406000ca
:1097580000414000912e200091407800d0cfb30006
:1097680000c0600002407000e9e2b700d0858000c8
:109778000000e0000c003a0070ac80004300de00fe
:1097880061406000614060004601dd00812e2000dc
:1097980091407800f0cbb30000c060000240700038
:1097a800e8e2b70059003700d0858000e10f50008b
:1097b8000b003a0020ac800061406000614060000e
:1097c8004601dd00812e200091407800f0cbb300e7
:1097d80000c0600002407000e8e2b7004b003700ac
:1097e800d0858000e20f50000d003a00e9c2bf00aa
:1097f8000080fb004400de006140600061406000c2
:109808004601dd00812e200091407800f0cbb300a6
:1098180000c0600002407000e8e2b7003b0037007b
:10982800d0858000e30f50000d003a00d0c2bf0081
:109838000080fb004200de00614060006140600083
:109848004601dd00812e200091407800f0cbb30066
:1098580000c0600002407000e8e2b7002b0037004b
:10986800d0858000e40f50000b003a0040ac800027
:1098780061406000614060004601dd00812e2000eb
:1098880091407800f0cbb30000c060000240700047
:10989800e8e2b7001d003700d0858000e50f5000d2
:1098a8000c003a00f0b280004400de006140600025
:1098b800614060004601dd00812e20009140780063
:1098c800f0cbb30000c0600002407000e8e2b700cf
:1098d8000e003700d0858000e60f50000b003a00dc
:1098e800f0b280004500de00614060006140600029
:1098f8004601dd00812e200091407800f0cbb300b6
:1099080000c0600002407000e8e2b700f0b28000da
:10991800700060000000e00009003200c0ad800067
:109928000000e800c0ad8800c0ad8000f40f500012
:10993800030036000000eb00c0ad88005e96a90069
:10994800f0b2800001022000010060000000e00089
:1099580009003200d0ad80000000e800d0ad8800da
:10996800d0ad8000f40f5000030036000000eb007b
:10997800d0ad88005eb6a9000080fa00000006009d
:109988000000fa00889fbe008a9fbe0014888000ed
:1099980025888000708c80006101b8000400be003a
:1099a8005dda07006bda070095da0700c9da070005
:1099b800f0898800018a8800048980001589800060
:1099c800708c80006101b8000400be0052da070004
:1099d80060da07008ada0700beda0700108a880012
:1099e800218a88002489800035898000708c800055
:1099f8006101b8000400be0047da070055da070025
:109a08007fda0700b3da0700308a8800418a8800c5
:109a18003488800045888000708c80006101b8001f
:109a28000400be003cda07004ada070074da0700cf
:109a3800a8da0700508a8800618a88007488800044
:109a480085888000708c80006101b8000400be0029
:109a580031da07003fda070069da07009dda070004
:109a6800908a8800a18a88005488800065888000d0
:109a7800708c80006101b8000400be0026da07007f
:109a880034da07005eda070092da0700708a880085
:109a9800818a880094888000a5888000708c800066
:109aa8006101b8000400be001bda070029da0700cc
:109ab80053da070087da0700b08a8800c18a88006d
:109ac800508a8000618a800000017800f089800057
:109ad800018a80000280b900d08a8800e18a880063
:109ae800c0888000d18880001ada07000005be000f
:109af800708c80006104b800d68a8000e78a8000f4
:109b08008800780006007800000ab80007c0b9008d
:109b1800050178000001410009b0b90000014100c9
:109b2800820278000400be000ada07000001be00c5
:109b38000a00be0088da0700108b8800218b880095
:109b4800108b8000218b800002002000832c2400d1
:109b5800c3da07005fda0700908b8800a17e8000d7
:109b680000868000808f500008003e00b17e800093
:109b780000868000808f500004003e00c17e800077
:109b880000868000808f500013003600307a8000f5
:109b980001002400010060000000e0000e00320017
:109ba800808b80000000e00009003d00c0b3800009
:109bb8000000e800c0b38800c1b380004006200060
:109bc800808f500004003600430fa80002003700c1
:109bd8000000eb00c0b38800908b8000e10f5000bc
:109be8003e003400a0b48000e30f50003b003a0070
:109bf800907f8000610060000000e00037003a00bc
:109c0800d07f8000e10f500002003a00908b800066
:109c1800708b8800918b8000708b8000808f500043
:109c280002003d00908b8000708b8800918b800033
:109c3800608b8000808f500002003400908b800081
:109c4800608b8800a17e8000f08b8000808f5000a0
:109c580014003600a07e8000f08b8800707e8000a3
:109c6800108c8800018c8000108c800000805000cf
:109c7800208c8800218c8000400620000008b80055
:109c8800208c8800028c8000208c8000010020003d
:109c9800811f7800110009004288d800cf007800a1
:109ca800208c8800c17e8000f08b8000808f50005f
:109cb80002003600c07e8000f08b8800d17f8000d3
:109cc800e08b8000808f500002003200d07f80003f
:109cd800e08b8800908b8000808b8800508a800001
:109ce800618a800080007800408980000100b80007
:109cf800f0b3880001b48800f0b3800001b480009c
:109d0800d2042000811f7800110009004288d80081
:109d1800cf007800a07e8800708a8000818a800049
:109d280080007800408980000100b800f0b3880006
:109d380001b48800f0b3800001b48000d204200090
:109d4800811f7800110009004288d800cf007800f0
:109d5800b07e8800908a8000a18a80008000780008
:109d6800408980000100b800f0b3880001b4880081
:109d7800f0b3800001b48000d2042000811f780075
:109d8800110009004288d800cf007800c07e880002
:109d9800b08a8000c18a80008000780070898000c5
:109da8000100b800f0b3880001b48800f0b3800067
:109db80001b48000d2042000811f7800110009003e
:109dc8004288d800cf007800d07e8800a07e80002e
:109dd800e0408800b07e8000f0408800c07e8000af
:109de80000418800f0898000018a800080007800a6
:109df800508980000100b800f0b3880001b48800e1
:109e0800f0b3800001b48000c2302000811f7800c8
:109e1800110009004288d800cf007800707e8800c1
:109e2800707e8000807e8800707e8000907e880032
:109e38000000eb00f07e8800a18c8000a0132000b9
:109e48000100b800f0b3880001b48800f0b38000c6
:109e580001b4800012702200811f780011000900ef
:109e68004288d800cf007800e07e88004f05be0009
:109e78004f04be000080fa00000006000000fa004f
:109e8800a0b48000e30f50004c013a00907f80009e
:109e980001102000010060000000e00047013a00c6
:109ea800a17e800000868000808f500008003e0060
:109eb800b17e800000868000808f500004003e0044
:109ec800c17e800000868000808f5000010036002f
:109ed800f2cfa800a07e8000708188007181800088
:109ee80080818000008050009081880081818000fe
:109ef8007081800000805000b081880070818000ef
:109f080080818800a17e800000868000808f5000bc
:109f18000e003600907f8000680060000000e000be
:109f28000a003a00c08c800080007800f08480002d
:109f3800808f500004003100c08c80000000e800d1
:109f4800c08c880001003700f26fa800907f800065
:109f5800680060000000e0007f003200a07e800002
:109f6800e18c8000810f500003003600a07e800045
:109f7800e08c880078003700a07e8000e18c8000ab
:109f8800810f500074003100907f800068006000ed
:109f98000000e00070003200717e80002003200085
:109fa800808f50006c003600e08c80000080d1006b
:109fb80010b48800a17e800010b48000808f50000b
:109fc80031003100207a8000010220000100600089
:109fd8000000e0002c003a00d0b380000000e80048
:109fe800d0b38800d0b38000e20f50005a0036008a
:109ff80090ad200030b48800c2808000d3808000fb
:10a008008085800091858000800f5100818f5900e4
:10a018000b003600c2808000d3808000f180800071
:10a02800608280000008dd0001002000000051006f
:10a0380081805900c0808800d180880004003700e2
:10a048008085800091858000c0808800d18088004c
:10a05800a0b380000000e800a0b38800f18380006e
:10a06800a0b38000808f50003b003100307a800020
:10a0780001002400010060000000e00036003a0002
:10a08800f20fa80034003700a17e8000008680000f
:10a09800808f500020003100207a800001022000cb
:10a0a800010060000000e0001b003200707e8000ac
:10a0b800f40f500018003600a0b380000000e8003c
:10a0c800a0b38800a0b38000e20f5000060036005d
:10a0d800307a800001002400010060000000e000e8
:10a0e80001003a00f20fa800808b80008000780001
:10a0f800e0828000808f500017003900307a80009d
:10a1080001002400010060000000e000120032009d
:10a11800f20fa80010003700808b800080007800c4
:10a12800e0828000808f500007003900307a80007c
:10a1380001002400010060000000e000020032007d
:10a14800f20fa800040037000000eb00a0b388005d
:10a158000000eb00d0b38800c17e8000008680003c
:10a16800808f50000f003600907f80000102200091
:10a17800010060000000e0000a003a00408d800005
:10a1880080007800f0848000808f50000400310047
:10a19800408d80000000e800408d880001003700f5
:10a1a800f2afa800907f800001022000010060004b
:10a1b8000000e0008f003200c07e8000618d8000ca
:10a1c800810f500003003600c07e8000608d88003b
:10a1d80088003700c07e8000618d8000810f5000ac
:10a1e80084003100907f800001022000010060009f
:10a1f8000000e0007f003200917e800020032000f4
:10a20800808f50007b003600608d80000080d10078
:10a2180010b48800c17e800010b48000808f500088
:10a2280031003100207a8000010220000100600026
:10a238000000e0002c003a00e0b380000000e800d5
:10a24800e0b38800e0b38000e20f500069003600f8
:10a2580090ad200030b48800c2808000d380800098
:10a268008085800091858000800f5100818f590082
:10a278000b003600c2808000d3808000f18080000f
:10a28800608280000008dd0001002000000051000d
:10a2980081805900c0808800d18088000400370080
:10a2a8008085800091858000c0808800d1808800ea
:10a2b800b0b380000000e800b0b38800f1838000ec
:10a2c800b0b38000808f50004a003100307a80009f
:10a2d80001002400010060000000e00045003a0091
:10a2e800f20fa80043003700c17e8000008680007e
:10a2f800808f500020003100207a80000102200069
:10a30800010060000000e0001b003200707e800049
:10a31800f40f500018003600b0b380000000e800c9
:10a32800b0b38800b0b38000e20f500006003600da
:10a33800307a800001002400010060000000e00085
:10a3480001003a00f20fa800808b8000800078009e
:10a35800e0828000808f500026003900307a80002b
:10a3680001002400010060000000e000210032002c
:10a37800f20fa8001f003700808b80008000780053
:10a38800e0828000808f500007003900307a80001a
:10a3980001002400010060000000e000020032001b
:10a3a800f20fa800130037000000eb00b0b38800dc
:10a3b8000000eb00e0b388000e0037000000eb005f
:10a3c800c08c88000000eb00408d8800f26fa90067
:10a3d800f2afa9000000eb00d0b388000000eb004a
:10a3e800e0b388000000eb00e08c88000000eb0080
:10a3f800608d88000080fa00000006000000fa0066
:10a408000080eb0040158800a902a900a922a90034
:10a41800a942a900a962a900a982a900a9a2a90024
:10a42800a9c2a900a9e2a9000000eb001015880044
:10a43800a3c2bf007f40600001c6b30001407000a6
:10a44800a3e2b700a342a800212a20009140780087
:10a4580030ccb30000c06000c041b300a2e2b70036
:10a46800a222a900a202a9000000eb002015880082
:10a47800512a20009140780000ceb30000c060004f
:10a48800b040b300a5e2b700a4e2a900412a200029
:10a498009140780000ccb30000c06000f041b300e8
:10a4a800a4e2b7000000eb0030158800612a200004
:10a4b8009140780000cfb30000c060000034a000d5
:10a4c800a6e2b700a682a9000000eb00501588009c
:10a4d800ab02a800ab22a800ab42a800ab62a80060
:10a4e800ab82a800aba2a800abc2a800abe2a80050
:10a4f8000000eb0000158800112a20009140780028
:10a50800c0cfb30000c060000004a000a1e2b70003
:10a51800012a20009140780000ceb30000c07000ee
:10a52800a0e2b700a042a800a1e2a800910920007b
:10a5380091407800f0c8b30000c0600001c5b300c6
:10a548000140700099e0b7008560a9008d60a800ff
:10a558000000eb00c08788000080fa0000000600b9
:10a568003600f800809fbe00829fbe003400f800cd
:10a5780000002000a00188004e00fa0040012000e1
:10a58800000f7800c1878000608c8000808f5000a9
:10a598000e003e00c08780000000e800c0878800e9
:10a5a800401480000000e000080032009e0078009f
:10a5b80040148000808f5000040036004014800052
:10a5c800000f78001e007800308c8800001480008e
:10a5d800c089880010148000d0898800c089800054
:10a5e8008000ea00d089800000805000e08988005f
:10a5f80030148000b0898800401480008089880069
:10a60800808980000000e000050034008089800017
:10a61800318c8000010050008089880004003700d8
:10a6280080898000318c800001005000808988007a
:10a6380060148000a0898800a08980000000e000e4
:10a6480005003400a0898000318c80000100500092
:10a65800a089880004003700a0898000318c800020
:10a6680001005000a0898800808980008000ea00ed
:10a67800a0898000008050009089880070148000b4
:10a68800b0888800b18880000080200000804000e9
:10a69800b0888800828c8000938c8000b08880000d
:10a6a800cf80de000200400083804800808c880054
:10a6b800918c8800d1878000708c80008080500049
:10a6c800608c800000804000628c800011000900ce
:10a6d8000280d8008000fd0060279800618c80000f
:10a6e8006e2090000080400064005000628c800062
:10a6f800110009000280d8008000fd005027980052
:10a70800d1878000608c8000008040006400500089
:10a71800628c8000110009000280d8008000fd00d2
:10a7280040279800d1878000608c8000008040001e
:10a738000000e900628c8000110009000280d80046
:10a748008000fd0020279800d0878000c289800003
:10a75800800040002082200000804000020878002d
:10a76800d0878000800040002082200000804000c8
:10a7780010017800d08780008000400020822000ef
:10a7880000804000100078000280b900701f980017
:10a79800012798006e209000800040002082200051
:10a7a80000804000100178006e209000800040007a
:10a7b8002082200000804000100078000280b9004c
:10a7c800501f9800611f980012888000238880001d
:10a7d8007e1890008e20900002014000838148007e
:10a7e8005e189000ee18900000005100818059001a
:10a7f8001088880021888800d0878000d28980004e
:10a8080080004000c08e20000080400002087800d0
:10a81800d087800080004000c08e2000008040006b
:10a8280010017800d087800080004000c08e200092
:10a8380000804000100078000280b900301f9800a6
:10a84800411f98006e20900080004000c08e2000bc
:10a8580000804000100178006e20900080004000c9
:10a86800c08e200000804000100078000280b900ef
:10a87800101f9800211f980002898000138980000a
:10a888003e189000ce1890000201400083814800d5
:10a898001e189000ae1890000000510081805900e9
:10a8a8000089880011898800d0878000e2898000ab
:10a8b80080004000609b2000008040000208780073
:10a8c800d087800080004000609b2000008040000e
:10a8d80010017800d087800080004000609b200035
:10a8e80000804000100078000280b90070179800be
:10a8f800011f98006e20900080004000609b20009f
:10a9080000804000100178006e2090008000400018
:10a91800609b200000804000100078000280b90091
:10a9280050179800611798002289800033898000a9
:10a938007e1090008e18900002014000838148002c
:10a948005e109000ee1090000000510081805900c8
:10a958002089880031898800d0878000828980001a
:10a968008000400000a82000008040000208780015
:10a97800d08780008000400000a8200000804000b0
:10a9880010017800d08780008000400000a82000d7
:10a9980000804000100078000280b900301798004d
:10a9a800411798006e2090008000400000a8200009
:10a9b80000804000100178006e2090008000400068
:10a9c80000a8200000804000100078000280b90034
:10a9d800101798002117980032888000438880005b
:10a9e8003e109000ce109000020140008381480084
:10a9f8001e109000ae109000000051008180590098
:10aa08003088880041888800d0878000a28980002b
:10aa18008000400040c1200000804000020878000b
:10aa2800d08780008000400040c1200000804000a6
:10aa380010017800d08780008000400040c12000cd
:10aa480000804000100078000280b900300f9800a4
:10aa5800410f98006e2090008000400040c1200007
:10aa680000804000100178006e20900080004000b7
:10aa780040c1200000804000100078000280b9002a
:10aa8800100f9800210f980072888000838880003a
:10aa98003e089000ce0890000201400083814800e3
:10aaa8001e089000ae0890000000510081805900f7
:10aab8007088880081888800d0878000928980000b
:10aac80080004000a0b42000008040000208780008
:10aad800d087800080004000a0b4200000804000a3
:10aae80010017800d087800080004000a0b42000ca
:10aaf80000804000100078000280b900700f9800b4
:10ab0800011798006e20900080004000a0b420003b
:10ab180000804000100178006e2090008000400006
:10ab2800a0b4200000804000100078000280b90026
:10ab3800500f9800610f9800528880006388800049
:10ab48007e0890008e10900002014000838148002a
:10ab58005e089000ee0890000000510081805900c6
:10ab68005088880061888800317a80000080200041
:10ab7800008060000000e00005003a00307a8000a4
:10ab880001042000010060000000e0002c003200f9
:10ab9800d0878000b289800080004000e0cd20008e
:10aba8000080400002087800d087800080004000c4
:10abb800e0cd20000080400010017800d0878000a0
:10abc80080004000e0cd20000080400010007800a8
:10abd8000280b90070079800010f98006e2090005d
:10abe80080004000e0cd2000008040001001780087
:10abf8006e20900080004000e0cd200000804000e2
:10ac0800100078000280b90050079800610798008a
:10ac180092888000a38880007e0090008e089000b3
:10ac280002014000838148005e009000ee00900021
:10ac3800000051008180590090888800a188880010
:10ac4800207a800001102000010060000000e00070
:10ac58002e003a00d08780008000400000a8200025
:10ac680000804000100178004e20900080004000d5
:10ac78002082200000804000100078000280b90087
:10ac88003007980041079800d0878000c200dd0097
:10ac980080da2000008040003e019000ce01900044
:10aca8000288be006e2090008000400000a82000ae
:10acb80000804000100178005e2090008000400075
:10acc8002082200000804000100078000280b90037
:10acd8001007980021079800c2888000d388800058
:10ace8003e009000ce0090000201400083814800a1
:10acf8001e009000ae0090000000510081805900b5
:10ad0800c0888800d18888002d0037004e20900028
:10ad18008000400000a8200000804000100178005a
:10ad2800d087800080004000208220000080400002
:10ad3800100078000280b900300798004107980099
:10ad4800d0878000c200dd0080da2000008040004b
:10ad58003e019000ce0190000288be005e20900067
:10ad68008000400000a8200000804000100178000a
:10ad78006e2090008000400020822000008040006b
:10ad8800100078000280b900100798002107980089
:10ad9800c2888000d38880003e009000ce009000da
:10ada80002014000838148001e009000ae00900020
:10adb8000000510081805900c0888800d18888002f
:10adc800d08780000000e800d0878800d187800005
:10add800608c8000808f50000d003900628c8000ec
:10ade800808c8000918c8000811f78001100090000
:10adf8004288d800cf007800a08c88006000b80096
:10ae0800808c8800918c88000000eb00d087880037
:10ae18008560a9000080fa003400f9004f01be00e7
:10ae28004f00be003600f900004006000000fa009e
:10ae3800bdd1bf000004e00007003200bcd1bf0054
:10ae48000004e0000d003a0010c0b300bcf1b700e8
:10ae58001fe1a80009003700bdd1bf000004e000d1
:10ae680006003a00bcd1bf000004e0000300320035
:10ae78000040eb00bcf1b7001fe1a9000080fa0018
:10ae8800000006000000fa00bbd1bf000004e0008b
:10ae980006003a0010c0b300bdf1b700e3ff070099
:10aea8000040eb003cefb700090037003ccfbf0083
:10aeb8000040e8003cefb700bcd1bf000004e00050
:10aec800030032000040eb00bdf1b700d7ff0700d8
:10aed8000080fa00000006000200fa0037010700af
:10aee80040c7bf00624060000004e000fcff320081
:10aef800eee0070068e507008ee507005ee607005c
:10af08003efd070042e607002adf070048eb07007e
:10af1800a7e5070090028000000f7800ff3ffc00c3
:10af280042c0bf007f40600001c6b300014070000e
:10af380042e0b7001e00780090028800208280005e
:10af480090868800000037000060fe0020b5800071
:10af5800610060000000e00001003200a416a900b2
:10af680020b5800001042000010060000000e0001e
:10af780022003200a4d6a9002af407007ff20700b5
:10af88001ff20700a0b48000e30f500004003a004d
:10af9800307a8000680060000000e00008003a0095
:10afa800a0b48000e40f500006003a00307a800018
:10afb80001402000010060000000e00001003200b4
:10afc80070f3070080f70700017a8000a0aa2a0022
:10afd800808f500008003a00e07f80000000e00009
:10afe80005003a00707e8000fd0f500002003e0010
:10aff800f2efa80001003700f2efa90020b58000a9
:10b00800620060000000e00001003200a436a900e0
:10b0180020b58000640060000000e000caff320034
:10b0280057fa0700e07f8000e40f5000010032006b
:10b0380092fb0700907f800001082000010060005b
:10b048000000e00001003a0009f4070081ee070063
:10b05800a0b48000ec0f500001003a00b7f60700da
:10b06800a0b48000f20f500001003a0015f7070065
:10b0780018f1070072f10700a456a900b2eb070007
:10b0880087d60700a2d607008be90700e7ec070080
:10b09800a0b48000e30f500003003200e07f80007e
:10b0a800e40f5000a8ff3a00a7f40700a6ff3700f6
:10b0b8003200f800900188006118e10004003200b5
:10b0c8007018e10002003200f0ff2f000300370083
:10b0d8003119ba008301e900fdff3a003200f90096
:10b0e80000000600849fbe004220a90044042400fa
:10b0f8006110e1000a003200540424007010e100dd
:10b108000700320064042400f5ff2f000510e10059
:10b1180003003200f0ff2f004f02be0000000600bf
:10b128003200f800203b8800113b8800043b88006f
:10b138004200f800000e20004220b7005005200011
:10b14800303b8800a00a2000303b880061e7a80057
:10b15800000000000000000061e7af00feff3700bc
:10b168000000eb004200f9003200f9004f02be0077
:10b1780000000600841f78004220a9004400240033
:10b188006118e10006003200540024007018e10044
:10b19800030032004f027800f0ff2f000000060085
:10b1a8003200f80091018800821f78003019bb0036
:10b1b8008301e900fdff3a00213b88004f01780038
:10b1c800123b8800043b88004200f800000e200073
:10b1d8004220b70050052000303b8800a00a20001c
:10b1e800303b880061e7a800000000000000000074
:10b1f80061e7af00feff37000000eb004200f900f6
:0cb208003200f9004f0278000000060040
:020000040000fa
:10b21400c016000002000000020000000000000050
:10b22400000800003c070000000000007416000045
:10b234001400000000000000b0160000060000002a
:10b2440000000000c2160000020000000000000020
:10b25400b616000006000000020000000000000016
:10b2640000000000841500006800000000000000d9
:10b274003c0f00009803000000000000c41600000a
:10b284000200000002000000000000009816000008
:10b294000c0000000200000000000000000000009c
:10b2a4000000000000000000401600001e00000026
:10b2b40000000000bc1600000400000002000000b2
:10b2c400050d000000000000ec1500005400000013
:10b2d40000000000881600001000000002000000ba
:10b2e400000000000000000000000000000000005a
:10b2f40000000000000000005e16000016000000c0
:10b3040000000000c6160000020000000200000059
:10b3140000000000a41600000c0000000000000063
:10b324007c1400000801000000000000d41200009a
:10b33400a801000000000000c81600000200000080
:08b34400000000000000000001
:020000040000fa
:10b34c000000fa000000eb0080b588000500370013
:10b35c00000000000000000080b580000000e80044
:10b36c0080b5880081b58000f0f32100808f5000fb
:10b37c00f7ff36000080fa00000006000000fa001b
:10b38c000000eb00a0b5880005003700ecff0700bb
:10b39c008cf60700a0b580000000e800a0b588007e
:10b3ac00a1b58000b0122000808f5000f7ff36004e
:10b3bc000080fa00000006000000fa000000eb001c
:10b3cc0090b588000a003700ddff070020b580002b
:10b3dc00640060000000e00002003200a456a900e6
:10b3ec00cad5070090b580000000e80090b5880031
:10b3fc0090b58000e50f5000f3ff36000080fa0096
:04b40c000000060036
:020000040000fa
:04b410000000fe003a
:020000040000fa
:0200000400fffb
:10f80000180000003c0000005e010000390000000c
:10f8100002000000640000002c0100003f00000016
:10f8200000000000f401000032000000230000008e
:10f83000280000003c000000780000005500000097
:10f8400046000000140000000000000088130000c3
:10f85000401f0000c8190000040000000100000063
:10f8600002000000320000000100000080250000be
:10f870004b000000000200003700000028000000dc
:10f880001500000019000000220000002300000005
:10f89000230000000500000003000000e803000052
:10f8a0002c0100002c010000030000000a000000f1
:10f8b0007017000032000000f40100000a00000090
:10f8c00064000000030000005f000000140000005e
:10f8d0000a0000001e0000000a00000032000000c4
:10f8e0000000000000000000000000000000000018
:10f8f0008200000041000000000000000000000045
:10f9000000000000000000000000000000000000f7
:10f9100000000000000000000000000000000000e7
:10f9200000000000000000000000000000000000d7
:10f9300000000000000000000000000000000000c7
:10f9400000000000000000000000000000000000b7
:10f9500000000000000000000000000000000000a7
:10f960000000000000000000000000000000000097
:10f970000000000000000000000000000000000087
:10f980000000000000000000000000000000000077
:10f990000000000000000000000000000000000067
:10f9a0000000000000000000000000000000000057
:10f9b0000000000000000000000000000000000047
:10f9c0000000000000000000000000000000000037
:10f9d0000000000000000000000000000000000027
:10f9e0000000000000000000000000000000000017
:10f9f0000000000000000000000000000000000007
:00000001FF
