:020000040000fa
:080000000001040000000000f3
:020000040000fa
:10020000af712100007f2100000188000000000084
:100210000c000700e080250001002000110007000d
:10022000000020000000e000020032000000020098
:100230000000000080560200000000000040da00cc
:100240000000fe004440a900000020000000e00083
:100250000300320000002000a00188004440a800f4
:100260000000060091018800800078000000eb008b
:1002700015003700e280400032a0b4009101ba00be
:10028000e280400032a0b4009102ba00e280400057
:1002900032a0b4000002eb00472bde00f507b200ed
:1002a000602ce10004003a000059eb008301e900f2
:1002b000fdff3e00040037006128e100010032002c
:1002c0000082eb00040007001101ba000200e00008
:1002d000e8ff3a00000006003159ba008301e90046
:1002e0000c0032002159ba008301e90008003200f5
:1002f0000400e00003003a00e280400032a0b400b5
:10030000f5ff370011d9ba008301e900faff3a007e
:100310008100e800e180400032a0b4000000060047
:10032000839f68000100e00002003d0060001000b3
:10033000e08018000300e00002003d0060011100b1
:10034000e0811900fc0007004f00e00002003b00c4
:1003500060001000e080180000000600889fbe00ca
:100360008a9fbe00010578000100e000040035000e
:1003700008003c000000e0002000320005003700cb
:1003800060001000e080180002003b0001f02c002b
:100390001a0037000004be006011b8006b0920008d
:1003a0000982cf00020039000882cf000441b0006a
:1003b000694252000e00320008003b008281710049
:1003c000610164008904d1000884d3008b05e80032
:1003d0000442e800f9ff3a00050037000804440031
:1003e00089844c008b05e9000442e900fbff3a00d8
:1003f0005a0107000af0a70001f0a0004f05be0057
:100400004f04be0000000600889fbe008a9fbe0009
:100410008c1f78000004be00760107000478a3005a
:1004200026003a006120e1002500320009f8a3000f
:1004300025003a006420e10021003200f507b100f8
:100440000508a3000200320000004000818048003f
:100450006044b800031020000200200000004000ab
:10046000818048000805440089854c000a05410048
:100470008b8549000a0550008b8558000300330026
:100480000a00be0002047400838474008301d1005a
:100490000281d300830f7100f0ff3a008904d1007c
:1004a0000884d3006001490082017800c1adde00fc
:1004b000fb07b000290107006c0137000960a000ac
:1004c0000800be006901370012022000c2b888008f
:1004d000f0ff2f00f1ff2700640137000001be008c
:1004e000440107000470a70003f0a1006509b100f2
:1004f000160032000d0035006828e10006003500c6
:10050000f0ff2f00f1ff27000300e00013003b0085
:100510000100280000000500000040008180480024
:100520008502e900fcff3a0008003700f88f42001e
:1005300002003c008000eb00000005008100d100bb
:100540000080d3008502e800fcff3a000300e000d1
:1005500002003b0060001000e08018000000060070
:10056000889fbe008a9fbe008c1f7800460107004e
:100570003501330003866c006450e1002e00320028
:100580006420e100330032006150e1002f003200ae
:100590006120e1003100320085855500eb07b00095
:1005a000090020000804200005003700080444006a
:1005b00089844c000a0031000603430087834b0006
:1005c0000001530081815b00f8ff33000203be008d
:1005d0000800a0000804440089844c00f6ff39009c
:1005e000c639dd00830173000100320013002000d2
:1005f0008904d1000884d3000998a30005003200c3
:100600000800a7000300a0008904d1000884d300db
:100610008b05e8008904d1000884d3000001eb00b9
:100620000281d200cd00070001f0a1000cf0a7006c
:1006300001f0a0000d0137006420e1000f0132003d
:100640000801be000200be00f7ff37006120e10094
:100650000a0132006000b800f3ff370000002000fc
:1006600001f82700f0ff3700889fbe008a9fbe0078
:100670008c1f780004010700f300330003866c0030
:100680006450e100240032006420e10027003200c1
:100690006150e100220032006120e10021003200bf
:1006a0008b854200eb07b1000134b800003ab80076
:1006b0000804420089844a00013ab8000030b800ba
:1006c0008880400009014a00040033000000400017
:1006d00081804800020149008b05e900c909dd005d
:1006e000830170000100320013002000c814de00f6
:1006f0004814dd004709de001200b200c808de0021
:10070000088470009500070001f0a1000cf0a7001c
:1007100001f0a000d50037006120e100d7003200d1
:100720000801be000200be00f7ff37006150e10083
:10073000fcff3a00d10037006022b800060220001a
:100740000000d0008180d2000482d2008582d200d5
:100750000000a0000202520083825a000300310010
:100760000202420083824a000000a1000603e90061
:10077000f3ff3a000000060003f0a200889fbe00cd
:100780008a9fbe008c1f7800bf000700ae003300b8
:100790006450e1004f0032006420e100520032005a
:1007a00003826c0007003b000905d0000306d0005f
:1007b000820f54000c065d00020039000200320076
:1007c00089017800030678008582550004003d0009
:1007d0000003fd008103fd008502ea008b854200d5
:1007e000840f720002003b0060001000e0801800df
:1007f0006011b8000005eb007a28e1000a0039001a
:1008000006007800c75ddd00f707b200878075003d
:100810002d003700828171000a01780061056000b7
:100820008180d1000080d3008502e900f9ff3b0000
:10083000060440008784480002003b006004140066
:10084000e0841c000988a300070032008a8171003f
:1008500082817100610164008904d1000884d300a1
:100860008b05e800170037000978a30013003a0051
:100870000b00e000130034008b05e900080444007d
:1008800089844c000a4474000978a3000d003a00e2
:100890000b00e000070034008b05e9000804440069
:1008a00089844c0001003a000b0020000978a30065
:1008b000f7ff32000001eb00020037008281710077
:1008c0000a017800250007000cf0a70001f0a00045
:1008d000660037006420e10002003a00838f6c005c
:1008e000660033000801be000200be005f00370052
:1008f0000001be003f0007000470a70003f0a10044
:1009000003f8a30013003a006509b100100032009b
:10091000090035006928e1000200350001002800c7
:100920000000050000004000818048008502e900c9
:10093000fcff3a0000000600f88f42000500350079
:100940008100d1000080d3008502e800fcff3a005e
:10095000000006008000eb00000005008100200080
:10096000618055000b003d000b00200061fe2f0050
:100970000100e1001d00340082817100610164000a
:100980008904d1000884d3000000e800faff3a008f
:10099000710020006100640003007000020060002c
:1009a0000900320061044400e0844c000988a5007d
:1009b000050032008b05e8006808e10002003a00fb
:1009c0008904d1000884d300f20f20000258e1000e
:1009d00005003d00c75ddd00f907b20089807500a4
:1009e00008007800000006000bf827008b00780054
:1009f00000000500c70ade00f107b200f50fb200e3
:100a000008003200e1cf4200020032000170a00075
:100a100024000500810f7000010032000408050069
:100a200044000500810f700002003a001400050028
:100a30008502e9000000400081c04800fcff3b0047
:100a40000170a000240005000200be006450e10017
:100a5000050036006420e100020036000968a300aa
:100a600001003a000800be000160a0004f067800b7
:100a70004f05be004f04be0000000600f0ff2f002f
:100a8000f1ff2700f9ff37000004be00d9ff07007f
:100a90000003be000405be000200be00d5ff070033
:080aa000844f75000000060000
:020000040000fa
:0200000401f009
:04000000f6ff000007
:020000040000fa
:0200000401f009
:04000400ff7f00007a
:020000040000fa
:0200000401f009
:04000c00ffff0000f2
:020000040000fa
:0200000401f009
:04001000ffff0000ee
:020000040000fa
:0200000401f009
:04001400ffff0000ea
:020000040000fa
:100008000a5900000a5900000a5900000a5900005c
:100018000a5900000a5900000a5900000a5900004c
:100028000a5900000a5900000a590000104000004f
:100038000a5900000a590000cc2600000a5900009d
:100048000a5900000a2e0000202f0000c4510000a9
:100058000a5900000a5900000a590000aa2900009c
:100068000a5900000a5900000a5900000a590000fc
:100078000a59000058290000782500000a59000094
:10008800de1500001e1700000a5900000a5900007a
:100098000a590000cc2400000a5900000a5900003f
:1000a8000a5900000a5900000a5900000a590000bc
:1000b8000a5900000a5900000a5900000a590000ac
:1000c8000a5900000a5900000a5900000a5900009c
:1000d8000a5900000a5900000a5900000a5900008c
:1000e8000a5900000a5900000a5900000a5900007c
:0800f8000a5900000a5900003a
:020000040000fa
:100108000a5900000a5900000a5900000a5900005b
:100118000a5900000a5900000a5900000a5900004b
:100128000a5900000a5900000a590000104000004e
:100138000a5900000a590000cc2600000a5900009c
:100148000a5900000a2e0000202f0000c4510000a8
:100158000a5900000a5900000a590000aa2900009b
:100168000a5900000a5900000a5900000a590000fb
:100178000a59000058290000782500000a59000093
:10018800de1500001e1700000a5900000a59000079
:100198000a590000cc2400000a5900000a5900003e
:1001a8000a5900000a5900000a5900000a590000bb
:1001b8000a5900000a5900000a5900000a590000ab
:1001c8000a5900000a5900000a5900000a5900009b
:1001d8000a5900000a5900000a5900000a5900008b
:1001e8000a5900000a5900000a5900000a5900007b
:0801f8000a5900000a59000039
:020000040000fa
:100aa8000000fa0020998000610060000000e0006a
:100ab8000800320070a180000000e80070a18800e2
:100ac80070a18000ea0f5000020036000000eb0021
:100ad8003099880018c2bf00684060000004e00038
:100ae80008003a0018c2bf00624060000004e0003d
:100af80004003a0018c2bf00644060000004e0002f
:100b080001003200030807000080fa000000060018
:100b18000000fa0010a680000000e80010a6880077
:100b280011a68000401f2000808f5000050036006d
:100b3800f80707000000eb00309988002413a9008b
:100b480025b3a80020998000620060000000e00042
:100b580004003200020907002433a9000000eb005a
:100b680010a6880020998000680060000000e0005e
:100b780004003200a600070061000700a30907006f
:100b88002473a90020998000012020000100600042
:100b98000000e00004003200d800070069000700e8
:100ba8009a0907002533a90050a68000610060005b
:100bb8000000e000040032000b010700720007008b
:100bc80092090700ca14a90050a6800070006000ae
:100bd8000000e00004003200440107007b00070029
:100be8008a090700ca94a900209980007000600053
:100bf8000000e000040032007d0107002493a900f2
:100c08000000eb0010a68800209980000140200019
:100c1800010060000000e00004003200c901070084
:100c28002553a9000000eb0010a6880050a68000fc
:100c3800620060000000e0000400320017020700b4
:100c4800ca34a9000000eb0010a6880050a6800056
:100c580001022000010060000000e00004003200f2
:100c680065020700cab4a9000000eb0010a68800be
:100c78002099800001022000010060000000e000cf
:100c880004003200b302070024b3a9000000eb00ff
:100c980010a68800209980000180200001006000d3
:100ca8000000e00004003200370307002573a900a4
:100cb8000000eb0010a688002099800001002200a7
:100cc800010060000000e000040032003505070064
:100cd80025b3a9000000eb0010a688002099800029
:100ce80001042000010060000000e0000200320062
:100cf8004707070024d3a9000080fa000000060077
:100d08000000fa00a00a2000a0a18800000220002c
:100d1800b0a1880030082000c0a188000000eb00c6
:100d2800e0a18800b00b2000e0a588000000eb00df
:100d380090a18800e00f2000d01088000080fa0001
:100d4800000006000000fa00a00a2000a0a1880008
:100d580000022000b0a1880030072000c0a1880050
:100d68000000eb00e0a18800b00b2000e0a588009f
:100d78000000eb0090a18800e00f2000d010880050
:100d88000080fa00000006000000fa00a00a200017
:100d9800a0a1880000022000b0a188003006200031
:100da800c0a188000000eb00e0a18800b00b200083
:100db800e0a588000000eb0090a18800e00f20006b
:100dc800d01088000080fa00000006000000fa0039
:100dd800a00a2000a0a1880000022000b0a188007d
:100de80030052000c0a188000000eb00e0a18800c9
:100df800b00b2000e0a588000000eb0090a188005f
:100e0800e00f2000d01088000080fa0000000600e3
:100e18000600fa000000eb0020079800900280000e
:100e280010079800ff3ffc00210420009140780043
:100e380000ceb30000c0700042e0b7001e00900072
:100e4800900288008d60a9000000eb002007980040
:100e58001a0037002e009000000040008000780043
:100e680000c02f0000804000707c8800707c8000eb
:100e780080007800f0072000120020001b280700df
:100e8800707c800000017800f007200000027800e4
:100e98002e0090000000400080007800603b210098
:100ea80000804000130020008400780033280700e9
:100eb8002e0090000000e800200798002e00900007
:100ec800ed0f5000e3ff360090028000000f78001d
:100ed800ff3ffc0042c0bf007f40600001c6b30076
:100ee8000140700042e0b7001e00780090028800c0
:100ef8008d60a8000080fa00000006000600fa00d5
:100f08000000eb002007980090028000100798006e
:100f1800ff3ffc00210420009140780000ceb30080
:100f280000c0700042e0b7001e00900090028800e8
:100f38008d60a9000000eb00200798001a00370018
:100f48002e009000000040008000780000c02f00b4
:100f580000804000707c8800707c800080007800f1
:100f6800f007200012002000e0270700707c8000b6
:100f780000017800f0072000000278002e009000a1
:100f88000000400080007800603b210000804000a5
:100f98001300200084007800f82707002e00900036
:100fa8000000e800200798002e009000fd0f500078
:100fb800e3ff360090028000000f7800ff3ffc003e
:100fc80042c0bf007f40600001c6b300014070000e
:100fd80042e0b7001e007800900288008d60a800eb
:100fe8000080fa00000006000800fa000000eb008c
:100ff800300798000000eb0020079800900280005e
:1010080010079800ff3ffc00210420009140780061
:1010180000ceb30000c0700042e0b7001e00900090
:10102800900288008d60a900000220003007980017
:101038001d0037003e00900000004000800078004e
:1010480000c02f0000804000707c8800707c800009
:1010580080007800f007200012002000a327070076
:10106800707c800000017800f00720000002780002
:101078002e0090000000400080007800603b2100b6
:10108800008040001300200084007800bb27070080
:101098002e0090000000e800200798003e00900015
:1010a8000000e80030079800be009000d003200040
:1010b800808f5000dfff360090028000000f78001c
:1010c800ff3ffc0042c0bf007f40600001c6b30084
:1010d8000140700042e0b7001e00780090028800ce
:1010e8008d60a8000080fa00000006000800fa00e1
:1010f8000000eb00300798000000eb002007980084
:101108009002800010079800ff3ffc002104200097
:101118009140780000ceb30000c0700042e0b700f4
:101128001e009000900288008d60a900e003200056
:10113800300798001d0037003e0090000000400076
:101148008000780000c02f0000804000707c88007c
:10115800707c800080007800f007200012002000da
:1011680062270700707c800000017800f0072000eb
:10117800000278002e0090000000400080007800f7
:10118800603b2100008040001300200084007800ac
:101198007a2707002e0090000000e800200798003a
:1011a8003e0090000000e80030079800be00900064
:1011b800b0052000808f5000dfff360090028000cd
:1011c800000f7800ff3ffc0042c0bf007f40600076
:1011d80001c6b3000140700042e0b7001e0078006d
:1011e800900288008d60a8000080fa0000000600c8
:1011f8000400fa000000eb00100798000000eb0064
:10120800000f7800a00a2000a0a18800000120009b
:10121800b0a1880020082000c0a18800c0012000db
:10122800e0a188000000eb001007980014003700c8
:101238001e009000000040008000780000c02f00d1
:1012480000804000707c88001e0090000000400074
:1012580080007800a0f9200000804000000178009c
:10126800707c800080007800f007200013002000c8
:10127800112707001e0090000000e80010079800e2
:101288001e009000ef0f5000e9ff36000000eb0051
:1012980010079800200037001e0190001e007800fb
:1012a80080004000a0f92000008040001000780075
:1012b800c801de0002004100e111200080804000ea
:1012c8006032210000804000030878001e00900072
:1012d8000000e800100798001e0190001e0078002a
:1012e80080004000a0f920000080400090017800b4
:1012f80002004100e111200080804000603221009e
:1013080000804000030878001e0090000000e800fc
:10131800100798001e0fe8001e009000ff0f5000f5
:10132800ddff3600b00b2000e0a588000000eb00d0
:1013380090a18800e00f2000d01088000080fa00fb
:10134800000006000400fa000000eb0010079800f7
:101358000000eb00000f7800a00a2000a0a1880080
:1013680000012000b0a1880020072000c0a188004b
:10137800c0032000e0a188000000eb0010079800df
:10138800140037001e009000000040008000780024
:1013980000c02f0000804000707c88001e00900074
:1013a8000000400080007800a0f920000080400084
:1013b80000017800707c800080007800f007200031
:1013c80013002000bc2607001e0090000000e80063
:1013d800100798001e009000ff0f5000e9ff36002c
:1013e8000000eb0010079800200037001e01900055
:1013f8001e00780080004000a0f920000080400016
:1014080010007800c801de0002004100e111200050
:10141800808040006032210000804000030878008e
:101428001e0090000000e800100798001e019000c0
:101438001e00780080004000a0f9200000804000d5
:101448009001780002004100e111200080804000f6
:101458006032210000804000030878001e009000e0
:101468000000e800100798001e0fe8009e0090009a
:10147800f0032000808f5000dcff3600b00b200006
:10148800e0a588000000eb0090a18800e00f200094
:10149800d01088000080fa00000006000400fa005e
:1014a8000000eb001007980000022000000f7800f1
:1014b800a00a2000a0a1880000012000b0a1880097
:1014c80020062000c0a18800c0032000e0a18800f9
:1014d8000002200010079800140037001e0090003a
:1014e800000040008000780000c02f00008040000d
:1014f800707c88001e00900000004000800078008a
:10150800a0f920000080400000017800707c800075
:1015180080007800f00720001300200066260700ee
:101528001e0090000000e800100798009e00900040
:10153800d0032000808f5000e8ff36000000eb0049
:1015480010079800200037001e0190001e00780048
:1015580080004000a0f920000080400010007800c2
:10156800c801de0002004100e11120008080400037
:101578006032210000804000030878001e009000bf
:101588000000e800100798001e0190001e00780077
:1015980080004000a0f92000008040009001780001
:1015a80002004100e11120008080400060322100eb
:1015b80000804000030878001e0090000000e8004a
:1015c800100798001e0fe8009e009000b00320004e
:1015d800808f5000dcff3600b00b2000e0a58800ab
:1015e8000000eb0090a18800e00f2000d0108800d8
:1015f8000080fa00000006000400fa000000eb007a
:101608001007980000022000000f7800a00a2000b0
:10161800a0a1880000012000b0a1880020052000ba
:10162800c0a18800c0032000e0a18800e0032000da
:1016380010079800140037001e00900000004000ba
:101648008000780000c02f0000804000707c880077
:101658001e0090000000400080007800a0f92000e3
:101668000080400000017800707c800080007800d5
:10167800f0072000130020000f2607001e0090002e
:101688000000e800100798009e009000b0052000b8
:10169800808f5000e8ff36000000eb00100798002c
:1016a800200037001e0190001e00780080004000d6
:1016b800a0f920000080400010007800c801de007a
:1016c80002004100e11120008080400060322100ca
:1016d80000804000030878001e0090000000e80029
:1016e800100798001e0190001e007800800040003e
:1016f800a0f920000080400090017800020041001d
:10170800e11120008080400060322100008040000c
:10171800030878001e0090000000e80010079800f9
:101728001e0fe8009e009000b0032000808f50003c
:10173800dcff3600b00b2000e0a588000000eb00bd
:1017480090a18800e00f2000d01088000080fa00e7
:10175800000006000000fa00a00a2000a0a18800ee
:1017680000012000b0a1880010082000c0a1880056
:1017780060012000e0a1880090b58000e30f5000d0
:101788000300320090b58000e40f500010003a00ca
:10179800604380004800de0020a28800604380008b
:1017a80030a28800704380004800de0040a2880014
:1017b8007043800050a28800d08e80004800de0070
:1017c80060a28800d08e800070a288000c003700cc
:1017d8000000eb0020a288000000eb0030a2880087
:1017e8000000eb0040a288000000eb0050a2880037
:1017f8000000eb0060a288000000eb0070a28800e7
:10180800f08080004800de0080a28800f080800020
:1018180090a28800008180004800de00a0a2880015
:1018280000818000b0a28800108180004800de009e
:10183800c0a2880010818000d0a288005082800059
:101848004800de00e0a2880050828000f0a28800f4
:1018580090b580004800de0000a3880090b58000a5
:1018680010a3880010a380000000e00009003a00df
:101878000000eb0010a38800817c8000a0aa2a0049
:10188800808f500029003a004000200010a38800f3
:101898002600370010a38000e10f500009003a002d
:1018a8001000200010a38800817c8000a0aa2a00d4
:1018b800808f50001d003a004000200010a38800cf
:1018c8001a00370010a38000e20f500003003a000e
:1018d8002000200010a388001400370010a3800007
:1018e800e30f500003003a002000200010a38800f6
:1018f8000e00370010a38000e40f500003003a00e8
:101908003000200010a388000800370010a38000d2
:10191800e50f500003003a005000200010a3880093
:10192800020037000000eb0010a3880060818000ef
:101938004800de0020a388006081800030a3880072
:10194800907c80004800de0040a38800907c8000e6
:1019580050a38800508280004800de0060a3880001
:101968005082800070a38800b00b2000e0a588009a
:101978000000eb0090a18800e00f2000d010880044
:101988000080fa00000006000000fa00a00a20000b
:10199800a0a1880000012000b0a188001007200045
:1019a800c0a18800a0022000e0a1880090b58000b6
:1019b800e30f50000300320090b58000e40f5000a0
:1019c80010003a00604380004800de0020a2880032
:1019d8006043800030a28800704380004800de0029
:1019e80040a288007043800050a288008043800095
:1019f8004800de0060a288008043800070a2880052
:101a08000c0037000000eb0020a288000000eb006b
:101a180030a288000000eb0040a288000000eb0024
:101a280050a288000000eb0060a288000000eb00d4
:101a380070a28800f08080004800de0080a2880044
:101a4800f080800090a28800412d2000914078000d
:101a580000c8b30000c060000004e00004003a00c1
:101a680030a680000000a00030a6880004003700df
:101a780030a68000e1ff2f000100600030a688003a
:101a8800e0c2bf00614060000004e00004003a00ca
:101a980030a680000010a00030a68800040037009f
:101aa80030a68000d1ff2f000100600030a688001a
:101ab800e0c2bf00624060000004e00004003a0099
:101ac80030a680000020a00030a68800040037005f
:101ad80030a68000b1ff2f000100600030a688000a
:101ae800e6c2bf00624060000004e00004003a0063
:101af80030a680000030a00030a68800040037001f
:101b080030a6800071ff2f000100600030a6880019
:101b1800e6c2bf00614060000004e00004003a0033
:101b280030a680000040a00030a6880004003700de
:101b380030a68000f1fe2f000100600030a688006a
:101b4800cfc2bf000042b2000004e00005003a0026
:101b580030a68000010220000100700030a6880035
:101b68000400370030a68000f1fd2f00010060005e
:101b780030a68800cfc2bf000044b2000004e000d5
:101b880005003a0030a68000010420000100700022
:101b980030a688000400370030a68000f1fb2f0033
:101ba8000100600030a68800c8c2bf006440600021
:101bb8000004e00005003a0030a68000010820007b
:101bc8000100700030a688000400370030a68000ad
:101bd800f1f72f000100600030a68800c8c2bf00de
:101be800684060000004e00005003a0030a680006c
:101bf800011020000100700030a6880004003700a2
:101c080030a68000f1ef2f000100600030a68800a8
:101c1800c8c2bf00704060000004e00005003a0040
:101c280030a68000012020000100700030a6880046
:101c38000400370030a68000f1df2f0001006000ab
:101c480030a68800a07c8000011020000100600000
:101c58000000e0000500320030a6800001002800e6
:101c68000100700030a688000400370030a680000c
:101c7800f1ff27000100600030a68800e9c2bf001c
:101c88000044b2000004e0000400320040a68000d6
:101c98000000a00040a688000400370040a680008d
:101ca800e1ff2f000100600040a68800e9c2bf00e4
:101cb800704060000004e0000400320040a680008c
:101cc8000010a00040a688000400370040a680004d
:101cd800d1ff2f000100600040a68800e9c2bf00c4
:101ce8000042b2000004e0000400320040a6800078
:101cf8000020a00040a688000400370040a680000d
:101d0800b1ff2f000100600040a68800e9c2bf00b3
:101d180001c8b300014060000004e0000400320084
:101d280040a680000030a00040a6880004003700cc
:101d380040a6800071ff2f000100600040a68800c7
:101d4800d0c2bf00624060000004e000040032001e
:101d580040a680000040a00040a68800040037008c
:101d680040a68000f1fe2f000100600040a6880018
:101d7800d0c2bf00644060000004e00005003200eb
:101d880040a68000010220000100700040a68800e3
:101d98000400370040a68000f1fd2f00010060001c
:101da80040a68800e8c2bf0001c8b3000140600037
:101db8000004e0000500320040a680000104200075
:101dc8000100700040a688000400370040a680008b
:101dd800f1fb2f000100600040a68800e9c2bf00a7
:101de800614060000004e0000500320040a6800069
:101df800010820000100700040a688000400370098
:101e080040a68000f1f72f000100600040a688007e
:101e1800e9c2bf00624060000004e0000500320033
:101e280040a68000011020000100700040a6880034
:101e38000400370040a68000f1ef2f000100600089
:101e480040a68800e8c2bf000044b2000004e000d9
:101e58000500320040a6800001202000010070002b
:101e680040a688000400370040a68000f1df2f005c
:101e78000100600040a6880030a680004800de000f
:101e8800a0a2880030a68000b0a2880040a68000ea
:101e98004800de00c0a2880040a68000d0a28800ca
:101ea800108980004800de00e0a2880010898000c8
:101eb800f0a2880090b580004800de0000a38800ea
:101ec80090b5800010a3880010a380000000e000f7
:101ed80009003a000000eb0010a38800817c800014
:101ee800a0aa2a00808f500029003a004000200054
:101ef80010a388002600370010a38000e10f5000cf
:101f080009003a001000200010a38800817c80009e
:101f1800a0aa2a00808f50001d003a00400020002f
:101f280010a388001a00370010a38000e20f5000a9
:101f380003003a002000200010a388001400370096
:101f480010a38000e30f500003003a002000200097
:101f580010a388000e00370010a38000e40f500083
:101f680003003a003000200010a388000800370062
:101f780010a38000e50f500003003a005000200035
:101f880010a38800020037000000eb0010a38800af
:101f9800608180004800de0020a388006081800006
:101fa80030a38800907c80004800de0040a38800b1
:101fb800907c800050a38800508280004800de009a
:101fc80060a388005082800070a38800b0818000e0
:101fd8004800de0080a38800b081800090a38800bc
:101fe80070002000a0a38800c07d2000b0a3880056
:101ff800f0b180004800de00c0a38800f0b1800086
:10200800d0a38800e0b18000e10f500004003a003e
:1020180020a680000000a00020a688000400370049
:1020280020a68000e1ff2f000100600020a68800a4
:10203800f0ae8000640060000000e00004003200a0
:1020480020a680000010a00020a688000400370009
:1020580020a68000d1ff2f000100600020a6880084
:1020680080b38000e10f500004003a0020a68000f1
:102078000020a00020a688000400370020a68000c9
:10208800b1ff2f000100600020a688006181800058
:10209800f0888000808f500004003900a07c800008
:1020a800700060000000e00004003a0020a68000f4
:1020b8000030a00020a688000400370020a6800079
:1020c80071ff2f000100600020a6880020a6800074
:1020d8004800de00e0a3880020a68000f0a3880066
:1020e800a17c800000002200008060000000e00069
:1020f80006003a0060b880004800de0000a48800ae
:1021080060b8800010a48800050037005081800066
:102118004800de0000a488005081800010a48800d8
:10212800608380004800de0020a48800608380006f
:1021380030a4880020b780004800de0040a4880052
:1021480020b7800050a48800108e80004880de00f0
:1021580060a48800108e800070a488000081800030
:102168004800de0080a488000081800090a48800d8
:10217800108180004800de00a0a488001081800043
:10218800b0a48800b00b2000e0a588000000eb0098
:1021980090a18800e00f2000d01088000080fa008d
:1021a800000006000000fa00a00a2000a0a1880094
:1021b80000012000b0a1880050072000c0a18800bd
:1021c800c0032000e0a1880090b58000e30f500014
:1021d8000300320090b58000e40f500010003a0070
:1021e800604380004800de0020a288006043800031
:1021f80030a28800704380004800de0040a28800ba
:102208007043800050a28800804380004800de00b0
:1022180060a288008043800070a288000c0037000c
:102228000000eb0020a288000000eb0030a288002c
:102238000000eb0040a288000000eb0050a28800dc
:102248000000eb0060a288000000eb0070a288008c
:10225800f08080004800de0080a28800f0808000c6
:1022680090a28800412d20009140780000c8b3005a
:1022780000c060000004e00004003a0030a68000be
:102288000000a00030a688000400370030a68000b7
:10229800e1ff2f000100600030a68800e0c2bf0007
:1022a800614060000004e00004003a0030a68000ad
:1022b8000010a00030a688000400370030a6800077
:1022c800d1ff2f000100600030a68800e0c2bf00e7
:1022d800624060000004e00004003a0030a680007c
:1022e8000020a00030a688000400370030a6800037
:1022f800b1ff2f000100600030a68800e6c2bf00d1
:10230800624060000004e00004003a0030a680004b
:102318000030a00030a688000400370030a68000f6
:1023280071ff2f000100600030a68800e6c2bf00e0
:10233800614060000004e00004003a0030a680001c
:102348000040a00030a688000400370030a68000b6
:10235800f1fe2f000100600030a68800cfc2bf0048
:102368000042b2000004e00005003a0030a68000f8
:10237800010220000100700030a688000400370028
:1023880030a68000f1fd2f000100600030a6880013
:10239800cfc2bf000044b2000004e00005003a00cc
:1023a80030a68000010420000100700030a68800db
:1023b8000400370030a68000f1fb2f000100600008
:1023c80030a68800c8c2bf00644060000004e00076
:1023d80005003a0030a680000108200001007000c6
:1023e80030a688000400370030a68000f1f72f00df
:1023f8000100600030a68800c8c2bf0068406000c5
:102408000004e00005003a0030a68000011020001a
:102418000100700030a688000400370030a6800054
:10242800f1ef2f000100600030a68800c8c2bf008d
:10243800704060000004e00005003a0030a680000b
:10244800012020000100700030a688000400370039
:1024580030a68000f1df2f000100600030a6880060
:10246800a07c800001102000010060000000e00056
:102478000500320030a6800001002800010070002d
:1024880030a688000400370030a68000f1ff27003e
:102498000100600030a68800e9c2bf000044b20015
:1024a8000004e0000400320040a680000000a00004
:1024b80040a688000400370040a68000e1ff2f00f6
:1024c8000100600040a68800e9c2bf0070406000bb
:1024d8000004e0000400320040a680000010a000c4
:1024e80040a688000400370040a68000d1ff2f00d6
:1024f8000100600040a68800e9c2bf000042b200a7
:102508000004e0000400320040a680000020a00083
:1025180040a688000400370040a68000b1ff2f00c5
:102528000100600040a68800e9c2bf0001c8b300ee
:10253800014060000004e0000400320040a6800072
:102548000030a00040a688000400370040a68000a4
:1025580071ff2f000100600040a68800d0c2bf00b4
:10256800624060000004e0000400320040a68000e1
:102578000040a00040a688000400370040a6800064
:10258800f1fe2f000100600040a68800d0c2bf0005
:10259800644060000004e0000500320040a68000ae
:1025a800010220000100700040a6880004003700e6
:1025b80040a68000f1fd2f000100600040a68800c1
:1025c800e8c2bf0001c8b300014060000004e00099
:1025d8000500320040a680000104200001007000c0
:1025e80040a688000400370040a68000f1fb2f00b9
:1025f8000100600040a68800e9c2bf006140600099
:102608000004e0000500320040a680000108200018
:102618000100700040a688000400370040a6800032
:10262800f1f72f000100600040a68800e9c2bf0052
:10263800624060000004e0000500320040a680000f
:10264800011020000100700040a688000400370037
:1026580040a68000f1ef2f000100600040a688002e
:10266800e8c2bf000044b2000004e00005003200e8
:1026780040a68000012020000100700040a68800cc
:102688000400370040a68000f1df2f000100600041
:1026980040a6880030a680004800de00a0a288007e
:1026a80030a68000b0a2880040a680004800de0066
:1026b800c0a2880040a68000d0a2880010898000af
:1026c8004800de00e0a2880010898000f0a288009f
:1026d80090b580004800de0000a3880090b5800017
:1026e80010a3880010a380000000e00009003a0051
:1026f8000000eb0010a38800817c8000a0aa2a00bb
:10270800808f500029003a004000200010a3880064
:102718002600370010a38000e10f500009003a009e
:102728001000200010a38800817c8000a0aa2a0045
:10273800808f50001d003a004000200010a3880040
:102748001a00370010a38000e20f500003003a007f
:102758002000200010a388001400370010a3800078
:10276800e30f500003003a002000200010a3880067
:102778000e00370010a38000e40f500003003a0059
:102788003000200010a388000800370010a3800044
:10279800e50f500003003a005000200010a3880005
:1027a800020037000000eb0010a388006081800061
:1027b8004800de0020a388006081800030a38800e4
:1027c800907c80004800de0040a38800907c800058
:1027d80050a38800508280004800de0060a3880073
:1027e8005082800070a38800b08180004800de001d
:1027f80080a38800b081800090a38800700020002a
:10280800a0a38800c07d2000b0a38800f0b180009c
:102818004800de00c0a38800f0b18000d0a3880083
:10282800e0b18000e10f500004003a0020a68000cb
:102838000000a00020a688000400370020a6800021
:10284800e1ff2f000100600020a68800f0ae8000a4
:10285800640060000000e0000400320020a6800050
:102868000010a00020a688000400370020a68000e1
:10287800d1ff2f000100600020a6880080b38000ef
:10288800e10f500004003a0020a680000020a000bc
:1028980020a688000400370020a68000b1ff2f0082
:1028a8000100600020a6880061818000f088800017
:1028b800808f500004003900a07c80007000600008
:1028c8000000e00004003a0020a680000030a000cc
:1028d80020a688000400370020a6800071ff2f0082
:1028e8000100600020a6880020a680004800de00c5
:1028f800e0a3880020a68000f0a38800a17c8000c7
:1029080000002200008060000000e00006003a009d
:1029180060b880004800de0000a4880060b880002d
:1029280010a4880005003700508180004800de00b0
:1029380000a488005081800010a488006083800073
:102948004800de0020a488006083800030a488004e
:1029580020b780004800de0040a4880020b780002f
:1029680050a48800008e80004880de0060a48800a3
:10297800008e800070a48800008180004800de007e
:1029880080a488000081800090a4880010818000c5
:102998004800de00a0a4880010818000b0a4880050
:1029a800e08d80004880de00c0a48800e08d8000b3
:1029b800d0a48800708e80004800de00e0a4880063
:1029c800708e8000f0a48800608e80004800de00d1
:1029d80000a58800608e800010a58800a08e800069
:1029e8004800de0020a58800a08e800030a5880061
:1029f800b00b2000e0a588000000eb0090a1880043
:102a0800e00f2000d01088000080fa0000000600c7
:102a18000200fa00a00a2000a0a1880000012000fe
:102a2800b0a1880040082000c0a188004000200014
:102a3800e0a18800e0012000000f78001e00780067
:102a4800000040008000780000c02f000080400097
:102a5800707c88001e00780000004000800078002c
:102a6800a0f920000080400000017800707c800000
:102a780080007800f0072000130020000e210700d6
:102a8800f0012000000f78001e00780000004000d0
:102a98008000780000c02f0000804000707c880013
:102aa8001e0078000000400080007800a0f9200097
:102ab8000080400000017800707c80008000780071
:102ac800f007200013002000fb200700b07e8000e4
:102ad8004800de0020a28800b07e800030a2880076
:102ae800c07e80004800de0040a28800c07e8000d2
:102af80050a28800b00b2000e0a588000000eb0081
:102b080090a18800e00f2000d01088000080fa0013
:102b1800000006000000fa0030032000f0108800d2
:102b28000000eb00b010880017e2a80017a2a80068
:102b380016a2a900612120009140780090cfb3002f
:102b480000c0600016e2b7001602a9000000eb0002
:102b5800c01088001942a80019e2a90018c2bf00d5
:102b6800f043b20018e2b7008720a9008700a90047
:102b7800010a200091407800f0c8b30000c060004e
:102b880001c4b30001407000a0e0b700010a2000b2
:102b98009140780080cfb30000c060000024a000fe
:102ba800a0e0b7008f20a8008f00a8000080fa00de
:102bb80000000600809fbe00821f78003400f800e5
:102bc80000002000a00188000000fa0018c2bf0021
:102bd800624060000004e000010032001822a900f1
:102be8002413a8000000eb0070a188002099800041
:102bf800620060000000e00086003a0018c2bf00d2
:102c0800644060000004e00084003a0030998000cd
:102c18000000e0000b003a00e010800040998800b6
:102c280041998000a00a2000808f50007b003a0064
:102c380010002000309988000000eb00909988006f
:102c48007600370030998000e10f500005003a0007
:102c58002000200030998800e010800050998800fa
:102c68006e00370030998000e20f500005003a00ee
:102c78003000200030998800e010800060998800ba
:102c88006600370030998000e30f500022003a00b8
:102c98004000200030998800e0108000809988006a
:102ca800809980007099880080998000fc0f5000fe
:102cb80003003a007003200030998800570037005d
:102cc80081998000c0032000808f500003003a00e3
:102cd80080032000309988005000370080998000d8
:102ce800e10f500003003a004000200030998800ae
:102cf8004a003700809980000000e00003003a0095
:102d08004000200030998800440037000000eb00a4
:102d1800309988004100370030998000e40f500056
:102d28000b003a00e0108000809d8800819d8000a3
:102d3800b00b2000808f500002003a002433a80016
:102d48002413a9000000eb003099880033003700f5
:102d58003199800070032000808f500013003a00e2
:102d6800809980000000e90080998800909980008f
:102d7800e210800000004000f200400060322100b4
:102d88000080400002087800909980000000e80068
:102d980090998800809980000000e0001f003a00a8
:102da80040002000309988001c00370031998000cd
:102db80080032000808f500013003a008099800023
:102dc8000000e9008099880090998000e210800056
:102dd80000004000f2004000603221000080400006
:102de80002087800909980000000e8009099880017
:102df800809980000000e00008003a0040002000b0
:102e080030998800050037000000eb0030998800f1
:102e180002003700e0108000409988008700a90070
:102e28000080fa003400f9004f0178004f00be001e
:102e380000400600809fbe003400f800000020001b
:102e4800a00188000000fa0090a180000000e000c6
:102e580005003a00a0a18000d010880010002000d2
:102e680090a188003900370090a18000e10f500040
:102e780005003a002000200090a18800b0a1800041
:102e8800d01088003100370090a18000e20f500078
:102e980005003a003000200090a18800c0a1800001
:102ea800d01088002900370090a18000e30f50005f
:102eb80007003a004000200090a18800e0a18000af
:102ec800d01088000000eb00f0a188001f00370038
:102ed80090a18000e40f50001a003a00e0a18000a1
:102ee8000000e00006003a002004200090a18800bd
:102ef800b00b2000d01088002453a800130037001e
:102f08004000200090a18800f0a18000000040004f
:102f1800e1112000808040006032210000804000e4
:102f280010007800d0108800f0a180000000e800b0
:102f3800f0a18800e0a180000000e900e0a188007d
:102f4800020037002004200090a188008720a900f3
:102f58000080fa003400f9004f00be00004006006f
:102f68000000fa008700a9008f00a9000000eb000c
:102f7800a09988000000eb00b09988000000eb00e1
:102f8800b099880027003700709980000000e90098
:102f980070998800709980000000e9007099880095
:102fa800a199800001804000720140006032210038
:102fb8000000410010007800909d88000100e800a2
:102fc800a0998800a199800001804000720140000a
:102fd800603221000000410010007800a09d8800a8
:102fe8000100e800a0998800909d80004800dd005d
:102ff800909d8800b2998000919d8000a09d8000de
:1030080080814000020041000109200080804000ca
:103018006032210000804000030878000200e800c8
:10302800b099880070998000e10f5000d6ff3e00eb
:1030380050998000f00f500057003a0061998000c5
:1030480010082000808f500002003a0024b3a80026
:103058006b0037006199800010072000808f5000b6
:1030680002003a002573a8006500370061998000c6
:1030780050072000808f500002003a0025b3a800b6
:103088005f0037006199800020082000808f500081
:1030980002003a002493a800590037006199800083
:1030a80020072000808f500002003a002553a80016
:1030b800530037006199800020062000808f50005f
:1030c80002003a00ca34a8004d0037006199800018
:1030d80020052000808f500002003a00cab4a800e2
:1030e800470037006199800040082000808f500019
:1030f80002003a0024d3a8004100370061998000fb
:1031080050082000808f500006003a008099800007
:10311800e10f50003a003a0024f3a8002513a90053
:10312800370037006199800060082000808f5000c8
:1031380005003a0080998000e10f500030003a0005
:103148002513a8002e003700619980007008200020
:10315800808f500005003a0080998000e10f5000f0
:1031680027003a00de15a800250037006199800085
:1031780080082000808f500005003a008099800068
:10318800e10f50001e003a00de35a8001c00370091
:10319800000000001a00370051998000000220004a
:1031a800808f500015003a00619980003008200097
:1031b800808f500001003a002473a80061998000b4
:1031c80030072000808f500001003a002533a80006
:1031d8006199800030062000808f500001003a007d
:1031e800ca14a8006199800030052000808f500023
:1031f80003003a00ca94a80001003700000000004c
:103208008f00a8000080fa00000006004400fa00c1
:10321800889fbe000000eb00102798000000eb001c
:1032280010279800140037001e209000000040006e
:103238008000780000c02f0000804000707c88006b
:103248001e2090000000400080007800a0f92000b7
:103258000080400000017800707c800080007800c9
:10326800f007200013002000131f07001e20900005
:103278000000e800102798009e209000d00320004e
:10328800808f5000e8ff3600d07f8000f0878800ec
:10329800f08780000000e00002003a0050d02000d3
:1032a800f0878800f0878000010020004a09dd00cf
:1032b800c600de00810071004a00dd000088880039
:1032c80011888800a07e800080007800000021001e
:1032d80000806000002798008e20900000002100e8
:1032e800808f500002003a00958fa8000100370037
:1032f800958fa900d17c800060042000808f500049
:103308000300360050012000d07c880007003700f9
:10331800d07c8000e90f500003003e0050012000df
:10332800d07c88000100370000000000d17c8000bc
:10333800400620000088b900d07c8800a17c80006d
:1033480000002100008060000000e0000f003a004b
:10335800d17c800000f42100010050000100200011
:10336800208288003182880020828000318280009b
:103378004a09dd00c600de00810071004a00dd0058
:1033880020828800318288000e003700d17c8000be
:10339800a0a0210001005000010020002082880028
:1033a8003182880020828000318280004a09dd0055
:1033b800c600de00810071004a00dd00208288001e
:1033c80031828800e17c800080072000808f5000d7
:1033d8000200360080022000e07c8800e17c80004a
:1033e800400620000088b9004082880022828000c0
:1033f800338280000088800011888000000051001e
:103408008180590002fa200003002000c8f4070058
:1034180070838800228280003382800000888000c8
:10342800118880000000510081805900027d200031
:1034380003002000bef4070080838800017d80001f
:10344800007d2000808f500003003600800c200093
:10345800007d88000100370000000000007d80002a
:1034680080888800f17c8000401f2000808f5000f9
:1034780003003600e0152000f07c880008003700c3
:10348800f17c800030062000808f500003003e0051
:10349800e0152000f07c88000100370000000000e3
:1034a800f07c8000a2002000110009000280d800f2
:1034b800f07c8800808880006104b800f07c80007f
:1034c8006102b8008800780004007800000bb8009a
:1034d80005c0b900070178000001410009a0b90042
:1034e8000001410082037800a200200003002000b0
:1034f8000600be0088f3070070828800107d8000f7
:10350800e30f5000030036000000eb00107d880038
:103518000100370000000000107d800060828800f4
:10352800207d8000d08b8800307d800052002000f4
:10353800110009000280d800c08b8800407d8000ff
:1035480090828800517d8000c0032000808f500049
:103558000200360040012000507d8800517d800027
:10356800400620000088b900a0828800607d8000a5
:10357800c0888800717d8000c0122000808f5000b4
:103588000300360020032000707d88000700370004
:10359800707d8000e90f500003003e0020032000ea
:1035a800707d88000100370000000000707d8000f9
:1035b800e0888800817d800060042000808f5000b2
:1035c8000200360030022000807d8800807d800067
:1035d800f0888800917d800060042000808f500072
:1035e8000300360080022000907d88000700370025
:1035f800907d8000fd0f500003003e0080022000f7
:10360800907d88000100370000000000917d800057
:10361800400620000088b90001002000b082880020
:10362800c1828800a17d800060042000808f500046
:1036380003003600c0032000a07d88000700370083
:10364800a07d8000fd0f500003003e00c003200055
:10365800a07d88000100370000000000a17d8000e7
:10366800400620000088b90001002000d0828800b0
:10367800e1828800d2828000e3828000b0828000ec
:10368800c1828000800f5100818f590009003600e7
:10369800d0828000e1828000b2828000c3828000f4
:1036a800020050008380580000838800118388003e
:1036b80008003700d0828000e1828000b28280005a
:1036c800c382800002005000838058000083880075
:1036d8001183880000838000118380004a09dd007f
:1036e800c600de00810071004a00dd00008388000a
:1036f800118388000483800015838000a0828000e5
:103708006101b8000400be0009f40700f0828800d7
:10371800b0828000c18280004a09dd00c600de0058
:10372800810071004a00dd00b0828800c1828800f3
:10373800d0828000e18280004a09dd00c600de00f8
:10374800810071004a00dd00d0828800e182880093
:10375800b07d800060848800c07d8000708488000f
:10376800d07d800080848800e07d8000908488007f
:10377800f07d8000a084880080b380000000e00015
:1037880004003a00f07d8000108988000000eb00fa
:1037980000898800007e8000b0848800107e800048
:1037a80040858800207e800050858800307e80001b
:1037b800e0848800407e8000f0848800507e80008d
:1037c80000858800607e800010858800707e8000fb
:1037d80020858800807e800030858800907e80006b
:1037e80060858800a07e800061006000701f9800de
:1037f8007e189000e10f500002003a00940fa800d4
:1038080001003700940fa900a07e800062006000cc
:10381800601f98006e189000e20f500002003a00f6
:10382800942fa80001003700942fa900a07e8000e3
:1038380064006000501f98005e189000e40f50006c
:1038480002003a00944fa80001003700944fa900e5
:10385800a07e800068006000401f98004e1890000d
:10386800e80f500002003a00946fa80001003700ea
:10387800946fa900a07e800070006000301f98003f
:103888003e189000f00f500002003a00948fa800f4
:1038980001003700948fa900a07e80008000780086
:1038a8000002200000806000201f9800ae189000e1
:1038b80000022000808f500002003a0094afa80058
:1038c8000100370094afa900a07e80008000780036
:1038d8000004200000806000101f98009e189000cf
:1038e80000042000808f500002003a0094cfa80006
:1038f8000100370094cfa900a07e800080007800e6
:103908000008200000806000001f98008e189000ba
:1039180000082000808f500002003a0094efa800b1
:103928000100370094efa900a07e80008000780095
:10393800002020000080600070179800fe109000a2
:1039480000202000808f500002003a00952fa80028
:1039580001003700952fa900a07c800001202000dd
:10396800010060000000e0000a003a00a07e80002c
:103978008000780000102000008f600000102000f8
:103988009e0f100002003a00950fa80001003700b2
:10399800950fa900a07e80008000780000402000dc
:1039a8000080600060179800ee1090000040200032
:1039b800808f500002003a00954fa80001003700a0
:1039c800954fa900a07e800080007800008020002c
:1039d8000080600050179800de10900000802000e2
:1039e800808f500002003a00956fa8000100370050
:1039f800956fa900a07c80000100210001006000f3
:103a08000000e00005003a0040062000e08e880033
:103a180020032000f08e88000400370040052000b5
:103a2800e08e8800a0022000f08e8800a07e800032
:103a38008000780000002200008060004017980095
:103a4800ce10900000002200808f500002003a0043
:103a580095afa8000100370095afa900a07e8000af
:103a68008000780000002400008060003017980073
:103a7800be10900000002400808f500002003a0021
:103a880095cfa8000100370095cfa900a07e80003f
:103a9800800078000000280000806000201798004f
:103aa800ae10900000002800808f500002003a00fd
:103ab80095efa8000100370095efa900b07e8000bf
:103ac800d0808800c07e8000e0808800d07e8000a2
:103ad8006103b80086007800000029000009b800da
:103ae8006130b9000302780000024200000029009a
:103af80000b8b90000024200840178000200be004c
:103b08007085880081858800e07e80006103b800a8
:103b180086007800000029000009b8006130b9006b
:103b280003027800000242000000290000b8b90032
:103b380000024200840178000200be0090858800df
:103b4800a1858800f07e80006103b80086007800b7
:103b5800000029000009b8006130b90003027800ac
:103b6800000242000000290000b8b900000242002b
:103b7800840178000200be00b0858800c1858800f5
:103b8800007f80006103b8008600780000002900eb
:103b98000009b8006130b900030278000002420051
:103ba8000000290000b8b900000242008401780032
:103bb8000200be00d0858800e1858800107f800063
:103bc8006103b80086007800000029000009b800e9
:103bd8006130b900030278000002420000002900a9
:103be80000b8b90000024200840178000200be005b
:103bf800f085880001868800207f80000100200071
:103c08001086880021868800317f800040062000c9
:103c18000088b90030868800407f8000d0878800ff
:103c2800507f8000e0878800607f80009087880050
:103c3800717f8000400620000088b90070868800e7
:103c4800d17e8000400620000088b90080007800fe
:103c580000f4210001005000010020008086880047
:103c68009186880080868000918680004a09dd0060
:103c7800c600de00810071004a00dd0080868800f1
:103c88009186880092858000a385800070858000d9
:103c980081858000800f5100818f59000f00390005
:103ca800308680000000e0000c0032009285800021
:103cb800a385800070858000818580000002510006
:103cc80081825900308680006101b8000400be007e
:103cd80097f20700a0868800020037000000eb007a
:103ce800a0868800b2858000c3858000908580000a
:103cf800a1858000800f5100818f59000f00390085
:103d0800408680000000e0000c003200b285800090
:103d1800c385800090858000a18580000002510045
:103d280081825900408680006101b8000400be000d
:103d38007ff20700b0868800020037000000eb0021
:103d4800b0868800d2858000e3858000b085800039
:103d5800c1858000800f5100818f59000f00390004
:103d6800508680000000e0000c003200d285800000
:103d7800e3858000b0858000c18580000002510085
:103d880081825900508680006101b8000400be009d
:103d980067f20700c0868800020037000000eb00c9
:103da800c0868800f285800003868000d085800068
:103db800e1858000800f5100818f59000f00390084
:103dc800608680000000e0000c003200f285800070
:103dd80003868000d0858000e185800000025100c4
:103de80081825900608680006101b8000400be002d
:103df8004ff20700d0868800020037000000eb0071
:103e0800d0868800807f80003087880030878000d7
:103e18000000e00002003a00a0002000308788007f
:103e2800907f800040878800408780000000e00085
:103e380002003a00c012200040878800a07f80005e
:103e4800f08b8800f08b80000000e00002003a0050
:103e580020032000f08b8800b07f80005087880006
:103e6800508780000000e00002003a00401f200058
:103e780050878800c07f8000608788006087800046
:103e88000000e00002003a00a000200060878800df
:103e9800e07f800061006000101798001e109000fd
:103ea800e10f500002003a0097efa8000100370028
:103eb80097efa900e07f800062006000001798007b
:103ec8000e109000e20f500002003a00980fa80070
:103ed80001003700980fa900e07f800064006000af
:103ee800700f98007e089000e40f500002003a001e
:103ef800982fa80001003700982fa900e07f8000c4
:103f080068006000700f98007e089000e80f50006d
:103f180002003a00984fa80001003700984fa90006
:103f2800f07f800061006000700f98007e089000ac
:103f3800e10f500002003a00960fa8000100370078
:103f4800960fa900f07f800062006000600f980063
:103f58006e089000e20f500002003a00962fa80069
:103f680001003700962fa900f07f800064006000f0
:103f7800500f98005e089000e40f500002003a00cd
:103f8800964fa80001003700964fa900f07f8000e7
:103f980068006000400f98004e089000e80f50003d
:103fa80002003a00966fa80001003700966fa9003a
:103fb800f07f800070006000300f98003e0890008d
:103fc800f00f500002003a00968fa8000100370059
:103fd800968fa900f07f8000800078000002200002
:103fe80000806000200f9800ae08900000022000ba
:103ff800808f500002003a0096cfa80001003700d9
:1040080096cfa900f07f800080007800000420008f
:1040180000806000100f98009e08900000042000a7
:10402800808f500002003a0096afa80001003700c8
:1040380096afa900f07f800080007800000820007b
:1040480000806000000f98008e0890000008200093
:10405800808f500002003a0096efa8000100370058
:1040680096efa900f07f8000800078000010200003
:104078000080600070079800fe009000001020008b
:10408800808f500002003a00970fa8000100370007
:10409800970fa900f07f80008000780000202000a2
:1040a8000080600060079800ee009000002020006b
:1040b800808f500002003a00972fa80001003700b7
:1040c800972fa900f07f8000800078000040200032
:1040d8000080600050079800de009000004020003b
:1040e800808f500002003a00974fa8000100370067
:1040f800974fa900f07f80008000780000802000a2
:104108000080600040079800ce00900000802000ea
:10411800808f500002003a00976fa8000100370016
:10412800976fa900f07f80008000780000002100d0
:104138000080600030079800be0090000000210059
:10414800808f500002003a00978fa80001003700c6
:10415800978fa900f07f800080007800000022007f
:104168000080600020079800ae0090000000220048
:10417800808f500002003a0097afa8000100370076
:1041880097afa900f07f800080007800000024002d
:1041980000806000100798009e0090000000240036
:1041a800808f500002003a0097cfa8000100370026
:1041b80097cfa900008080006a00b9007087880046
:1041c800708780000000e00002003a0060092000cb
:1041d8007087880010808000808788008087800032
:1041e8000000e00002003a00a0002000808788005c
:1041f80020808000a0878800a08780000000e00061
:1042080002003a0040062000a08788003080800025
:10421800b0878800b08780000000e00002003a0004
:1042280040062000b087880040808000c087880052
:10423800c08780000000e00002003a00400620002d
:10424800c0878800508080002088880060808000b7
:1042580030888800708080004088880080808000d6
:10426800508888009080800060888800a080800046
:10427800708888008088800001002000a20020004b
:104288000300200024f00700208488008088800034
:104298000100200052002000030020001ef007004b
:1042a80040848800708280006103b800860078002e
:1042b800d0052000000ab8006030b9000501780078
:1042c80000014100d005200000b8b90000014100fc
:1042d8008202780042062000030020000400be008d
:1042e8000df0070090888800708280006103b80094
:1042f8008600780020062000000ab8006030b90067
:1043080005017800000141002006200000b8b9002e
:1043180000014100820278004206200003002000cc
:104328000400be00fcef0700a0888800207d800004
:10433800a2002000110009000280d800b08888007f
:1043480080888000a2002000110009000280d800a7
:10435800d088880081888000808880000100b800ab
:1043680050898800618988006188800000052000e4
:104378000100b800708988008189880078898000e8
:1043880089898000568980006789800088007800c4
:1043980006007800000ab80007c0b90005017800d7
:1043a8000001410009b0b900000141008202780013
:1043b800748988008589880071888000000520003c
:1043c8000100b80090898800a18988009889800038
:1043d800a989800056898000678980008800780054
:1043e80006007800000ab80007c0b9000501780087
:1043f8000001410009b0b9000001410082027800c3
:1044080094898800a58988004f04be000080fa00be
:10441800000006000000fa00d2e2a800de02a800b0
:10442800de22a800e422a800e402a800d362a800c3
:104438000000eb00801688000000eb0040178800a1
:104448000000eb00b0168800e5c2a900e582a900cb
:10445800e5a2a900e5e2a900cc22a900cc42a90066
:10446800e4c2a900e4e2a900e502a900e522a90046
:10447800d262a900d242a900d222a900e9c2a900a9
:10448800e982a900d042a9000000eb00a0ae880094
:104498000000eb00b0ae88000000eb00c0ae880062
:1044a8000000eb0090b588000080fa0000000600cc
:1044b8000000fa000000eb00200888000000eb0074
:1044c8000008880005a1a9000421a90041102000c6
:1044d80091407800f0ccb30000c0600004e1b70060
:1044e80005e1a80000f42100100888005109200007
:1044f80091407800f0c8b30000c0600001c5b30067
:104508000140700095e0b7008460a9008c60a800a5
:1045180042c0bf007f40600001c6b3000140700088
:1045280042e0b7000080fa00000006000000fa0030
:10453800d2c2a800d2a2a800d282a8000000eb0034
:10454800000688000000eb0010068800c1a0a80043
:10455800c1c0a800c1e0a8000000eb002006880048
:104568000000eb0030068800c5a0a900c5c0a9005e
:10457800c5e0a900b109200091407800f0c8b30057
:1045880000c0600001c5b300014070009be0b700a7
:1045980085e0a9008de0a8000080fa000000060070
:1045a8000600fa006000b80010079800210798007c
:1045b8000040eb00004f78000e0037001e80fb0023
:1045c80000004000e4004000e01f2100008040009f
:1045d800100078006101b8001e009000ae00900045
:1045e80000004100818049001007980021079800c9
:1045f8001e4fe80030c0b3009e4f1000efff36009a
:104608001e009000ae0090004e09dd004200de0062
:1046180000007100c208de000080fa0000000600f9
:104628000800fa00100798009e009000b0bd240012
:10463800808f5000040036009e009000c03f250087
:10464800808f50000900360092d6bf000040e80075
:1046580092f6b70092d6bf00e24f5000190036001c
:104668000000eb0030079800180037000040eb000e
:1046780092f6b700caff0700000f78009e0090006e
:104688001e00780000805000200798002e0090003f
:104698000000e00003003d002e0090000000ea004a
:1046a800200798002e0090009e007800c208de00c7
:1046b800810f5000030036000000eb00300798001f
:1046c8000200370010002000300798003e009000dc
:1046d8000080fa00000006000000fa001fe1a900af
:1046e8000000eb00a008880000908000803eb00029
:1046f800d00888001fe1a8000080fa00000006002a
:104708000000fa0010828000640060000000e000f1
:104718001c0032000000eb00c0088800a17c80006b
:1047280000002100008060000000e00003003a0063
:1047380030682000e008880002003700d0562000ca
:10474800e008880086c0a9008ec0a80021e1a80062
:104758001000200050b7880010c0b300e8f6b7007a
:1047680010002000e0ae880087a0a900e114200016
:104778009140780080cfb30000c060004ee1b700e0
:104788008fa0a9000080fa00000006000000fa00cf
:104798000000eb0070b788000000eb00700a88008a
:1047a8004ee1a900e114200091407800f0c9b3005f
:1047b80000c060004ee1b700e1142000914078008d
:1047c80080cfb30000c060003040b3004ee1b700b6
:1047d800210a20009140780000c7b30000c0700093
:1047e800a2e0b70087a0a9008fa0a8000080fa0067
:1047f800000006000000fa000000eb0080088800b6
:104808000000eb003008880011a1a90010c1a90020
:104818001021a9000111200091407800f0ccb300cc
:1048280000c060000044a00010e1b7001061a900ba
:1048380011e1a9000080eb006008880071092000e0
:104848009140780080cfb30000c060006040b300a2
:1048580097e0b70084c0a9008cc0a9000000eb0055
:10486800900888000000eb005008880013a1a900f8
:1048780012c1a9001221a90021112000914078003d
:10488800f0ccb30000c060000044a00012e1b70003
:1048980013e1a8000080eb0070088800710920006f
:1048a80091407800f0c8b30000c0600001c6b300b2
:1048b8000140700097e0b70084e0a9008ce0a900ef
:1048c8000000eb00f00888000000eb00a00888005a
:1048d80000e22400d00888001fa1a8001ec1a9007a
:1048e8001e21a900e111200091407800f0ccb3000e
:1048f80000c060000044a0001ee1b7001fe1a9004d
:104908001e61a900e109200091407800f0c8b300b9
:1049180000c0600001c6b300014070009ee0b7000f
:1049280086a0a9008ea0a8000000eb00000988005e
:104938000000eb00c008880021a1a80020c1a90040
:104948002021a9000112200091407800f0ccb3008a
:1049580000c060000044a00020e1b70021e1a900e8
:1049680090b88000e0088800f109200091407800a4
:1049780080cfb30000c060006040b3009fe0b70084
:1049880086c0a9008ec0a9000080fa0000000600b9
:104998003600f800809fbe00829fbe00849fbe0044
:1049a800869fbe003400f80000002000a0018800a7
:1049b8000000fa004230a80087a0a900e1142000f6
:1049c8009140780080cfb30000c060003040b30051
:1049d8004ee1b7000000eb00a0b48800600a800038
:1049e80060b5880061b5800090b78000808f500066
:1049f8000500390060b5800091b7800001005000c3
:104a080070b588000500370061b5800090b7800058
:104a1800008050000000e90070b5880071b5800082
:104a2800c0bd2400808f50001400360071b580008e
:104a3800b03f2500808f500010003e000ad2bf0012
:104a48000080fb0072b5800000004000e4004000d8
:104a5800e01f210000804000020878000ad2bf0051
:104a68000080fb000000e80042002000110009005f
:104a78000200d8008000fd000af2b700c8fe070057
:104a8800f08f880070b58000e5fe07000bf2b700d4
:104a98000bd2bf000004e00005003200f08f800058
:104aa800009088000cff070010c0b3009ef6b70006
:104ab80060b5800090b788000bd2bf000004e0000a
:104ac800010032000eff07000080fa003400f900f0
:104ad8004f03be004f02be004f01be004f00be0094
:104ae8003600f90000400600809fbe003400f80040
:104af80000002000a00188000000fa0050b78000e4
:104b0800e10f500015003a00d5c2bf0068406000b0
:104b18000004e00011003a000bd2bf000004e000de
:104b28000e0032000000eb0050b7880021e1a90018
:104b380086c0a9008ec0a90087a0a9008fa0a800e0
:104b4800e11420009140780080cfb30000c06000dd
:104b58003040b3004ee1b7002000370050b7800066
:104b6800e10f500011003a00d5c2bf006840600054
:104b78000004e0000d0032000bd2bf000004e0008a
:104b88000a0032002000200050b7880087a0a90042
:104b98008fa0a900e11420009140780080cfb300d5
:104ba80000c060004ee1b7000c00370050b780002d
:104bb800e10f500009003a00d5c2bf00684060000c
:104bc8000004e00005003a000bd2bf000004e0003a
:104bd80002003a002000200050b7880050b780003b
:104be800e20f50001d003a000000eb00c0088800ea
:104bf80060838000e00888009fd6bf00e14f500026
:104c080006003a000040eb009ff6b700e10880007c
:104c180080c12f0000804000e0088800c0b68000f6
:104c280090b8880086c0a9008ec0a80021e1a8001d
:104c3800a17c800000102000008060000000e000df
:104c480003003a003000200050b788004c003700bd
:104c5800b000200050b788004900370050b78000e6
:104c6800e30f50000c003a004000200050b78800c5
:104c78000000eb00c008880090b88000e0088800b9
:104c880086c0a9008ec0a80021e1a800d662a800ad
:104c9800d642a8003a00370050b78000e40f500011
:104ca80013003a005000200050b788003000200060
:104cb80060b788000000eb003008880061b8800009
:104cc80090b88000008050006008880084c0a90067
:104cd8008cc0a80011e1a800d662a900d642a9009c
:104ce800d622a90086c0a9008ec0a90024003700da
:104cf80050b78000eb0f50000c003a00c0002000b5
:104d080050b788000000eb00c008880090b8800009
:104d1800e008880086c0a9008ec0a80021e1a8008c
:104d2800d662a800d642a8001500370050b7800008
:104d3800ec0f500012003a00d000200050b7880055
:104d48005001200060b788000000eb0030088800a0
:104d580061b8800090b8800000805000600888002a
:104d680084c0a9008cc0a80011e1a800d662a900df
:104d7800d642a900d622a90086c0a9008ec0a900e3
:104d88000080fa003400f9004f00be000040060021
:104d9800809fbe003400f80000002000a0018800b9
:104da8000000fa0084c0a90060b78000e30f50003b
:104db8000c003a004000200060b788000000eb00bb
:104dc8003008880090b880006008880084c0a90076
:104dd8008cc0a80011e1a800d662a800d622a800bd
:104de8008f00370060b78000e40f50000f003a00d2
:104df8005000200060b788000000eb0030088800f1
:104e080061b8800090b88000008050006008880079
:104e180084c0a9008cc0a80011e1a800d662a9002e
:104e2800d642a900d622a9007d00370060b78000cd
:104e3800e50f50000c003a006000200060b78800c1
:104e48000000eb003008880090b8800060088800f7
:104e580084c0a9008cc0a80011e1a800d642a8000f
:104e6800d622a8006e00370060b78000e60f500019
:104e78000f003a007000200060b788000000eb00c7
:104e88003008880061b8800090b880000080500029
:104e98006008880084c0a9008cc0a80011e1a8009f
:104ea800d662a900d642a900d622a9005c00370024
:104eb80060b78000e70f50000c003a008000200027
:104ec80060b788000000eb003008880090b88000c8
:104ed8006008880084c0a9008cc0a80011e1a8005f
:104ee800d642a800d662a8004d00370060b78000ff
:104ef800e80f50000f003a009000200060b78800cb
:104f08000000eb003008880061b8800090b880008d
:104f1800008050006008880084c0a9008cc0a800e8
:104f280011e1a800d662a900d642a900d622a9009c
:104f38003b00370060b78000e90f50000c003a00d2
:104f4800a000200060b788000000eb00300888004f
:104f580090b880006008880084c0a9008cc0a800b0
:104f680011e1a800d622a800d662a8002c003700bc
:104f780060b78000ea0f50000f003a00b000200030
:104f880060b788000000eb003008880061b8800036
:104f980090b88000008050006008880084c0a90094
:104fa8008cc0a80011e1a800d662a900d642a900c9
:104fb800d622a9001a00370060b78000eb0f500016
:104fc8000c003a00c000200060b788000000eb0029
:104fd8003008880090b880006008880084c0a90064
:104fe8008cc0a80011e1a800d622a800d642a800cb
:104ff8000b00370060b78000ec0f500008003a0043
:10500800d000200060b78800d662a900d642a90067
:10501800d622a90084c0a9008cc0a90011e1a9006a
:1050280060b78000f50f50000c003a0060012000c6
:1050380060b788000000eb003008880090b8800056
:105048006008880084c0a9008cc0a80011e1a800ed
:10505800d642a800d622a8008f00370060b780008b
:10506800f60f50000f003a007001200060b788006a
:105078000000eb003008880061b8800090b880001c
:10508800008050006008880084c0a9008cc0a80077
:1050980011e1a800d662a900d642a900d622a9002b
:1050a8007d00370060b78000f70f50000c003a0011
:1050b8008001200060b788000000eb0030088800fd
:1050c80090b880006008880084c0a9008cc0a8003f
:1050d80011e1a800d662a800d622a8006e00370009
:1050e80060b78000f80f50000f003a0090012000d0
:1050f80060b788000000eb003008880061b88000c5
:1051080090b88000008050006008880084c0a90022
:105118008cc0a80011e1a800d662a900d642a90057
:10512800d622a9005c00370060b78000f90f500054
:105138000c003a00a001200060b788000000eb00d6
:105148003008880090b880006008880084c0a900f2
:105158008cc0a80011e1a800d642a800d662a80019
:105168004d00370060b78000fa0f50000f003a007a
:10517800b001200060b788000000eb00300888000c
:1051880061b8800090b880000080500060088800f6
:1051980084c0a9008cc0a80011e1a800d662a900ab
:1051a800d642a900d622a9003b00370060b780008c
:1051b800fb0f50000c003a00c001200060b78800c7
:1051c8000000eb003008880090b880006008880074
:1051d80084c0a9008cc0a80011e1a800d622a800ac
:1051e800d642a8002c00370060b78000fc0f5000a2
:1051f8000f003a00d001200060b788000000eb00e3
:105208003008880061b8800090b8800000805000a5
:105218006008880084c0a9008cc0a80011e1a8001b
:10522800d662a900d642a900d622a9001a003700e2
:1052380060b78000fd0f50000c003a00e00120002c
:1052480060b788000000eb003008880090b8800044
:105258006008880084c0a9008cc0a80011e1a800db
:10526800d622a800d662a8000b00370060b78000dd
:10527800fe0f500008003a00f001200060b78800d7
:10528800d662a900d642a900d622a90084c0a900e6
:105298008cc0a90011e1a9000080fa003400f900cf
:1052a8004f00be00004006003600f800809fbe0098
:1052b800829fbe00849fbe00869fbe003400f80017
:1052c80000002000a00188000000fa000090800083
:1052d800d00888000040eb000bf2b7000bd2bf00eb
:1052e8000004e00001003a0005fd07009ed6bf005b
:1052f8000004e000080032000040eb009ef6b70012
:1053080010c0b3009ff6b7000190800080c12f0045
:1053180000804000d00888000000eb00a00888004a
:1053280086a0a9008ea0a8001fe1a8000080fa00ae
:105338003400f9004f03be004f02be004f01be000b
:105348004f00be003600f90000400600809fbe00f6
:10535800821f78003400f80000002000a0018800b7
:105368000000fa0085e0a900d4c2bf000080fb005d
:105378004600de00e1406000b0b48000614060009b
:1053880080cf50000d003200d4c2bf000080fb0067
:105398004600de00614060000080fb0061016000a3
:1053a800b1b48000e0ff2f000080600002007000b0
:1053b800b0b488000000eb00c0b48800d4c2bf00bd
:1053c8000080fb004500de00e1406000b0b48000d2
:1053d8000000d1006140600080cf50000e00320014
:1053e800d4c2bf000080fb004500de0061406000c1
:1053f8000080fb006100600000014000b1b4800043
:10540800d0ff2f000080600002007000b0b4880058
:105418000000eb00d0b48800d4c2bf000080fb00bd
:105428004400de00e1406000b0b480004200de00cd
:105438006140600080cf50000e003200d4c2bf002f
:105448000080fb004400de00614060000080fb003b
:10545800610060004201dd00b1b48000b0ff2f00a0
:105468000080600002007000b0b488000000eb000b
:10547800e0b4880090b58000e30f50006800320067
:1054880090b58000e40f500065003200f080800085
:10549800fb0f500062003600b0b48000610060006d
:1054a8000000e00006003a0070b780000000e0004d
:1054b80003003a001000200070b788005800370039
:1054c800b0b48000610060000000e0000800320015
:1054d80070b78000e10f500005003a00200020005e
:1054e80070b788005008800050b588004c0037001d
:1054f800b0b48000620060000000e00048003200a4
:1055080070b78000e20f500045003a000000eb0041
:1055180070b788005008800040b5880041b5800009
:1055280050b58000808f50000500360040b58000df
:1055380051b580000100500030b5880009003700df
:1055480050b58000800078000080eb00010050001a
:1055580030b5880031b5800040b58000008040003b
:1055680030b5880031b5800070322200808f50003d
:1055780016003e0000b580000000e80000b5880075
:105588000000eb0010b588000000eb0020b5880093
:1055980000b58000e60f5000210036004350a900f6
:1055a8005000200070b788000000eb0000b58800ac
:1055b800a17c800000202000008060000000e00046
:1055c80017003200950fa9001500370010b58000ac
:1055d8000000e80010b588000000eb0000b5880066
:1055e8000000eb0020b5880010b58000e60f5000e1
:1055f8000b0036004350a8005000200070b7880008
:105608000000eb0010b58800a17c8000002020007d
:10561800008060000000e00001003200950fa80043
:105628000080fa003400f9004f0178004f00be00f6
:10563800004006001200fa0015d3bf000004e00085
:105648005801320012d2bf008080fb002085800004
:10565800808f50004f013a0092d2bf00e34f5000b4
:105668004c01360092d2bf0000c0e90080407800ab
:1056780020212100940307003007980092d2bf0030
:105688000080fb008080e90020212100008040008c
:10569800104078000080fb004801dd0092d2bf0076
:1056a8000080fb008000e9002021210000804000ec
:1056b800104078000080fb0000007100200798006f
:1056c800be0090002e009000808f500031013a00fb
:1056d80013d2bf000080fb00700798007e00900086
:1056e800e60f500060003200fe009000f08f50007e
:1056f800c30032007e019000e30f51000100320028
:105708002401370092d2bf00e84f500021013a002f
:1057180014d2bf000080fb00c800dd0015d2bf0016
:105728000080fb00008070006007980016d2bf0060
:105738000080fb00c800dd0017d2bf000080fb001e
:1057480000807000500798005e0090000000e000a4
:1057580010013200de009000d0032000808f50003e
:105768000c013e00ee009000f0072000808f5000f2
:1057780008013e00010820006e0090008080500063
:105788005e009000808f5000020139002085800063
:1057980093f2b70030c0b30094f2b7005e009000f7
:1057a8000000400095f2b7000000eb0040079800a9
:1057b800240037004e00900000004000e301400044
:1057c800ee0090004e0090000080400080004000f5
:1057d800c04c210000804000100078004800de0026
:1057e800004178000108200083804000202121002a
:1057f80000804000124098004e00900000004000d9
:10580800e4014000ee0090004e009000008040004f
:1058180080004000c04c210000804000100078004b
:1058280000417800010820008380400020212100e9
:1058380000804000124098004e0090000000e800f0
:1058480040079800ce0090005e009000808f5000c6
:10585800d8ff39005e00900000004000634040001f
:1058680025010700cb00370092d2bf00e84f500057
:10587800c8003a0014d2bf000080fb00c800dd0059
:1058880015d2bf000080fb00008070006007980000
:1058980016d2bf000080fb00c800dd0017d2bf0091
:1058a8000080fb000080700010079800ee00900058
:1058b800f0072000808f5000b6003e006e00900078
:1058c80080004000c04c2100008040009e009000f5
:1058d800010878006e019000020f98006006200011
:1058e8008e089000808f5000220032006006200051
:1058f8000e099000800f510009003e00400620006c
:105908008e089000808f50000e0032005006200054
:105918000e099000800f510010003200220037005d
:10592800700620008e089000808f50001900320009
:10593800800620000e099000800f510018003200e8
:10594800190037009e009000a00a2000808f5000a8
:1059580015003a00de15a800130037009e009000dd
:10596800b00b2000808f50000f003a00de35a800f1
:105978000d0037009e009000c00c2000808f500062
:1059880009003a000000eb00907c8800deb5a80012
:10599800050037001e009000b08388000200370021
:1059a80040002000608288000000eb00400798005b
:1059b8000d0037004e019000ce00900020212100fc
:1059c800008040009041780001082000828040005b
:1059d8002021210000804000134098004e009000d4
:1059e8000000e800400798004e009000e50f5000c6
:1059f800f0ff360060c0b300bf0007006500370045
:105a080092d2bf00e84f50006200360014d2bf00a7
:105a18000080fb00c800dd0015d2bf000080fb003d
:105a2800008070006007980016d2bf000080fb005d
:105a3800c800dd0017d2bf000080fb0000807000a6
:105a48005007980018d2bf000080fb00000f7800b4
:105a58005e0090000000e0004e003200de00900082
:105a6800b0032000808f50004a003e005e00900086
:105a7800000040009e0f500046003a0092d2bf003e
:105a88008080fb001e01780069004100808f500073
:105a980040003a00ee009000f0072000808f500090
:105aa8003c003e00010820006e00900080805000fd
:105ab8005e009000808f5000360039000000eb0037
:105ac800400798001a003700ee0090004e00900042
:105ad800808140004e00900000004000e700400038
:105ae8002021210000804000104078000080fb0049
:105af8004801dd004e00900000004000e800400032
:105b08002021210000804000104078000080fb0028
:105b18000001710083804100c04c210000804000da
:105b2800020878004e0090000000e8004007980046
:105b3800ce0090005e009000808f5000e2ff390098
:105b48000000eb00400798000d0037004e01900060
:105b5800ce00900020212100008040009041780074
:105b680001082000828040002021210000804000a0
:105b7800134098004e0090000000e800400798008d
:105b88004e009000e50f5000f0ff360060c0b300f3
:105b9800590007000040eb0092f2b7000040eb000c
:105ba80015f3b7000080fa00000006000000fa00b4
:105bb800de42a800de62a90021e2a900308580004b
:105bc8006101b80000122a0071002000d2e9070024
:105bd8000000e900a01088000000eb0060108800b9
:105be8000de2a8000d42a9000000eb00701088002b
:105bf8000f42a8008520a9008d20a800dec2a900b8
:105c0800e2c2a8000080fa0000000600809fbe00e3
:105c18003400f80000002000a00188000200fa000b
:105c28000ec2bf00624060000004e00007003200be
:105c38000e22a900c0988000d19880006100400021
:105c4800e0804800c0988800d19888000ec2bf0044
:105c5800644060000004e0001e0032000e42a9000b
:105c68001c00370090108000004f780015d3bf004b
:105c78000004e00011003a0092d2bf000004e000e6
:105c88000b00350092d2bf008080fb00202121004c
:105c9800008040001e48780092d2bf000040e80013
:105ca80092f2b7000000eb00b098880009003700b6
:105cb8000040eb0092f2b70006003700c098800061
:105cc800d198800061004000e0804800c0988800ba
:105cd800d19888000ec2bf00614060000004e00057
:105ce800e0ff3a008520a9000080fa003400f9009e
:105cf8004f00be00004006000800fa006047980008
:105d0800ee409000e0c7b30080cf50000700360097
:105d1800c0988000d198800061004000e080480071
:105d2800c0988800d198880041003700ee40900064
:105d380030292100e4010700200798006e409000f8
:105d48008080fb002e0090004800de0000417800b3
:105d58000108b00020212100008040001240980076
:105d68006e4090000080fb008000e8002e0090004c
:105d7800004178000108b000202121000080400087
:105d8800124098006e40900000c0e80013f3b7007e
:105d98000040eb0014f3b700e2c2a9000000eb00da
:105da800100798000f0037000fc2bf006240600064
:105db8000004e000fcff3a001e00900001082000eb
:105dc8008080400020212100008040001040900089
:105dd8000080fb00801088001e0090000000e80092
:105de8001007980013d3bf008080fb001e009000ae
:105df800808f5000ecff3e000fc2bf006140600082
:105e08000004e000fcff3200020037009010800020
:105e1800004f78000ec2bf00614060000004e0003f
:105e2800faff3a000e22a9008520a900e2c2a800c4
:105e38000080fa0000000600809fbe00821f7800e4
:105e48003400f80000002000a00188000000fa00db
:105e58008540a900413121009140780013d3bf004b
:105e680080cf50000d0031004231210012417800ee
:105e78000280fb00010820008080400020212100d2
:105e880000804000104090000080fb0080108800d7
:105e98000240e80014f3b700050037000fc2bf0046
:105ea800614060000004e000fcff3200e2c2a8008c
:105eb8000080fa003400f9004f0178004f00be005e
:105ec800004006000800fa000000eb0030079800c8
:105ed8000000eb00200798000000eb001007980076
:105ee8000000eb00000f780090b58000e30f500031
:105ef8000300320090b58000e40f500007003a001c
:105f08006043800060a688007043800070a6880007
:105f18008043800080a68800060037000000eb0060
:105f280060a688000000eb0070a688000000eb0067
:105f380080a68800f080800090a6880000818000fc
:105f4800a0a6880010818000b0a68800412d2000fe
:105f58009140780000c8b30000c060000004e00071
:105f680003003a003e0090000000a00030079800af
:105f7800e0c2bf00614060000004e00003003a0096
:105f88003e0090000010a00030079800e0c2bf005b
:105f9800624060000004e00003003a003e00900008
:105fa8000020a00030079800e6c2bf0062406000f1
:105fb8000004e00003003a003e0090000030a0001a
:105fc80030079800e6c2bf00614060000004e000ae
:105fd80003003a003e0090000040a00030079800ff
:105fe800cfc2bf000042b2000004e00004003a0043
:105ff8003e00900001022000010070003007980068
:10600800cfc2bf000044b2000004e00004003a0020
:106018003e00900001042000010070003007980045
:10602800c8c2bf00644060000004e00004003a00f9
:106038003e00900001082000010070003007980021
:10604800c8c2bf00684060000004e00004003a00d5
:106058003e009000011020000100700030079800f9
:10606800c8c2bf00704060000004e00004003a00ad
:106078003e009000012020000100700030079800c9
:10608800a07c800001102000010060000000e000fa
:10609800040032003e00900001002800010070005a
:1060a800300798003e009000c0a68800e9c2bf00f3
:1060b8000044b2000004e000030032002e0090000b
:1060c8000000a00020079800e9c2bf0070406000ef
:1060d8000004e000030032002e0090000010a00031
:1060e80020079800e9c2bf000042b2000004e000a7
:1060f800030032002e0090000020a0002007980026
:10610800e9c2bf0001c8b300014060000004e0001c
:10611800030032002e0090000030a00020079800f5
:10612800d0c2bf00624060000004e00003003200fb
:106138002e0090000040a00020079800d0c2bf00a9
:10614800644060000004e000040032002e0090006b
:10615800010220000100700020079800e8c2bf007b
:1061680001c8b300014060000004e00004003200f0
:106178002e00900001042000010070002007980004
:10618800e9c2bf00614060000004e0000400320082
:106198002e009000010820000100700020079800e0
:1061a800e9c2bf00624060000004e0000400320061
:1061b8002e009000011020000100700020079800b8
:1061c800e8c2bf000044b2000004e000040032004e
:1061d8002e00900001202000010070002007980088
:1061e8002e009000d0a6880090b58000000f78009f
:1061f8001e00e00003003200100020009e0f100077
:106208000a003a00817c8000a0aa2a00808f5000f2
:1062180003003a0040002000e0a688001a0037007a
:106228001e007800e0a68800170037002000200034
:106238009e0f100003003200300020009e0f100057
:1062480003003a0020002000e0a688000e00370076
:10625800400020009e0f100003003a00300020008c
:10626800e0a6880008003700500020009e0f1000ac
:1062780003003a0050002000e0a688000200370022
:106288000000eb00e0a6880060818000f0a688008e
:10629800907c800000a788005082800010a78800aa
:1062a800b081800020a78800c07d200030a788002a
:1062b800f0b1800040a788001089800050a78800ae
:1062c800e0b18000e10f500003003a001e0090008a
:1062d8000000a00010079800f0ae80006400600085
:1062e8000000e000030032001e0090000010a00033
:1062f8001007980080b38000e10f500003003a00b7
:106308001e0090000020a000100798006181800006
:10631800f0888000808f500004003900a07c800045
:10632800700060000000e00003003a001e009000ca
:106338000030a000100798001e00900060a7880099
:10634800a07c800001002200010060000000e00045
:1063580003003a0060b8800070a788000200370088
:106368005081800070a788006083800080a7880023
:1063780020b7800090a78800008e8000a0a7880022
:10638800e08d8000b0a78800708e8000c0a78800cc
:10639800608e8000d0a78800a08e8000e0a78800cb
:1063a8000080fa00000006000400fa00889fbe0082
:1063b80000888000118880000001be0020828000d3
:1063c80031828000800f5100818f590037003100e1
:1063d80000888000118880004609dd004a00de0040
:1063e80000007100ca88de00000f7800208280005b
:1063f800318280004609dd004a00de00000071009d
:10640800ca08de00100798001e0090001e00500009
:106418000100200080ae880091ae8800b083800023
:106428006104b80086ae800097ae800088007800ce
:1064380006007800000ab80007c0b9000501780016
:106448000001410009b0b900000141008202780052
:1064580064ae880075ae88000088800011888000ce
:106468000004be0062ae800073ae8000f0ff23001f
:10647800010020000200400083804800f2ff27004e
:1064880003002000aae807004a09dd00c600de0074
:10649800810071004a00dd00080040008980480042
:1064a8002083880031838800040037002082800020
:1064b8003182800020838800318388004f04be0029
:1064c8000080fa00000006000a00fa003007980071
:1064d800014f98000080eb00200798000040eb0077
:1064e800204798000040eb00104798002000370034
:1064f8003e009000104078008080fb002e00900045
:1065080001006800200798003e0090000000e800a5
:10651800300798000040eb00004f78000e0037006d
:106528002e009000610060000004e00006003200c8
:106538002e0090008000d10010002a000080680022
:1065480020079800030037002e0090000000d100bb
:10655800200798001e4fe80070c0b3009e4f10003f
:10656800efff36001e4090000040e80010479800fa
:106578009e4090000e48900080cf5000dcff39000c
:106588002e0090004800de00204798002e00900062
:10659800c800dd002e4090000080fb0000807000e5
:1065a8000080fa00000006000000fa0070b88000c1
:1065b8000000e00006003a00d4c2bf000044b20068
:1065c8000004e00002003a001000200070b88800c3
:1065d80070b88000e10f500008003a00d4c2bf0034
:1065e8000044b2000004e000040032002000200053
:1065f80070b888005008800000b4880070b8800027
:10660800e20f500006003a00d5c2bf0068406000a3
:106618000004e00002003a003000200070b8880052
:1066280070b88000e30f50001a003a00d5c2bf00ce
:10663800684060000004e000160032005008800046
:10664800f0b38800f1b3800000b48000808f500060
:1066580005003600f0b3800001b48000010050004e
:10666800f0b188000900370000b48000800078008d
:106678000080eb0001005000f0b18800f1b180000b
:10668800f0b3800000804000f0b188004000200096
:1066980070b8880070b88000e40f50001b003a0002
:1066a80051858000f0b18000808f500011003100ca
:1066b80041858000f0b18000808f50000d003600c9
:1066c80010b480000000e80010b4880010b4800006
:1066d800e30f5000040036000000eb00e0b1880032
:1066e8000000eb0010b488000000eb0070b88800d0
:1066f800060037000000eb0010b4880010002000ee
:10670800e0b188000000eb0070b888000080fa0053
:10671800000006000000fa0010828000620060009d
:106728000000e0001a003200600a8000a0b3880070
:10673800a1b38000b0b38000808f50000500360000
:10674800a0b38000b1b380000100500090b388006e
:1067580009003700b0b38000800078000080eb00ab
:106768000100500090b3880091b38000a0b380006e
:106778000080400090b38800a0b38000b0b38800c8
:106788000000eb0040b288004230a9000300370047
:1067980040b280000000e80040b2880091b3800059
:1067a80000e82300808f50000a00360091b3800073
:1067b800f05e2500808f500006003e000000eb00d0
:1067c80020b2880030b280000000e80030b28800b3
:1067d8000500370020b280000000e80020b28800e1
:1067e8000000eb0030b2880030b28000e30f5000a8
:1067f800010036004330a80020b28000e30f5000ab
:10680800010036004330a90090b380000000e0008a
:106818001000320091b3800000e82300808f500000
:106828000c00360091b38000701a2600808f50004b
:1068380008003e0092b3800000682900810920000a
:10684800811f7800110009004288d800cf00780025
:10685800b081880090b38000620020001100090018
:106868000280d80000b2880001b28000c0a82000d1
:10687800808f50000b00360001b2800070d42000d9
:10688800808f500007003e00a07c800062006000fe
:106898000000e0000300320000b2800060b8880009
:1068a8000a003700a07c8000010021000100600080
:1068b8000000e00003003a0050d0200060b88800d3
:1068c8000200370090ad200060b888000080fa0010
:1068d800000006000000fa0020b78000e30f500017
:1068e8002b003a00b07c800001002100010060000c
:1068f8000000e00026003200218180002081800015
:106908000100b8003089880041898800f08980003a
:10691800018a8000e00f5000e08f58000e0035001b
:10692800f0898000018a80000001be003089800063
:10693800418980000201400083814800508980001d
:10694800618980000000510081805900f089880029
:10695800018a8800030037006000b800f0898800c9
:10696800018a8800f0898000018a8000728980008d
:1069780083898000820f5000838f58000400340000
:10698800922fa8006000b800f0898800018a88006a
:1069980020b78000e40f50002b003a00b07c800044
:1069a80001002200010060000000e0002600320023
:1069b80021818000208180000100b8003089880092
:1069c80041898800108a8000218a8000e00f5000e9
:1069d800e08f58000e003500108a8000218a800060
:1069e8000001be003089800041898000020140001a
:1069f800838148005089800061898000000051002f
:106a080081805900108a8800218a88000300370095
:106a18006000b800108a8800218a8800108a8000e7
:106a2800218a800092898000a3898000820f50000b
:106a3800838f580004003400922fa8006000b8002b
:106a4800108a8800218a88000080fa000000060069
:106a58000000fa0090b580000000e0002a003a002b
:106a680080b380000000e00027003a0070b3800087
:106a78000000e80070b3880070b38000ea0f50008f
:106a8800210036000000eb0070b388000089800008
:106a98000000e0000a003a00108980000000e000d1
:106aa80007003a001000200080b388000000eb00c7
:106ab800008988000000eb00108988001200370068
:106ac800008980000000e00009003a001089800079
:106ad8000000e00006003200b003200000898800b2
:106ae800108980000000e90010898800060037003e
:106af800008980000000e000030032000089800067
:106b08000000e900008988000080fa000000060003
:106b18000000fa00f180800060848000808f5000bf
:106b28000400390050b280000000e80050b288002c
:106b3800020037000000eb0050b28800018180009d
:106b480060848000808f50000400390060b28000ab
:106b58000000e80060b28800020037000000eb0087
:106b680060b288001181800060848000808f5000ae
:106b78000400390070b280000000e80070b288009c
:106b8800020037000000eb0070b28800b187800077
:106b980050b28000808f500008003900b187800013
:106ba80060b28000808f500004003900b1878000f7
:106bb80070b28000808f500007003100936fa800ea
:106bc8000000eb0050b288000000eb0060b28800c3
:106bd8000000eb0070b288000080fa000000060098
:106be8000000fa00f180800070848000808f5000df
:106bf80004003e0080b280000000e80080b28800f7
:106c0800020037000000eb0080b28800018180009c
:106c180070848000808f500004003e0090b2800095
:106c28000000e80090b28800020037000000eb0086
:106c380090b288001181800070848000808f50009d
:106c480004003e00a0b280000000e800a0b2880066
:106c5800020037000000eb00a0b28800c187800066
:106c680080b28000808f500008003900c187800002
:106c780090b28000808f500004003900c1878000e6
:106c8800a0b28000808f500007003100938fa800c9
:106c98000000eb0080b288000000eb0090b2880092
:106ca8000000eb00a0b28800a0b48000ea0f5000fa
:106cb80001003600934fa8000080fa00000006008b
:106cc8000000fa005181800030878000808f5000da
:106cd8000900390030b380000000e80030b38800b4
:106ce8004187800030b38000808f5000040031005d
:106cf80093afa800020037000000eb0030b3880013
:106d08000080fa00000006000000fa0021818000df
:106d1800c0888000808f500009003900b0b2800020
:106d28000000e800b0b2880081878000b0b280001f
:106d3800808f500004003100926fa80002003700d5
:106d48000000eb00b0b2880041818000c08880005c
:106d5800808f500009003900c0b280000000e800b0
:106d6800c0b2880081878000c0b28000808f500048
:106d78000400310092afa800020037000000eb00c9
:106d8800c0b288000080fa00000006000000fa0087
:106d980021818000d0878000808f500009003e004c
:106da800e0b280000000e800e0b28800e1878000df
:106db800e0b28000808f500004003100930fa800db
:106dc800020037000000eb00e0b28800418180003b
:106dd800d0878000808f500009003e00f0b280000c
:106de8000000e800f0b28800e1878000f0b280007f
:106df800808f500004003100930fa8000200370074
:106e08000000eb00f0b288000080fa0000000600e5
:106e18000000fa0061818000f0888000808f5000b7
:106e280009003600d0b280000000e800d0b2880027
:106e380091878000d0b28000808f5000040031001c
:106e4800928fa800020037000000eb00d0b2880043
:106e58000080fa00000006001400fa00218180007a
:106e6800308180000080500080818800318180005e
:106e7800408180000080500090818800418180001e
:106e88002081800000805000a081880080818000df
:106e98000000e00003003d00808180000000ea005f
:106ea80080818800908180000000e00003003d00a0
:106eb800908180000000ea0090818800a081800015
:106ec8000000e00003003d00a08180000000ea000f
:106ed800a08188008181800090818000808f50008f
:106ee80002003d00908180008081880081818000bf
:106ef800a0818000808f500002003d00a0818000aa
:106f0800808188002181800030818000808040005d
:106f18004081800000804000010020001007980098
:106f2800210798001e009000ae009000320020005b
:106f3800811f7800110009004288d800cf0078002e
:106f48003007980080818000cf80de0001e50700cf
:106f5800000f9800110f98003e009000cf80de00cf
:106f6800fce4070060079800710798003e00900055
:106f78000000e00007003d00020020000378240024
:106f88006e009000fe009000fae507006007980088
:106f9800710798006e019000fe0190000e089000a5
:106fa8009e0890006ce5070040079800510798007c
:106fb80002002000832c24004e009000de00900088
:106fc800a7e5070048e60700000f7800e088800082
:106fd8009e0f500012003e00d28c8000e38c80008f
:106fe800a000200001002000800f5100818f59006f
:106ff8000b00340040b380000000e80040b3880074
:10700800a187800040b38000808f500001003100cc
:1070180092cfa8000000eb0050b3880005003700ad
:1070280050b380000000e80050b388000000eb0077
:1070380040b388000080fa00000006000000fa0053
:10704800f0808000f30f50000a003e0010b280006c
:107058000000e80010b2880010b28000ea0f50006b
:1070680006003600934fa8000000eb0010b288001d
:10707800020037000000eb0010b288000080fa0020
:10708800000006000000fa00c0b480000000e8001c
:10709800c0b48800d0b480000000e800d0b48800f4
:1070a800e0b480000000e800e0b48800c1b48000cb
:1070b80020032000808f500008003e00d1b48000db
:1070c80020032000808f500004003e00e1b48000bf
:1070d80020032000808f500001003600924fa80046
:1070e80090b58000e40f500006003a000000eb0065
:1070f800c0b488000000eb00d0b488000000eb00aa
:10710800e0b488000080fa00000006000000fa00e1
:10711800f0808000e90f50000a003e0060b3800054
:107128000000e80060b3880060b38000ea0f5000f8
:1071380007003600b076a8000000eb0070b78800a2
:10714800030037000000eb0060b38800b076a900a8
:107158000080fa00000006000000fa0020b7800056
:10716800e20f500009003a00b07c80007000600017
:107178000000e00005003200817c8000a0aa2a00ff
:10718800808f500001003200beff070020b780004a
:10719800e10f50000d00360020b78000e30f5000cb
:1071a8000a003e00b07c800001022000010060005f
:1071b8000000e00005003200817c8000a0aa2a00bf
:1071c800808f5000010032009cff070020b780002c
:1071d800e20f50000300320020b78000e30f500098
:1071e80005003a00b07c8000620060000000e0000a
:1071f800010032007afe070020b78000e30f50003c
:1072080015003a00b07c8000610060000000e000da
:10721800010032003efe0700b07c80006400600080
:107228000000e00001003200b7fe0700b07c8000db
:1072380001042000010060000000e00001003200ad
:107248009ffe0700c07c8000620060000000e00034
:1072580001003200eefe070020b78000e40f500066
:107268001d003a00b07c8000010820000100600089
:107278000000e0000100320025fe0700b07c80001d
:1072880001102000010060000000e0000100320051
:1072980053fe0700b07c8000012020000100600040
:1072a8000000e0000100320097fe0700b07c80007b
:1072b80001802000010060000000e00001003200b1
:1072c8007ffe0700c07c8000640060000000e000d2
:1072d80001003200adfe07000080fa000000060041
:1072e8000000fa0080252000c0b688000000eb00ee
:1072f800b0b688004250a9004310a90042d0a900a6
:107308004210a9004270a9004290a90042b0a90009
:107318000000eb00808288000000eb0000b78800c6
:1073280060828000e20f500005003e00208280004d
:10733800318280004083880051838800070037002d
:1073480060828000e30f500004003a0080868000cd
:107358009186800040838800518388000000eb00fc
:10736800b0b888000000eb00808288006000b80098
:1073780090838800a18388000000eb005082880079
:107388000000eb00508488000000eb0000848800b7
:10739800930fa900932fa900b076a900b016a900f1
:1073a800b036a9000000eb00308f88000000eb0029
:1073b800408f88000000eb00608f88000000eb0021
:1073c800508f88000000eb00708f88000000eb00f1
:1073d800808f88000000eb00a08f88000000eb0081
:1073e800908f88000000eb00b08f88000000eb0051
:1073f800c08f88000000eb00e08f88000000eb00e1
:10740800d08f88000080fa00000006000000fa0013
:107418004250a9004310a9002513a900e982a90038
:1074280087a0a900e11420009140780080cfb30024
:1074380000c060003040b3004ee1b7008fa0a80044
:10744800d662a900d642a900d622a900e9f407000d
:107458000000eb0050b788000000eb0060b7880020
:107468000080fa00000006000000fa0080b58000e5
:10747800610060000000e00028003a00b036a90072
:10748800e0c2bf00614060000004e0000300320079
:10749800d022a900e9e2a80001003700e9e2a9002a
:1074a80000b780000000e80000b7880001b780003e
:1074b800401f2000808f500018003600e9e2a90024
:1074c8000000eb0000b78800b016a8004210a90021
:1074d800ceff0700a80207000000eb0050828800da
:1074e800f0ae8000680060000000e0000b003a0089
:1074f800a07c800001042000010060000000e00082
:1075080006003200b07c8000010028000100600005
:107518000000e00001003200920fa8000080fa008d
:10752800000006000000fa006000b80090838800a0
:10753800a18388000000eb00b0b88800b0b6a800ae
:10754800b096a900e9e2a9004210a900afff070020
:10755800d022a800a07c8000640060000000e00049
:107568000200320010002000c0ae880020b6800063
:107578000000e80020b6880021b68000c012200074
:10758800808f5000190036000000eb0020b68800fc
:10759800d022a9000000eb00c0ae8800b036a800d9
:1075a800f0ae8000680060000000e0000b003200d0
:1075b800a07c800001042000010060000000e000c1
:1075c80006003200b07c8000010028000100600045
:1075d8000000e00001003200920fa8000000eb005c
:1075e80090b588000000eb0020b788000080fa0002
:1075f800000006000000fa0020b780000000e0004c
:1076080026003a00f0ae8000640060000000e00050
:1076180022003200208980000000e0001f003a00ac
:1076280080b38000e10f50001c003a00a07c80006d
:1076380001002800010060000000e00017003a0087
:1076480061818000f0888000808f5000040039003c
:10765800a07c8000700060000000e00042013a0059
:107668001000200090b588001000200020b7880086
:10767800e9c2a80010002000a0ae8800d042a900ee
:107688000000eb00c0ae88000000eb00b0ae880040
:107698000000eb00308a88003301370020b78000f3
:1076a800e10f500059003a00f0ae8000640060001d
:1076b8000000e00007003a000000eb0090b58800e9
:1076c8000000eb0020b78800e9c2a9000000eb0029
:1076d800a0ae880061818000f0888000808f500013
:1076e8000b003600a07c8000700060000000e00005
:1076f800070032000000eb0090b588000000eb00a6
:1077080020b78800e9c2a9000000eb00a0ae8800fd
:10771800a07c800001002800010060000000e0005b
:10772800070032000000eb0090b588000000eb0075
:1077380020b78800e9c2a9000000eb00a0ae8800cd
:10774800f0ae8000610060000000e0000601320039
:10775800a07c800001002400010060000000e0001f
:1077680001003200b096a8002000200090b58800e3
:107778000000eb00c0b488000000eb00d0b4880023
:107788000000eb00e0b488002000200020b788004b
:107798000000eb00b0b58800e982a800e9c2a900a2
:1077a8000000eb00a0ae880098ee0700ccfe0700b2
:1077b80011898000a0848000808f5000010036006d
:1077c80093cfa8000000eb00008988006000b80093
:1077d800f0898800018a8800308e8000408e8800f9
:1077e800208e8000308e8800e08d8000208e8800fa
:1077f8000000eb00e08d88000000eb00708e880030
:107808000000eb00608e8800d700370020b78000aa
:10781800e20f500022003a00b0b580000000e800f6
:10782800b0b58800b1b5800040062000808f5000b8
:10783800cd003600e0b18000e10f50000a003a00a8
:10784800817c8000a0aa2a00808f500006003200a8
:10785800a07c8000610060000000e00002003200af
:1078680093efa800c0003700f0808000808e880069
:1078780093efa9003000200090b588000000eb00cd
:10788800b0b588000000eb00c0b5880030002000cb
:1078980020b7880010002000a0b48800b20037008c
:1078a80020b78000ef0f50000b003a00a07c80004a
:1078b80001402000010060000000e00003003200e9
:1078c8008000200020b78800a70037003000200083
:1078d80020b78800a400370020b78000e30f5000cd
:1078e80009003a004250a8004310a900f07d80002a
:1078f800108988000000eb00008988000000eb0078
:1079080080b388009800370020b78000e50f50004a
:1079180002003a0003ff07009300370020b78000f9
:10792800e70f500014003a00209980000108200059
:10793800010060000000e0008b0032000000eb0056
:1079480020898800b0b6a8000000eb00907c880071
:1079580024f3a900d042a9000000eb00c0ae8800c3
:107968000000eb00b0ae8800d022a9000000eb00b8
:1079780020b788007c00370020b78000e80f50004f
:107988002f003a004250a8004310a900f07d800063
:10799800108988000000eb00008988000000eb00d7
:1079a80080b38800d17c800000f4210001015000e0
:1079b8008184800040062000010050000090b9003a
:1079c80042062000110009000280d8006101b800b9
:1079d80000888000118880000200400083804800f1
:1079e8004083880051838800408380005183800051
:1079f8004609dd004a00de0000007100ca08de000a
:107a08006083880092838000a38380009084800034
:107a18006a00b90001002000800f5100818f5900d1
:107a2800510036003000200020b7880020828000f6
:107a38003182800040838800518388004a003700e3
:107a480020b78000ea0f500017003a00e982a8002a
:107a5800d0b580000000e800d0b58800d1b580001e
:107a6800800c2000808f50003f003600e7ed0700b3
:107a780070032000a0b58800b0828000c182800019
:107a880040838800518388006000b8009083880094
:107a9800a18388005000200090b58800b000200025
:107aa80020b788003000370020b78000eb0f500067
:107ab80003003a00c000200020b788002a003700e1
:107ac80020b78000f10f500023003a00e982a80097
:107ad800d0b580000000e800d0b58800d0b580009f
:107ae800f40f500020003600c8ed07007003200096
:107af800a0b58800c0838000d183800040838800bf
:107b08005183880092838000a3838000a082800034
:107b180001002000800f5100818f590004003900b6
:107b280090838000a1838000e083880002003700f2
:107b3800a0828000e08388006000b80090838800fd
:107b4800a18388005000200090b588002001200003
:107b580020b788000400370020b78000ed0f5000e0
:107b680001003a006ffe0700f0ae80006800600078
:107b78000000e00005003a0030b780000000e00097
:107b880002003a001000200030b78800f0ae8000f4
:107b9800680060000000e0001000320030b780008c
:107ba800e10f50000d003a002000200030b7880097
:107bb8004000200090b588004000200020b78800d1
:107bc800b036a900a17c800000002400008060007d
:107bd8000000e00001003200b0b6a800f0ae80005e
:107be800680060000000e00005003a0030b780003f
:107bf800e20f500002003a000000eb0030b78800a6
:107c0800f0ae8000680060000000e0001300320061
:107c1800a07c800001042000010060000000e0005a
:107c28000e00320020b78000e30f50000b003e002a
:107c38004000200090b588004000200020b7880050
:107c4800b036a900a17c80000000240000806000fc
:107c58000000e00001003200b0b6a800f0ae8000dd
:107c6800620060000000e0001700320020b78000ca
:107c7800e40f500014003a00a08280000000e000e9
:107c8800110032000000eb00b0b888006000b800b6
:107c980090838800a1838800c003200090b58800e5
:107ca8000000eb00d0b588000000eb00a0b588000c
:107cb800a000200020b78800e9c2a9000000eb005e
:107cc800a0ae880029003700f0ae80006200600096
:107cd8000000e0001300320020b78000e10f5000e0
:107ce8001000360020b78000e30f50000d003e0062
:107cf800a08280000000e0000a003200100120008d
:107d080020b78800e9c2a9000000eb00a0ae8800f7
:107d18004083800051838000c0838800d18388001d
:107d280012003700f0ae8000620060000000e00042
:107d38000e003200a08280000000e0000b003a0034
:107d480020b78000e10f50000800360020b78000ff
:107d5800e40f500005003e005000200020b78800c6
:107d6800e9c2a9000000eb00a0ae8800907c80006a
:107d78000000e0001b003200a4fd0700e9c2a900d2
:107d88000000eb00a0ae8800d042a8001000200040
:107d9800b0ae8800b0b6a800b096a900912e200019
:107da8009140780000c8b30000c060000004e00003
:107db80002003a0010002000c0ae8800460007000c
:107dc8000000eb00508288006b00070010002000c4
:107dd800208988000000eb0090b588007000200022
:107de80020b7880010828000610060000000e00079
:107df80005003200f0ae8000620060000000e00084
:107e080001003a0098fd070020b78000e40f5000f9
:107e18001b003a00f0ae8000680060000000e0003f
:107e280015003a00a07c80000104200001006000d9
:107e38000000e00010003200b07c80000100280043
:107e4800010060000000e0000b00320010b7800065
:107e58000000e80010b7880011b78000401f20001c
:107e6800808f500006003600920fa8000000eb003b
:107e780010b78800020037000000eb0010b7880038
:107e880090b580000000e0000300320090b580004b
:107e9800e10f50000e003a00f0ae80007000600064
:107ea8000000e00005003a00209980000110200041
:107eb800010060000000e00003003200a0aa2a00d0
:107ec800807c8800020037000000eb00807c88007e
:107ed8000080fa00000006000400fa00d18080004b
:107ee800907c8000808f500021003200900280003a
:107ef80010079800ff3ffc00210420009140780003
:107f080000ceb30000c0700042e0b7001e00900031
:107f180090028800c0c32f00707c8800717c8000ac
:107f2800f007200012002000f00b0700727c800090
:107f3800f10720001300200020f920000f0c070093
:107f4800907c8000d080880090028000000f78002c
:107f5800ff3ffc0042c0bf007f40600001c6b30085
:107f68000140700042e0b7001e00780090028800cf
:107f78000080fa00000006000400fa00e18080009a
:107f880050828000808f50002100320090028000d3
:107f980010079800ff3ffc00210420009140780062
:107fa80000ceb30000c0700042e0b7001e00900091
:107fb80090028800e0c32f00707c8800717c8000ec
:107fc800f007200012002000c80b0700727c800018
:107fd800f107200013002000a0042100e70b070090
:107fe80050828000e080880090028000000f7800b6
:107ff800ff3ffc0042c0bf007f40600001c6b300e5
:108008000140700042e0b7001e007800900288002e
:108018000080fa0000000600809fbe003400f800cf
:1080280000002000a00188000000fa00e8d6bf0088
:10803800e14f500014003a00e9d6bf000040e800c4
:10804800e9f6b700e9d6bf00ee4f50000e00360043
:108058000040eb00e9f6b7000040eb00e8f6b70097
:108068000000eb00e0ae880087a0a900e114200022
:108078009140780080cfb30000c060003040b3006a
:108088004ee1b7008fa0a800f416a800b0b7800092
:108098000000e800b0b78800c0b780000000e80022
:1080a800c0b78800d0b780000000e800d0b78800cb
:1080b800e0b780000000e800e0b78800b0b78000b3
:1080c800e90f500003003600f456a8000000eb004a
:1080d800b0b78800c0b78000e40f50000300360036
:1080e800f436a8000000eb00c0b78800d0b78000c5
:1080f800ee0f500003003600f476a8000000eb00f5
:10810800d0b78800e1b7800030062000808f50008b
:1081180003003600f4d6a8000000eb00e0b78800a2
:1081280092d2bf000004e0000a003200b09880003c
:108138000000e800b0988800b0988000ea0f50006e
:108148000400360010c0b30015f3b7000000eb00c0
:10815800b09888008460a9000080fa003400f90013
:108168004f00be00004006000000fa009083800027
:10817800a183800061004000e0804800908388006f
:10818800a183880092838000a3838000400620009a
:1081980001002000800f5100818f59000c0036002b
:1081a80010828000610060000000e00008003a00d2
:1081b80090838000a183800042062000811f780000
:1081c800110009004288d800cf007800508288004a
:1081d800608280000000e000a3003a001082800066
:1081e80001082000010060000000e00061003a0082
:1081f800f08380008000780080888000808f5000a5
:10820800170036001184800020848000808f500081
:108218000a0034004283800053838000708380000a
:108228000000d100010020000000510081805900a9
:108238004083880051838800110037004283800002
:1082480053838000708380000100200000005100eb
:1082580081805900408388005183880008003700d6
:1082680042838000538380007083800001002000d7
:1082780000005100818059004083880051838800a4
:108288003184800040848000808f500010003400ca
:1082980042838000538380007083800001002000a7
:1082a8000000510081805900408388005183880074
:1082b8004283800053838000708380000100200087
:1082c8000000510081805900408388005183880054
:1082d80040838000518380000288800013888000da
:1082e800820f5000838f58000400310000888000fe
:1082f80011888000408388005183880010828000a4
:1083080001042000010060000000e00009003a00bc
:10831800508480006a0040005084880050848000a7
:1083280080007800b0848000808f50000100360003
:10833800930fa80092838000a3838000408280006e
:1083480001002000800f5100818f59000100360084
:10835800932fa80040838000518380004609dd00e8
:108368004a00de0000007100ca08de006083880051
:1083780072013700f0b780000000e800f0b788000d
:10838800f0b78000f30f50000b003600e114200016
:108398009140780080cfb30000c060003040b30047
:1083a8004ee1b70087a0a8000000eb00a0b4880049
:1083b8000000eb00f0b78800428380005383800000
:1083c8007083800001002000000051008180590066
:1083d8004083880051838800428380005383800053
:1083e8000088800011888000800f5100818f59001b
:1083f80015003100008880001188800040838800c3
:1084080051838800808280000000e8008082880014
:1084180081828000800c2000808f5000050036008b
:1084280010828000640060000000e000010032005b
:108438004210a8008182800080252000808f500093
:1084480001003600932fa8004083800051838000ec
:108458004609dd004a00de0000007100ca08de009f
:10846800608388003501370060828000e10f50008a
:1084780071003a002181800070828000808f500056
:108488002a0031002181800090888000808f500070
:108498000b00310042838000538380007183800089
:1084a800e08480000088b90001002000000051002d
:1084b8008180590040838800518388002c00370050
:1084c80021818000a0888000808f50000b0031003f
:1084d800428380005383800071838000f084800091
:1084e8000088b90001002000000051008180590077
:1084f80040838800518388001d0037004483800032
:108508005583800070838000028580001100090077
:108518000280d800010020000000520081805a002b
:10852800408388005183880011003700108580003f
:108538000000e00003003a00400020001085880099
:108548000b003700448380005583800070838000cf
:1085580012858000110009000280d8000100200067
:108568000000520081805a004083880051838800af
:108578004083800051838000028880001388800037
:10858800820f5000838f580004003100008880005b
:108598001188800040838800518388001082800001
:1085a80001042000010060000000e00009003a001a
:1085b800508480006a004000508488005084800005
:1085c80080007800b0848000808f50000100360061
:1085d800930fa80092838000a383800040828000cc
:1085e80001002000800f5100818f590001003600e2
:1085f800932fa8005182800090828000808f5000c5
:108608000500360010828000640060000000e00071
:10861800010032004210a80040838000518380008e
:108628004609dd004a00de0000007100ca08de00cd
:1086380060838800c100370060828000e20f50002c
:1086480020003a00428380005383800070838000ba
:1086580001002000000051008180590040838800fb
:108668005183880042838000538380000088800003
:1086780011888000800f5100818f5900040031005b
:10868800008880001188800040838800518388001a
:1086980051828000e07c8000808f5000010036000d
:1086a8004210a80040838000518380004609dd0005
:1086b8004a00de0000007100ca08de0060838800fe
:1086c8009e00370060828000e30f500080003a006f
:1086d800b0b880000000e00005003a00100020005b
:1086e800b0b888006000b80090838800a183880033
:1086f800b0b88000e10f500011003a0042838000ba
:1087080053838000a08680000100200000005100f3
:1087180081805900408388005183880092838000bb
:10872800a38380003086800001002000800f510064
:10873800818f59000200390020002000b0b888005d
:10874800b0b88000e20f500013003a004283800066
:1087580053838000b0868000010020000000510093
:10876800818059004083880051838800928380006b
:10877800a38380003186800040868000008040000e
:1087880001002000800f5100818f5900020039003c
:1087980030002000b0b88800b0b88000e30f500067
:1087a80015003a004283800053838000c086800011
:1087b800010020000000510081805900408388009a
:1087c8005183880092838000a383800031868000d3
:1087d80040868000808040005086800000804000f5
:1087e80001002000800f5100818f590002003900dc
:1087f80040002000b0b88800b0b88000e40f5000f6
:1088080017003a004283800053838000d08680009e
:108818000100200000005100818059004083880039
:108828005183880092838000a38380003186800072
:108838004086800080804000508680008080400014
:10884800608680000080400001002000800f5100f9
:10885800818f590002003900a0002000b0b88800bc
:10886800b0b88000ea0f500006003a00a07c8000f3
:1088780001082000010060000000e0000100320053
:108888004210a80040838000518380000288800045
:1088980013888000820f5000838f58000400310035
:1088a80000888000118880004083880051838800f8
:1088b80040838000518380004609dd004a00de00c5
:1088c80000007100ca08de00608388001b003700c2
:1088d80060828000e40f500017003a002083800077
:1088e8003183800040838800518388004283800060
:1088f800538380000088800011888000800f510019
:10890800818f5900040031000088800011888000a0
:108918004083880051838800408380005183800011
:108928004609dd004a00de0000007100ca08de00ca
:108938006083880001003700000000006183800028
:10894800d08e8000808f500002003100d08e8000d1
:10895800608388000080fa00000006000000fa002a
:1089680090838000a183800061004000e08048007f
:1089780090838800a183880092838000a38380006d
:108988004006200001002000800f5100818f59000f
:108998000800360090838000a183800042062000f2
:1089a800811f7800110009004288d800cf007800a4
:1089b8005082880092838000a383800050002000aa
:1089c80001002000800f5100818f590008003600f7
:1089d800e9e2a900d022a800a07c800001002400c0
:1089e800010060000000e00001003200b096a8001d
:1089f80092838000a3838000c01220000100200021
:108a0800800f5100818f590016003600d022a9002e
:108a1800a07c800001002400010060000000e0004c
:108a280001003200b096a900f0ae80006800600036
:108a38000000e0000b003200a07c80000104200050
:108a4800010060000000e00006003200b07c8000f9
:108a580001002800010060000000e0000100320071
:108a6800920fa8004283800053838000f082800028
:108a780001002000020040008380480040838800f5
:108a88005183880040838000518380004609dd00bf
:108a98004a00de0000007100ca08de00608388001a
:108aa8004250a8004310a8005000200090b588004c
:108ab80092838000a3838000a082800001002000b0
:108ac800800f5100818f5900040036000000eb0030
:108ad800a0b58800d000200020b788000080fa00e8
:108ae800000006000000fa0090838000a183800047
:108af80061004000e080480090838800a1838800de
:108b080092838000a383800040062000010020009b
:108b1800800f5100818f5900080036009083800033
:108b2800a183800042062000811f780011000900ff
:108b38004288d800cf0078005082880042838000a5
:108b480053838000f0828000010020000200400072
:108b580083804800408388005183880042838000d6
:108b6800538380002082800031828000800f510072
:108b7800818f5900040036002082800031828000f5
:108b8800408388005183880040838000518380009f
:108b98004609dd004a00de0000007100ca08de0058
:108ba800608388004250a8004310a80050002000ad
:108bb80090b5880092838000a3838000e0838000c2
:108bc80001002000800f5100818f590004003600f9
:108bd8000000eb00a0b58800d000200020b7880076
:108be8000080fa00000006000000fa00a07c800067
:108bf800680060000000e00028003a00d4c2bf000e
:108c080001c8b300014060000004e0000d003a0014
:108c18000000eb0010af880000af80000000e80003
:108c280000af880000af8000ea0f50000700360050
:108c38000000eb0000af8800de15a800de35a900b3
:108c4800020037000000eb0000af8800e0c2bf0060
:108c5800614060000004e0000d003a000000eb00f5
:108c680050af880040af80000000e80040af8800a7
:108c780040af8000ea0f5000550036000000eb00be
:108c880040af8800de35a800de15a9005000370087
:108c98000000eb0040af88004d003700d4c2bf0091
:108ca80001c8b300014060000004e0000e003a0073
:108cb80020b78000e10f50000b003a0020af800081
:108cc8000000e80020af880020af8000e50f5000ca
:108cd800070036000000eb0020af8800de15a80072
:108ce800de35a900020037000000eb0020af880045
:108cf800d4c2bf0001c8b300014060000004e00016
:108d08001300320020b78000e20f50001000360038
:108d180020b78000ea0f50000d003e0060af8000d1
:108d28000000e80060af880060af8000e50f5000e9
:108d3800090036000000eb0060af8800de35a800af
:108d4800de15a9000000eb0030b8880002003700eb
:108d58000000eb0060af8800f0ae800061006000aa
:108d68000000e0000b0032000000eb0020af88009c
:108d780030af80000000e80030af880030af8000de
:108d8800e50f5000030036000000eb0030af88000c
:108d9800de15a900f0ae8000620060000000e0006f
:108da8000b0032000000eb0060af880070af80005d
:108db8000000e80070af880070af8000e50f500039
:108dc800030036000000eb0070af8800de35a90014
:108dd800f0ae8000610060000000e0000b0032008f
:108de8000000eb0000af880010af80000000e80032
:108df80010af880010af8000e50f50000300360068
:108e08000000eb0010af8800de15a900f0ae80006e
:108e1800620060000000e0000b0032000000eb0080
:108e280040af880050af80000000e80050af8800d5
:108e380050af8000ea0f5000030036000000eb003e
:108e480050af8800de35a900e0c2bf006240600074
:108e58000004e0000c003a000000eb0090af88002e
:108e680080af80000000e80080af880080af8000fd
:108e7800e50f50000f0036006000200080af88002a
:108e8800de55a8000b0037000000eb0080af88001b
:108e980090af80000000e80090af880090af80009d
:108ea800e50f5000030036006000200090af8800f6
:108eb800de55a900e6c2bf00624060000004e00081
:108ec8000c003a000000eb00b0af8800a0af8000b3
:108ed8000000e800a0af8800a0af8000ea0f5000b3
:108ee8000f003600b0002000a0af8800de75a80093
:108ef8000b0037000000eb00a0af8800b0af800087
:108f08000000e800b0af8800b0af8000ea0f500062
:108f180003003600b0002000b0af8800de75a9005d
:108f2800e6c2bf00614060000004e0000c003a00a7
:108f38000000eb00d0af8800c0af80000000e80060
:108f4800c0af8800c0af8000e50f50000f003600aa
:108f580060002000c0af8800de95a8000b00370035
:108f68000000eb00c0af8800d0af80000000e80030
:108f7800d0af8800d0af8000e50f50000300360066
:108f880060002000d0af8800de95a900cfc2bf00e6
:108f98000042b2000004e00011003a00a07c80000a
:108fa80001802000010060000000e0000c00320099
:108fb8000000eb00f0af8800e0af80000000e800a0
:108fc800e0af8800e0af8000e50f500018003600e1
:108fd80060002000e0af880024f3a80014003700e8
:108fe800cfc2bf000042b2000004e000100032000f
:108ff800a07c800001802000010060000000e000eb
:109008000b0032000000eb00e0af8800f0af8000fa
:109018000000e800f0af8800f0af8000e50f5000d6
:109028000300360060002000f0af880024f3a90098
:10903800cfc2bf000044b2000004e0000c003a00b8
:109048000000eb0010b0880000b080000000e800cd
:1090580000b0880000b08000e50f50000f00360017
:109068006000200000b08800ded5a8000b003700a3
:109078000000eb0000b0880010b080000000e8009d
:1090880010b0880010b08000e50f500003003600d3
:109098006000200010b08800ded5a900c8c2bf005b
:1090a800644060000004e0000c003a000000eb009f
:1090b80030b0880020b080000000e80020b08800b0
:1090c80020b08000e20f50000f0036003000200072
:1090d80020b08800def5a8000b0037000000eb0088
:1090e80020b0880030b080000000e80030b0880070
:1090f80030b08000e20f500003003600300020003e
:1091080030b08800def5a900f0ae80006200600093
:109118000000e00001003200de15a9002088800070
:109128000000e00008003a00a0ae80006140600046
:10913800c700dd00e8c2bf000074a1000140700054
:10914800e8e2b7004800370020888000e10f5000af
:109158000a003a00e9c2bf000080fb004400de00bc
:1091680061406000c700dd00e8c2bf000074a100d4
:1091780001407000e8e2b7003b003700208880001b
:10918800e20f500009003a00f0ae80004300de0014
:1091980061406000c700dd00e8c2bf000074a100a4
:1091a80001407000e8e2b7002f00370020888000f7
:1091b800e30f50000a003a00d0c2bf000080fb0055
:1091c8004200de0061406000c700dd00e8c2bf0069
:1091d8000074a10001407000e8e2b70022003700e7
:1091e80020888000e40f500008003a00c0ae8000dc
:1091f80061406000c700dd00e8c2bf000074a10044
:1092080001407000e8e2b7001700370020888000ae
:10921800e50f500009003a0080b580004400de00e8
:1092280061406000c700dd00e8c2bf000074a10013
:1092380001407000e8e2b7000b003700208880008a
:10924800e60f500008003a0080b580004500de00b7
:1092580061406000c700dd00e8c2bf000074a100e3
:1092680001407000e8e2b700308880000000e000ac
:109278000c003a00d0c2bf000080fb004200de00b4
:109288006140600061416000912e200091407800ab
:10929800e0cfb30000c0600002407000e9e2b70010
:1092a8005200370030888000e10f50000a003a0071
:1092b800a0ae80006140600061416000912e2000f6
:1092c80091407800e0cfb30000c060000240700019
:1092d800e9e2b7004500370030888000e20f50000f
:1092e8000c003a00e9c2bf000080fb004400de0029
:1092f8006140600061416000912e2000914078003b
:10930800e0cfb30000c0600002407000e9e2b7009f
:109318003600370030888000e30f50000b003a0019
:10932800f0ae80004300de006140600061416000f3
:10933800912e200091407800e0cfb30000c060007b
:1093480002407000e9e2b70028003700308880004a
:10935800e40f50000a003a00c0ae8000614060008f
:1093680061416000912e200091407800e0cfb30069
:1093780000c0600002407000e9e2b7001b0037003f
:1093880030888000e50f50000b003a0080b580005f
:109398004400de006140600061416000912e2000c1
:1093a80091407800e0cfb30000c060000240700038
:1093b800e9e2b7000d00370030888000e60f500062
:1093c8000a003a0080b580004500de006140600078
:1093d80061416000912e200091407800e0cfb300f9
:1093e80000c0600002407000e9e2b70040888000d9
:1093f8000000e0000b003a00c0ae80006140600051
:109408006140600000414000912e200091407800aa
:10941800d0cfb30000c0600002407000e9e2b7009e
:109428005a00370040888000e10f50000b003a00d6
:10943800a0ae8000614060006140600000414000d3
:10944800912e200091407800d0cfb30000c060007a
:1094580002407000e9e2b7004c0037004088800005
:10946800e20f50000d003a00e9c2bf000080fb0087
:109478004400de006140600061406000004140003f
:10948800912e200091407800d0cfb30000c060003a
:1094980002407000e9e2b7003c00370040888000d5
:1094a800e30f50000c003a00f0ae80004300de00ed
:1094b800614060006140600000414000912e200042
:1094c80091407800d0cfb30000c060000240700027
:1094d800e9e2b7002d00370040888000e40f500013
:1094e8000d003a00d0c2bf000080fb004200de0041
:1094f800614060006140600000414000912e200002
:1095080091407800d0cfb30000c0600002407000e6
:10951800e9e2b7001d00370040888000e50f5000e1
:109528000c003a0080b580004400de006140600015
:109538006140600000414000912e20009140780079
:10954800d0cfb30000c0600002407000e9e2b7006d
:109558000e00370040888000e60f50000b003a00ec
:1095680080b580004500de00614060006140600019
:1095780000414000912e200091407800d0cfb300e8
:1095880000c0600002407000e9e2b7005088800027
:109598000000e0000c003a00f0ae80004300de005e
:1095a80061406000614060004601dd00812e2000be
:1095b80091407800f0cbb30000c06000024070001a
:1095c800e8e2b7005900370050888000e10f5000ea
:1095d8000b003a00a0ae800061406000614060006e
:1095e8004601dd00812e200091407800f0cbb300c9
:1095f80000c0600002407000e8e2b7004b0037008e
:1096080050888000e20f50000d003a00e9c2bf0008
:109618000080fb004400de006140600061406000a3
:109628004601dd00812e200091407800f0cbb30088
:1096380000c0600002407000e8e2b7003b0037005d
:1096480050888000e30f50000d003a00d0c2bf00e0
:109658000080fb004200de00614060006140600065
:109668004601dd00812e200091407800f0cbb30048
:1096780000c0600002407000e8e2b7002b0037002d
:1096880050888000e40f50000b003a00c0ae800004
:1096980061406000614060004601dd00812e2000cd
:1096a80091407800f0cbb30000c060000240700029
:1096b800e8e2b7001d00370050888000e50f500031
:1096c8000c003a0080b580004400de006140600074
:1096d800614060004601dd00812e20009140780045
:1096e800f0cbb30000c0600002407000e8e2b700b1
:1096f8000e00370050888000e60f50000b003a003b
:1097080080b580004500de00614060006140600077
:109718004601dd00812e200091407800f0cbb30097
:1097280000c0600002407000e8e2b70080b5800029
:10973800700060000000e0000900320040b08000c6
:109748000000e80040b0880040b08000f40f5000ee
:10975800030036000000eb0040b08800b096a90076
:1097680080b5800001022000010060000000e000d8
:109778000900320050b080000000e80050b08800b6
:1097880050b08000f40f5000030036000000eb00da
:1097980050b08800b0b6a9000080fa0000000600aa
:1097a8000000fa00889fbe008a9fbe00948a80004d
:1097b800a58a8000f08e80006101b8000400be0018
:1097c800d5da0700e3da07000ddb070041db070005
:1097d800708c8800818c8800848b8000958b800039
:1097e800f08e80006101b8000400be00cada0700ec
:1097f800d8da070002db070036db0700908c880008
:10980800a18c8800a48b8000b58b8000f08e80002e
:109818006101b8000400be00bfda0700cdda070016
:10982800f7da07002bdb0700b08c8800c18c8800b2
:10983800b48a8000c58a8000f08e80006101b8007b
:109848000400be00b4da0700c2da0700ecda070049
:1098580020db0700d08c8800e18c8800f48a800027
:10986800058b8000f08e80006101b8000400be0006
:10987800a9da0700b7da0700e1da070015db070005
:10988800108d8800218d8800d48a8000e58a8000a8
:10989800f08e80006101b8000400be009eda070067
:1098a800acda0700d6da07000adb0700f08c88007c
:1098b800018d8800148b8000258b8000f08e80003d
:1098c8006101b8000400be0093da0700a1da0700be
:1098d800cbda0700ffda0700308d8800418d880059
:1098e800d08c8000e18c800000017800708c8000b2
:1098f800818c80000280b900508d8800618d8800bd
:10990800408b8000518b800092da07000005be0072
:10991800f08e80006104b800568d8000678d80004d
:109928008800780006007800000ab80007c0b9006f
:10993800050178000001410009b0b90000014100ab
:10994800820278000400be0082da07000001be002f
:109958000a00be0000db0700908d8800a18d8800fa
:10996800908d8000a18d800002002000832c2400af
:109978003bdb0700d7da0700108e880021818000c2
:1099880080888000808f500008003e003181800070
:1099980080888000808f500004003e004181800054
:1099a80080888000808f500013003600b07c8000d3
:1099b80001002400010060000000e0000e003200f9
:1099c800008e80000000e00009003d0050b68000d5
:1099d8000000e80050b6880051b68000400620001c
:1099e800808f500004003600930fa8000200370053
:1099f8000000eb0050b68800108e8000e10f500088
:109a08003e00340020b78000e30f50003b003a00ce
:109a180010828000610060000000e00037003a001a
:109a280050828000e10f500002003a00108e800042
:109a3800f08d8800118e8000f08d8000808f50009e
:109a480002003d00108e8000f08d8800118e80008d
:109a5800e08d8000808f500002003400108e80005e
:109a6800e08d880021818000708e8000808f5000fa
:109a78001400360020818000708e8800f0808000fd
:109a8800908e8800818e8000908e8000008050002b
:109a9800a08e8800a18e8000400620000008b80033
:109aa800a08e8800828e8000a08e80000100200099
:109ab800811f7800110009004288d800cf00780083
:109ac800a08e880041818000708e8000808f5000b9
:109ad8000200360040818000708e8800518280002c
:109ae800608e8000808f500002003200508280001b
:109af800608e8800108e8000008e8800d08c8000d8
:109b0800e18c800080007800c08b80000100b800e4
:109b180080b6880091b6880080b6800091b6800033
:109b2800d2042000811f7800110009004288d80063
:109b3800cf00780020818800f08c8000018d8000a3
:109b480080007800c08b80000100b80080b68800d3
:109b580091b6880080b6800091b68000d2042000bb
:109b6800811f7800110009004288d800cf007800d2
:109b780030818800108d8000218d80008000780061
:109b8800c08b80000100b80080b6880091b68800bc
:109b980080b6800091b68000d2042000811f780032
:109ba800110009004288d800cf0078004081880061
:109bb800308d8000418d800080007800f08b80001f
:109bc8000100b80080b6880091b6880080b6800091
:109bd80091b68000d2042000811f7800110009008e
:109be8004288d800cf00780050818800208180000a
:109bf8006043880030818000704388004081800085
:109c080080438800708c8000818c80008000780000
:109c1800d08b80000100b80080b6880091b688001b
:109c280080b6800091b68000c2302000811f780085
:109c3800110009004288d800cf007800f080880021
:109c4800f080800000818800f0808000108188000a
:109c58000000eb0070818800218f8000a013200095
:109c68000100b80080b6880091b6880080b68000f0
:109c780091b6800012702200811f7800110009003f
:109c88004288d800cf007800608188004f05be0068
:109c98004f04be000080fa00000006000000fa0031
:109ca80020b78000e30f50004c013a00108280007a
:109cb80001102000010060000000e00047013a00a8
:109cc8002181800080888000808f500008003e003d
:109cd8003181800080888000808f500004003e0021
:109ce8004181800080888000808f5000010036000c
:109cf80042d0a80020818000f0838800f183800092
:109d08000084800000805000108488000184800056
:109d1800f08380000080500030848800f083800049
:109d2800008488002181800080888000808f500016
:109d38000e00360010828000680060000000e0001d
:109d48000a003a00408f8000800078007087800009
:109d5800808f500004003100408f80000000e80030
:109d6800408f8800010037004270a80010828000f0
:109d7800680060000000e0007f0032002081800061
:109d8800618f8000810f5000030036002081800021
:109d9800608f88007800370020818000618f800004
:109da800810f50007400310010828000680060004c
:109db8000000e00070003200f180800020032000e5
:109dc800808f50006c003600608f80000080d100ca
:109dd800a0b6880021818000a0b68000808f500046
:109de80031003100a07c80000102200001006000e9
:109df8000000e0002c003a0060b680000000e80097
:109e080060b6880060b68000e20f50005a00360045
:109e180090ad2000c0b68800428380005383800044
:109e28000088800011888000800f5100818f5900c0
:109e38000b003600428380005383800071838000ca
:109e4800e08480000008dd000100200000005100cf
:109e580081805900408388005183880004003700be
:109e68000088800011888000408388005183880022
:109e780030b680000000e80030b6880071868000a7
:109e880030b68000808f50003b003100b07c8000ed
:109e980001002400010060000000e00036003a00e4
:109ea8004210a8003400370021818000808880009b
:109eb800808f500020003100a07c8000010220002b
:109ec800010060000000e0001b003200f08080000c
:109ed800f40f50001800360030b680000000e8008b
:109ee80030b6880030b68000e20f50000600360019
:109ef800b07c800001002400010060000000e00048
:109f080001003a004210a800008e8000800078000e
:109f180060858000808f500017003900b07c800079
:109f280001002400010060000000e000120032007f
:109f38004210a80010003700008e800080007800d2
:109f480060858000808f500007003900b07c800059
:109f580001002400010060000000e000020032005f
:109f68004210a800040037000000eb0030b688005b
:109f78000000eb0060b68800418180008088800086
:109f8800808f50000f0036001082800001022000f0
:109f9800010060000000e0000a003a00c08f800065
:109fa8008000780070878000808f500004003100a6
:109fb800c08f80000000e800c08f880001003700d3
:109fc80042b0a80010828000010220000100600059
:109fd8000000e0008f00320040818000e18f8000a7
:109fe800810f50000300360040818000e08f880018
:109ff8008800370040818000e18f8000810f500089
:10a0080084003100108280000102200001006000fd
:10a018000000e0007f003200118180002003200052
:10a02800808f50007b003600e08f80000080d100d8
:10a03800a0b6880041818000a0b68000808f5000c3
:10a0480031003100a07c8000010220000100600086
:10a058000000e0002c003a0070b680000000e80024
:10a0680070b6880070b68000e20f500069003600b4
:10a0780090ad2000c0b688004283800053838000e2
:10a088000088800011888000800f5100818f59005e
:10a098000b00360042838000538380007183800068
:10a0a800e08480000008dd0001002000000051006d
:10a0b800818059004083880051838800040037005c
:10a0c80000888000118880004083880051838800c0
:10a0d80040b680000000e80040b688007186800025
:10a0e80040b68000808f50004a003100b07c80006c
:10a0f80001002400010060000000e00045003a0073
:10a108004210a80043003700418180008088800009
:10a11800808f500020003100a07c800001022000c8
:10a12800010060000000e0001b003200f0808000a9
:10a13800f40f50001800360040b680000000e80018
:10a1480040b6880040b68000e20f50000600360096
:10a15800b07c800001002400010060000000e000e5
:10a1680001003a004210a800008e800080007800ac
:10a1780060858000808f500026003900b07c800008
:10a1880001002400010060000000e000210032000e
:10a198004210a8001f003700008e80008000780061
:10a1a80060858000808f500007003900b07c8000f7
:10a1b80001002400010060000000e00002003200fd
:10a1c8004210a800130037000000eb0040b68800da
:10a1d8000000eb0070b688000e0037000000eb00ae
:10a1e800408f88000000eb00c08f88004270a900f3
:10a1f80042b0a9000000eb0060b688000000eb0048
:10a2080070b688000000eb00608f88000000eb004b
:10a21800e08f88000080fa00000006000000fa00c5
:10a228000080eb0040158800a902a900a922a90016
:10a23800a942a900a962a900a982a900a9a2a90006
:10a24800a9c2a900a9e2a9000000eb001015880026
:10a25800a3c2bf007f40600001c6b3000140700088
:10a26800a3e2b700a342a800212a20009140780069
:10a2780030ccb30000c06000c041b300a2e2b70018
:10a28800a222a900a202a9000000eb002015880064
:10a29800512a20009140780000ceb30000c0600031
:10a2a800b040b300a5e2b700a4e2a900412a20000b
:10a2b8009140780000ccb30000c06000f041b300ca
:10a2c800a4e2b7000000eb0030158800612a2000e6
:10a2d8009140780000cfb30000c060000034a000b7
:10a2e800a6e2b700a682a9000000eb00501588007e
:10a2f800ab02a800ab22a800ab42a800ab62a80042
:10a30800ab82a800aba2a800abc2a800abe2a80031
:10a318000000eb0000158800112a20009140780009
:10a32800c0cfb30000c060000004a000a1e2b700e5
:10a33800012a20009140780000ceb30000c07000d0
:10a34800a0e2b700a042a800a1e2a800910920005d
:10a3580091407800f0c8b30000c0600001c5b300a8
:10a368000140700099e0b7008560a9008d60a800e1
:10a378000000eb00408a88000080fa000000060018
:10a388003600f800809fbe00829fbe003400f800af
:10a3980000002000a00188004e00fa0040012000c3
:10a3a800000f7800418a8000e08e8000808f500086
:10a3b8000e003e00408a80000000e800408a8800c5
:10a3c800401480000000e000080032009e00780081
:10a3d80040148000808f5000040036004014800034
:10a3e800000f78001e007800b08e880000148000ee
:10a3f800408c880010148000508c8800408c8000ad
:10a408008000ea00508c800000805000608c88003a
:10a4180030148000308c880040148000008c880044
:10a42800008c80000000e00005003400008c8000f3
:10a43800b18e800001005000008c880004003700b5
:10a44800008c8000b18e800001005000008c8800d4
:10a4580060148000208c8800208c80000000e000c0
:10a4680005003400208c8000b18e8000010050006f
:10a47800208c880004003700208c8000b18e80007a
:10a4880001005000208c8800008c80008000ea00c9
:10a49800208c800000805000108c88007014800090
:10a4a800308b8800318b80000080200000804000c5
:10a4b800308b8800028f8000138f8000308b8000e3
:10a4c800cf80de000200400083804800008f8800b3
:10a4d800118f8800518a8000f08e800080805000a3
:10a4e800e08e800000804000e28e800011000900ac
:10a4f8000280d8008000fd0060279800e18e80006f
:10a508006e2090000080400064005000e28e8000c1
:10a51800110009000280d8008000fd005027980033
:10a52800518a8000e08e8000008040006400500066
:10a53800e28e8000110009000280d8008000fd0032
:10a5480040279800518a8000e08e800000804000fb
:10a558000000e900e28e8000110009000280d800a6
:10a568008000fd0020279800508a8000428c8000df
:10a57800800040002087200000804000020878000a
:10a58800508a800080004000208720000080400022
:10a5980010017800508a8000800040002087200049
:10a5a80000804000100078000280b900701f9800f9
:10a5b800012798006e20900080004000208720002e
:10a5c80000804000100178006e209000800040005c
:10a5d8002087200000804000100078000280b90029
:10a5e800501f9800611f9800928a8000a38a8000fb
:10a5f8007e1890008e209000020140008381480060
:10a608005e189000ee1890000000510081805900fb
:10a61800908a8800a18a8800508a8000528c800025
:10a6280080004000c09320000080400002087800ad
:10a63800508a800080004000c093200000804000c5
:10a6480010017800508a800080004000c0932000ec
:10a6580000804000100078000280b900301f980088
:10a66800411f98006e20900080004000c093200099
:10a6780000804000100178006e20900080004000ab
:10a68800c093200000804000100078000280b900cc
:10a69800101f9800211f9800828b8000938b8000e8
:10a6a8003e189000ce1890000201400083814800b7
:10a6b8001e189000ae1890000000510081805900cb
:10a6c800808b8800918b8800508a8000628c800083
:10a6d8008000400060a02000008040000208780050
:10a6e800508a80008000400060a020000080400068
:10a6f80010017800508a80008000400060a020008f
:10a7080000804000100078000280b900701798009f
:10a71800011f98006e2090008000400060a020007b
:10a7280000804000100178006e20900080004000fa
:10a7380060a0200000804000100078000280b9006e
:10a748005017980061179800a28b8000b38b800087
:10a758007e1090008e18900002014000838148000e
:10a768005e109000ee1090000000510081805900aa
:10a77800a08b8800b18b8800508a8000028c8000f2
:10a788008000400000ad20000080400002087800f2
:10a79800508a80008000400000ad2000008040000a
:10a7a80010017800508a80008000400000ad200031
:10a7b80000804000100078000280b900301798002f
:10a7c800411798006e2090008000400000ad2000e6
:10a7d80000804000100178006e209000800040004a
:10a7e80000ad200000804000100078000280b90011
:10a7f8001017980021179800b28a8000c38a800039
:10a808003e109000ce109000020140008381480065
:10a818001e109000ae109000000051008180590079
:10a82800b08a8800c18a8800508a8000228c800003
:10a838008000400040c620000080400002087800e8
:10a84800508a80008000400040c620000080400000
:10a8580010017800508a80008000400040c6200027
:10a8680000804000100078000280b900300f980086
:10a87800410f98006e2090008000400040c62000e4
:10a8880000804000100178006e2090008000400099
:10a8980040c6200000804000100078000280b90007
:10a8a800100f9800210f9800f28a8000038b800017
:10a8b8003e089000ce0890000201400083814800c5
:10a8c8001e089000ae0890000000510081805900d9
:10a8d800f08a8800018b8800508a8000128c8000e2
:10a8e80080004000a0b920000080400002087800e5
:10a8f800508a800080004000a0b9200000804000fd
:10a9080010017800508a800080004000a0b9200023
:10a9180000804000100078000280b900700f980095
:10a92800011798006e20900080004000a0b9200018
:10a9380000804000100178006e20900080004000e8
:10a94800a0b9200000804000100078000280b90003
:10a95800500f9800610f9800d28a8000e38a800027
:10a968007e0890008e10900002014000838148000c
:10a978005e089000ee0890000000510081805900a8
:10a98800d08a8800e18a8800b17c8000008020009d
:10a99800008060000000e00005003a00b07c800004
:10a9a80001042000010060000000e0002c003200db
:10a9b800508a8000328c800080004000e0d2200065
:10a9c8000080400002087800508a80008000400023
:10a9d800e0d220000080400010017800508a8000fa
:10a9e80080004000e0d22000008040001000780085
:10a9f8000280b90070079800010f98006e2090003f
:10aa080080004000e0d22000008040001001780063
:10aa18006e20900080004000e0d2200000804000be
:10aa2800100078000280b90050079800610798006c
:10aa3800128b8000238b80007e0090008e0890008f
:10aa480002014000838148005e009000ee00900003
:10aa58000000510081805900108b8800218b8800ec
:10aa6800a07c800001102000010060000000e000d0
:10aa78002e003a00508a80008000400000ad20007f
:10aa880000804000100178004e20900080004000b7
:10aa98002087200000804000100078000280b90064
:10aaa8003007980041079800508a8000c200dd00f6
:10aab80080df2000008040003e019000ce01900021
:10aac8000288be006e2090008000400000ad20008b
:10aad80000804000100178005e2090008000400057
:10aae8002087200000804000100078000280b90014
:10aaf8001007980021079800428b8000538b800034
:10ab08003e009000ce009000020140008381480082
:10ab18001e009000ae009000000051008180590096
:10ab2800408b8800518b88002d0037004e20900004
:10ab38008000400000ad2000008040001001780037
:10ab4800508a80008000400020872000008040005c
:10ab5800100078000280b90030079800410798007b
:10ab6800508a8000c200dd0080df200000804000a5
:10ab78003e019000ce0190000288be005e20900049
:10ab88008000400000ad20000080400010017800e7
:10ab98006e20900080004000208720000080400048
:10aba800100078000280b90010079800210798006b
:10abb800428b8000538b80003e009000ce009000b6
:10abc80002014000838148001e009000ae00900002
:10abd8000000510081805900408b8800518b88000b
:10abe800508a80000000e800508a8800518a80005e
:10abf800e08e8000808f50000d003900e28e8000ca
:10ac0800008f8000118f8000811f780011000900db
:10ac18004288d800cf007800208f88006000b800f4
:10ac2800008f8800118f88000000eb00508a880090
:10ac38008560a9000080fa003400f9004f01be00c9
:10ac48004f00be003600f900004006000000fa0080
:10ac58000dd2bf000004e000070032000cd2bf0094
:10ac68000004e0000d003a0010c0b3000cf2b70079
:10ac78001fe1a800090037000dd2bf000004e00062
:10ac880006003a000cd2bf000004e00003003200c6
:10ac98000040eb000cf2b7001fe1a9000080fa00a9
:10aca800000006000000fa000bd2bf000004e0001c
:10acb80006003a0010c0b3000df2b700e3ff07002a
:10acc8000040eb008cefb700090037008ccfbf00c5
:10acd8000040e8008cefb7000cd2bf000004e00091
:10ace800030032000040eb000df2b700d7ff070069
:10acf8000080fa00000006000200fa003001070098
:10ad080040c7bf00624060000004e000fcff320062
:10ad18003ee10700bfe50700e5e50700b5e60700e7
:10ad28003efd070099e607007adf07009feb070062
:10ad3800fee5070090028000000f7800ff3ffc004e
:10ad480042c0bf007f40600001c6b30001407000f0
:10ad580042e0b7001e00780090028800a0848000be
:10ad680010898800000037000060fe00a0b780004e
:10ad7800610060000000e00001003200f416a90044
:10ad8800a0b7800001042000010060000000e0007e
:10ad980022003200f4d6a900dcf007002cef0700ef
:10ada800ccee070020b78000e30f500004003a0003
:10adb800b07c8000680060000000e00008003a00f5
:10adc80020b78000e40f500006003a00b07c8000f5
:10add80001402000010060000000e0000100320096
:10ade8001df0070080f70700817c8000a0aa2a00d8
:10adf800808f500008003a00608280000000e00068
:10ae080005003a00f0808000fd0f500002003e006f
:10ae180042f0a8000100370042f0a900a0b7800066
:10ae2800620060000000e00001003200f436a90072
:10ae3800a0b78000640060000000e000caff320094
:10ae480057fa070095fb07001082800001082000d0
:10ae5800010060000000e00001003a00bef00700b9
:10ae6800e4f1070020b78000ec0f500001003a0021
:10ae7800baf6070020b78000f20f500001003a0030
:10ae880018f70700c8ed070022ee0700f456a900de
:10ae98000cec070002d707001dd70700e5e90700fb
:10aea80041ed070020b78000e30f5000aeff3a00e5
:10aeb800adf40700acff37003200f80090018800bd
:10aec8006118e100040032007018e100020032004d
:10aed800f0ff2f00030037003119ba008301e900a1
:10aee800fdff3a003200f90000000600849fbe0012
:10aef8004220a900440424006110e1000a00320045
:10af0800540424007010e100070032006404240097
:10af1800f5ff2f000510e10003003200f0ff2f00bd
:10af28004f02be00000006003200f800203b8800f7
:10af3800113b8800043b88004200f800000e200006
:10af48004220b70050052000303b8800a00a2000ae
:10af5800303b880061e7a800000000000000000006
:10af680061e7af00feff37000000eb004200f90088
:10af78003200f9004f02be0000000600841f78006e
:10af88004220a900440024006118e10006003200b4
:10af9800540024007018e100030032004f027800ca
:10afa800f0ff2f00000006003200f8009101880031
:10afb800821f78003019bb008301e900fdff3a00c9
:10afc800213b88004f017800123b8800043b880031
:10afd8004200f800000e20004220b7005005200073
:10afe800303b8800a00a2000303b880061e7a800b9
:10aff800000000000000000061e7af00feff37001e
:10b008000000eb004200f9003200f9004f0278001e
:04b01800000006002e
:020000040000fa
:10b01c0010170000020000000200000000000000f9
:10b02c00500800003c07000000000000c61600009d
:10b03c0014000000000000000017000006000000d3
:10b04c0000000000121700000200000000000000c9
:10b05c0006170000060000000200000000000000bf
:10b06c0000000000d4150000680000000000000083
:10b07c008c0f000098030000000000001417000063
:10b08c00020000000200000000000000e8160000b2
:10b09c000c00000002000000000000000000000096
:10b0ac000000000000000000921600001e000000ce
:10b0bc00000000000c17000004000000020000005b
:10b0cc00050d0000000000003c16000056000000ba
:10b0dc0000000000da1600000e0000000200000064
:10b0ec000000000000000000000000000000000054
:10b0fc0000000000b0160000160000000000000068
:10b10c001617000002000000020000000000000002
:10b11c00f41600000c00000000000000cc1400002d
:10b12c00080100000000000024130000a80100002a
:10b13c0000000000181700000200000000000000d2
:04b14c0000000000ff
:020000040000fa
:10b150000000fa000000eb0000b88800050037008e
:10b16000000000000000000000b880000000e800bf
:10b1700000b8880001b88000f0f32100808f5000f3
:10b18000f7ff36000080fa00000006000000fa0019
:10b190000000eb0020b8880005003700ecff070036
:10b1a00093f6070020b880000000e80020b888006f
:10b1b00021b88000b0122000808f5000f7ff3600c9
:10b1c0000080fa00000006000000fa000000eb001a
:10b1d00010b888000a003700ddff0700a0b7800024
:10b1e000640060000000e00002003200f456a90094
:10b1f00049d6070010b880000000e80010b88800a9
:10b2000010b88000e50f5000f3ff36000080fa0010
:04b210000000060034
:020000040000fa
:04b214000000fe0038
:020000040000fa
:0200000400fffb
:10f80000180000003c0000005e010000390000000c
:10f8100002000000640000002c0100003f00000016
:10f8200000000000f401000032000000230000008e
:10f83000280000003c000000780000005500000097
:10f8400046000000140000000000000088130000c3
:10f85000401f0000c8190000040000000100000063
:10f8600002000000320000000100000080250000be
:10f870004b000000000200003700000028000000dc
:10f880001500000019000000220000002300000005
:10f89000230000000500000003000000e803000052
:10f8a0002c0100002c010000030000000a000000f1
:10f8b0007017000032000000f40100000a00000090
:10f8c00064000000030000005f000000140000005e
:10f8d0000a0000001e0000000a00000032000000c4
:10f8e0000000000000000000000000000000000018
:10f8f0008200000041000000000000000000000045
:10f9000000000000000000000000000000000000f7
:10f9100000000000000000000000000000000000e7
:10f9200000000000000000000000000000000000d7
:10f9300000000000000000000000000000000000c7
:10f9400000000000000000000000000000000000b7
:10f9500000000000000000000000000000000000a7
:10f960000000000000000000000000000000000097
:10f970000000000000000000000000000000000087
:10f980000000000000000000000000000000000077
:10f990000000000000000000000000000000000067
:10f9a0000000000000000000000000000000000057
:10f9b0000000000000000000000000000000000047
:10f9c0000000000000000000000000000000000037
:10f9d0000000000000000000000000000000000027
:10f9e0000000000000000000000000000000000017
:10f9f0000000000000000000000000000000000007
:00000001FF
